{"notionLogo":"./data/hungary/teams-1886-180.png","notionName":"匈牙利","players":[{"left":"-1.4%","top":"2.5%","img":"./data/hungary/players-236-772-22_180.png","href":"/player/236772/dominik-szoboszlai/","defaultimg":"https://cdn.sofifa.net/players/notfound_0_60.png","name":"Szoboszlai","teamlogo":"./data/hungary/teams-112172-180.png","pac":79,"sho":79,"pas":81,"dri":80,"def":34,"phy":64,"rating":"79","pos":"CAM"},{"left":"35.956%","top":"-2.5%","img":"./data/hungary/players-184-789-22_180.png","href":"/player/184789/adam-szalai/","defaultimg":"https://cdn.sofifa.net/players/notfound_0_60.png","name":"Szalai","teamlogo":"./data/hungary/teams-896-180.png","pac":33,"sho":72,"pas":58,"dri":63,"def":43,"phy":77,"rating":"71","pos":"ST"},{"left":"73.4%","top":"2.5%","img":"./data/hungary/players-234-171-22_180.png","href":"/player/234171/roland-sallai/","defaultimg":"https://cdn.sofifa.net/players/notfound_0_60.png","name":"Sallai","teamlogo":"./data/hungary/teams-25-180.png","pac":71,"sho":70,"pas":71,"dri":78,"def":37,"phy":61,"rating":"76","pos":"RM"},{"left":"22.8%","top":"33.75%","img":"./data/hungary/players-247-026-22_180.png","href":"/player/247026/andras-schafer/","defaultimg":"https://cdn.sofifa.net/players/notfound_0_60.png","name":"Schäfer","teamlogo":"./data/hungary/teams-1831-180.png","pac":72,"sho":61,"pas":65,"dri":69,"def":62,"phy":59,"rating":"69","pos":"CM"},{"left":"49.2%","top":"33.75%","img":"./data/hungary/players-230-936-22_180.png","href":"/player/230936/adam-nagy/","defaultimg":"https://cdn.sofifa.net/players/notfound_0_60.png","name":"Nagy","teamlogo":"./data/hungary/teams-1886-180.png","pac":68,"sho":54,"pas":69,"dri":73,"def":68,"phy":59,"rating":"71","pos":"CDM"},{"left":"-1.4%","top":"57.5%","img":"./data/hungary/players-234-087-22_180.png","href":"/player/234087/callum-styles/","defaultimg":"https://cdn.sofifa.net/players/notfound_0_60.png","name":"Styles","teamlogo":"./data/hungary/teams-1932-180.png","pac":69,"sho":59,"pas":63,"dri":71,"def":65,"phy":65,"rating":"70","pos":"LWB"},{"left":"17.3%","top":"67.5%","img":"./data/hungary/players-253-170-22_180.png","href":"/player/253170/attila-szalai/","defaultimg":"https://cdn.sofifa.net/players/notfound_0_60.png","name":"Szalai","teamlogo":"./data/hungary/teams-326-180.png","pac":73,"sho":44,"pas":62,"dri":61,"def":76,"phy":83,"rating":"76","pos":"CB"},{"left":"36%","top":"67.5%","img":"./data/hungary/players-204-638-22_180.png","href":"/player/204638/willi-orban/","defaultimg":"https://cdn.sofifa.net/players/notfound_0_60.png","name":"Orban","teamlogo":"./data/hungary/teams-112172-180.png","pac":53,"sho":36,"pas":52,"dri":55,"def":84,"phy":80,"rating":"81","pos":"CB"},{"left":"54.7%","top":"67.5%","img":"./data/hungary/players-201-707-22_180.png","href":"/player/201707/attila-fiola/","defaultimg":"https://cdn.sofifa.net/players/notfound_0_60.png","name":"Fiola","teamlogo":"./data/hungary/teams-1886-180.png","pac":70,"sho":39,"pas":57,"dri":60,"def":67,"phy":68,"rating":"69","pos":"RB"},{"left":"73.4%","top":"57.5%","img":"./data/hungary/players-188-537-22_180.png","href":"/player/188537/loic-nego/","defaultimg":"https://cdn.sofifa.net/players/notfound_0_60.png","name":"Négo","teamlogo":"./data/hungary/teams-89-180.png","pac":80,"sho":67,"pas":65,"dri":71,"def":63,"phy":67,"rating":"71","pos":"RM"},{"left":"36%","top":"83.25%","img":"./data/hungary/players-185-122-22_180.png","href":"/player/185122/peter-gulacsi/","defaultimg":"https://cdn.sofifa.net/players/notfound_0_60.png","name":"Gulácsi","teamlogo":"./data/hungary/teams-112172-180.png","pac":85,"sho":84,"pas":76,"dri":85,"def":43,"phy":83,"rating":"85","pos":"GK"}],"teamname":"hungary"}