{"notionLogo":"./data/empoli/teams-1746-180.png","notionName":"恩波利","players":[{"left":"26.32%","top":"-2.5%","img":"./data/empoli/players-235-842-22_180.png","href":"/player/235842/andrea-pinamonti/","defaultimg":"https://cdn.sofifa.net/players/notfound_0_60.png","name":"Pinamonti","teamlogo":"./data/empoli/flags-it@3x.png"},{"left":"44.8%","top":"-2.5%","img":"./data/empoli/players-213-814-22_180.png","href":"/player/213814/federico-di-francesco/","defaultimg":"https://cdn.sofifa.net/players/notfound_0_60.png","name":"Di Francesco","teamlogo":"./data/empoli/flags-it@3x.png"},{"left":"36%","top":"18.75%","img":"./data/empoli/players-237-640-22_180.png","href":"/player/237640/nedim-bajrami/","defaultimg":"https://cdn.sofifa.net/players/notfound_0_60.png","name":"Bajrami","teamlogo":"./data/empoli/flags-al@3x.png"},{"left":"21.92%","top":"30%","img":"./data/empoli/players-219-952-22_180.png","href":"/player/219952/liam-henderson/","defaultimg":"https://cdn.sofifa.net/players/notfound_0_60.png","name":"Henderson","teamlogo":"./data/empoli/flags-gb-sct@3x.png"},{"left":"35.4632%","top":"37.5%","img":"./data/empoli/players-264-699-22_180.png","href":"/player/264699/kristjan-asllani/","defaultimg":"https://cdn.sofifa.net/players/notfound_0_60.png","name":"Asllani","teamlogo":"./data/empoli/flags-al@3x.png"},{"left":"50.08%","top":"30%","img":"./data/empoli/players-239-732-22_180.png","href":"/player/239732/szymon-zurkowski/","defaultimg":"https://cdn.sofifa.net/players/notfound_0_60.png","name":"Żurkowski","teamlogo":"./data/empoli/flags-pl@3x.png"},{"left":"-1.4%","top":"65%","img":"./data/empoli/players-258-976-22_180.png","href":"/player/258976/fabiano-parisi/","defaultimg":"https://cdn.sofifa.net/players/notfound_0_60.png","name":"Parisi","teamlogo":"./data/empoli/flags-it@3x.png"},{"left":"21.4008%","top":"67.5%","img":"./data/empoli/players-198-857-22_180.png","href":"/player/198857/simone-romagnoli/","defaultimg":"https://cdn.sofifa.net/players/notfound_0_60.png","name":"Romagnoli","teamlogo":"./data/empoli/flags-it@3x.png"},{"left":"53.0016%","top":"67.5%","img":"./data/empoli/players-220-534-22_180.png","href":"/player/220534/sebastiano-luperto/","defaultimg":"https://cdn.sofifa.net/players/notfound_0_60.png","name":"Luperto","teamlogo":"./data/empoli/flags-it@3x.png"},{"left":"73.4%","top":"65%","img":"./data/empoli/players-225-995-22_180.png","href":"/player/225995/petar-stojanovic/","defaultimg":"https://cdn.sofifa.net/players/notfound_0_60.png","name":"Stojanović","teamlogo":"./data/empoli/flags-si@3x.png"},{"left":"36%","top":"83.25%","img":"./data/empoli/players-240-091-22_180.png","href":"/player/240091/guglielmo-vicario/","defaultimg":"https://cdn.sofifa.net/players/notfound_0_60.png","name":"Vicario","teamlogo":"./data/empoli/flags-it@3x.png"}],"teamname":"empoli"}