{"notionLogo":"./data/vissel/teams-101146-180.png","notionName":"神户胜利船","players":[{"left":"35.956%","top":"-2.5%","img":"./data/vissel/players-191-565-22_180.png","href":"/player/191565/yuya-osako/","defaultimg":"https://cdn.sofifa.net/players/notfound_0_60.png","name":"Ōsako","teamlogo":"./data/vissel/flags-jp@3x.png"},{"left":"35.4632%","top":"22.5%","img":"./data/vissel/players-000-041-22_180.png","href":"/player/41/andres-iniesta-lujan/","defaultimg":"https://cdn.sofifa.net/players/notfound_0_60.png","name":"Iniesta","teamlogo":"./data/vissel/flags-es@3x.png"},{"left":"-3.6%","top":"20%","img":"./data/vissel/players-246-727-22_180.png","href":"/player/246727/koya-yuruki/","defaultimg":"https://cdn.sofifa.net/players/notfound_0_60.png","name":"Yuruki","teamlogo":"./data/vissel/flags-jp@3x.png"},{"left":"75.6%","top":"20%","img":"./data/vissel/players-232-636-22_180.png","href":"/player/232636/ryo-hatsuse/","defaultimg":"https://cdn.sofifa.net/players/notfound_0_60.png","name":"Hatsuse","teamlogo":"./data/vissel/flags-jp@3x.png"},{"left":"22.8%","top":"51.25%","img":"./data/vissel/players-222-987-22_180.png","href":"/player/222987/hotaru-yamaguchi/","defaultimg":"https://cdn.sofifa.net/players/notfound_0_60.png","name":"Yamaguchi","teamlogo":"./data/vissel/flags-jp@3x.png"},{"left":"49.2%","top":"51.25%","img":"./data/vissel/players-235-151-22_180.png","href":"/player/235151/takahiro-ohgihara/","defaultimg":"https://cdn.sofifa.net/players/notfound_0_60.png","name":"Ohgihara","teamlogo":"./data/vissel/flags-jp@3x.png"},{"left":"-1.4%","top":"65%","img":"./data/vissel/players-207-472-22_180.png","href":"/player/207472/gotoku-sakai/","defaultimg":"https://cdn.sofifa.net/players/notfound_0_60.png","name":"Sakai","teamlogo":"./data/vissel/flags-jp@3x.png"},{"left":"21.0312%","top":"69.2%","img":"./data/vissel/players-194-361-22_180.png","href":"/player/194361/tomoaki-makino/","defaultimg":"https://cdn.sofifa.net/players/notfound_0_60.png","name":"Makino","teamlogo":"./data/vissel/flags-jp@3x.png"},{"left":"50.432%","top":"68.78%","img":"./data/vissel/players-254-897-22_180.png","href":"/player/254897/ryuho-kikuchi/","defaultimg":"https://cdn.sofifa.net/players/notfound_0_60.png","name":"Kikuchi","teamlogo":"./data/vissel/flags-jp@3x.png"},{"left":"73.4%","top":"65%","img":"./data/vissel/players-254-847-22_180.png","href":"/player/254847/tetsushi-yamakawa/","defaultimg":"https://cdn.sofifa.net/players/notfound_0_60.png","name":"Yamakawa","teamlogo":"./data/vissel/flags-jp@3x.png"},{"left":"36%","top":"83.25%","img":"./data/vissel/players-241-206-22_180.png","href":"/player/241206/daiya-maekawa/","defaultimg":"https://cdn.sofifa.net/players/notfound_0_60.png","name":"Maekawa","teamlogo":"./data/vissel/flags-jp@3x.png"}],"teamname":"vissel"}