{"notionLogo":"./data/iceland/teams-1341-180.png","notionName":"冰岛","players":[{"left":"0.8%","top":"2.07%","img":"./data/iceland/players-241-474-22_180.png","href":"/player/241474/jon-dagur-thorsteinsson/","defaultimg":"https://cdn.sofifa.net/players/notfound_0_60.png","name":"Þorsteinsson","teamlogo":"./data/iceland/teams-100087-180.png","pac":80,"sho":61,"pas":62,"dri":72,"def":41,"phy":72,"rating":"68","pos":"LW"},{"left":"35.956%","top":"-2.5%","img":"./data/iceland/players-221-553-22_180.png","href":"/player/221553/vidhar-orn-kjartansson/","defaultimg":"https://cdn.sofifa.net/players/notfound_0_60.png","name":"Kjartansson","teamlogo":"./data/iceland/teams-920-180.png","pac":55,"sho":68,"pas":49,"dri":62,"def":29,"phy":63,"rating":"67","pos":"ST"},{"left":"73.4%","top":"2.5%","img":"./data/iceland/players-238-004-22_180.png","href":"/player/238004/albert-gudhmundsson/","defaultimg":"https://cdn.sofifa.net/players/notfound_0_60.png","name":"Guðmundsson","teamlogo":"./data/iceland/teams-110556-180.png","pac":79,"sho":66,"pas":68,"dri":78,"def":34,"phy":67,"rating":"72","pos":"RW"},{"left":"21.92%","top":"30%","img":"./data/iceland/players-246-814-22_180.png","href":"/player/246814/isak-bergmann-johannesson/","defaultimg":"https://cdn.sofifa.net/players/notfound_0_60.png","name":"Jóhannesson","teamlogo":"./data/iceland/teams-819-180.png","pac":73,"sho":61,"pas":67,"dri":69,"def":56,"phy":71,"rating":"67","pos":"CM"},{"left":"35.736%","top":"37.5%","img":"./data/iceland/players-175-789-22_180.png","href":"/player/175789/birkir-bjarnason/","defaultimg":"https://cdn.sofifa.net/players/notfound_0_60.png","name":"Bjarnason","teamlogo":"./data/iceland/teams-101016-180.png","pac":65,"sho":67,"pas":66,"dri":67,"def":62,"phy":74,"rating":"67","pos":"CAM"},{"left":"50.08%","top":"30%","img":"./data/iceland/players-262-551-22_180.png","href":"/player/262551/stefan-teitur-thordarson/","defaultimg":"https://cdn.sofifa.net/players/notfound_0_60.png","name":"Thórdarson","teamlogo":"./data/iceland/teams-270-180.png","pac":64,"sho":56,"pas":59,"dri":63,"def":59,"phy":66,"rating":"64","pos":"CM"},{"left":"-1.4%","top":"65%","img":"./data/iceland/players-208-522-22_180.png","href":"/player/208522/hordhur-magnusson/","defaultimg":"https://cdn.sofifa.net/players/notfound_0_60.png","name":"Magnússon","teamlogo":"./data/iceland/teams-1884-180.png","pac":69,"sho":50,"pas":68,"dri":61,"def":74,"phy":74,"rating":"73","pos":"CB"},{"left":"20.6968%","top":"70%","img":"./data/iceland/players-226-510-22_180.png","href":"/player/226510/daniel-leo-gretarsson/","defaultimg":"https://cdn.sofifa.net/players/notfound_0_60.png","name":"Grétarsson","teamlogo":"./data/iceland/teams-1926-180.png","pac":68,"sho":52,"pas":58,"dri":59,"def":65,"phy":69,"rating":"65","pos":"CB"},{"left":"51.4%","top":"70%","img":"./data/iceland/players-263-658-22_180.png","href":"/player/263658/brynjar-ingi-bjarnason/","defaultimg":"https://cdn.sofifa.net/players/notfound_0_60.png","name":"Bjarnason","teamlogo":"./data/iceland/teams-920-180.png","pac":70,"sho":25,"pas":47,"dri":42,"def":65,"phy":70,"rating":"65","pos":"CB"},{"left":"73.4%","top":"65%","img":"./data/iceland/players-237-511-22_180.png","href":"/player/237511/alfons-sampsted/","defaultimg":"https://cdn.sofifa.net/players/notfound_0_60.png","name":"Sampsted","teamlogo":"./data/iceland/teams-918-180.png","pac":81,"sho":45,"pas":59,"dri":67,"def":63,"phy":71,"rating":"70","pos":"RB"},{"left":"36%","top":"83.25%","img":"./data/iceland/players-222-562-22_180.png","href":"/player/222562/runar-alex-runarsson/","defaultimg":"https://cdn.sofifa.net/players/notfound_0_60.png","name":"Rúnarsson","teamlogo":"./data/iceland/teams-1-180.png","pac":71,"sho":68,"pas":72,"dri":71,"def":45,"phy":68,"rating":"70","pos":"GK"}],"teamname":"iceland"}