{"notionLogo":"./data/sweden/teams-1363-180.png","notionName":"瑞典","players":[{"left":"-1.4%","top":"2.5%","img":"./data/sweden/players-207-554-22_180.png","href":"/player/207554/viktor-claesson/","defaultimg":"https://cdn.sofifa.net/players/notfound_0_60.png","name":"Claesson","teamlogo":"./data/sweden/teams-819-180.png","pac":75,"sho":74,"pas":73,"dri":75,"def":49,"phy":74,"rating":"76","pos":"LM"},{"left":"35.956%","top":"-2.5%","img":"./data/sweden/players-233-731-22_180.png","href":"/player/233731/alexander-isak/","defaultimg":"https://cdn.sofifa.net/players/notfound_0_60.png","name":"Isak","teamlogo":"./data/sweden/teams-457-180.png","pac":84,"sho":82,"pas":69,"dri":80,"def":29,"phy":69,"rating":"82","pos":"ST"},{"left":"73.4%","top":"2.5%","img":"./data/sweden/players-247-394-22_180.png","href":"/player/247394/dejan-kulusevski/","defaultimg":"https://cdn.sofifa.net/players/notfound_0_60.png","name":"Kulusevski","teamlogo":"./data/sweden/teams-45-180.png","pac":82,"sho":76,"pas":78,"dri":82,"def":56,"phy":76,"rating":"80","pos":"RW"},{"left":"36%","top":"18.75%","img":"./data/sweden/players-208-448-22_180.png","href":"/player/208448/emil-forsberg/","defaultimg":"https://cdn.sofifa.net/players/notfound_0_60.png","name":"Forsberg","teamlogo":"./data/sweden/teams-112172-180.png","pac":72,"sho":73,"pas":83,"dri":83,"def":35,"phy":62,"rating":"81","pos":"CAM"},{"left":"23.68%","top":"37.5%","img":"./data/sweden/players-244-472-22_180.png","href":"/player/244472/jens-lys-cajuste/","defaultimg":"https://cdn.sofifa.net/players/notfound_0_60.png","name":"Cajuste","teamlogo":"./data/sweden/teams-1516-180.png","pac":77,"sho":58,"pas":68,"dri":75,"def":68,"phy":77,"rating":"72","pos":"CM"},{"left":"48.936%","top":"37.5%","img":"./data/sweden/players-228-946-22_180.png","href":"/player/228946/mattias-svanberg/","defaultimg":"https://cdn.sofifa.net/players/notfound_0_60.png","name":"Svanberg","teamlogo":"./data/sweden/teams-175-180.png","pac":77,"sho":66,"pas":75,"dri":77,"def":63,"phy":69,"rating":"75","pos":"CM"},{"left":"-0.9336%","top":"64.2%","img":"./data/sweden/players-212-678-22_180.png","href":"/player/212678/ludwig-augustinsson/","defaultimg":"https://cdn.sofifa.net/players/notfound_0_60.png","name":"Augustinsson","teamlogo":"./data/sweden/teams-481-180.png","pac":67,"sho":60,"pas":75,"dri":74,"def":72,"phy":71,"rating":"76","pos":"LB"},{"left":"20.6%","top":"70%","img":"./data/sweden/players-210-802-22_180.png","href":"/player/210802/joakim-nilsson/","defaultimg":"https://cdn.sofifa.net/players/notfound_0_60.png","name":"Nilsson","teamlogo":"./data/sweden/teams-159-180.png","pac":58,"sho":32,"pas":54,"dri":55,"def":75,"phy":74,"rating":"74","pos":"CB"},{"left":"48.1%","top":"69.63%","img":"./data/sweden/players-221-660-22_180.png","href":"/player/221660/victor-lindelof/","defaultimg":"https://cdn.sofifa.net/players/notfound_0_60.png","name":"Lindelöf","teamlogo":"./data/sweden/teams-11-180.png","pac":63,"sho":51,"pas":72,"dri":72,"def":82,"phy":78,"rating":"80","pos":"CB"},{"left":"72.1592%","top":"63.88%","img":"./data/sweden/players-207-650-22_180.png","href":"/player/207650/emil-krafth/","defaultimg":"https://cdn.sofifa.net/players/notfound_0_60.png","name":"Krafth","teamlogo":"./data/sweden/teams-13-180.png","pac":66,"sho":58,"pas":67,"dri":70,"def":73,"phy":74,"rating":"74","pos":"RB"},{"left":"36%","top":"83.25%","img":"./data/sweden/players-207-557-22_180.png","href":"/player/207557/robin-olsen/","defaultimg":"https://cdn.sofifa.net/players/notfound_0_60.png","name":"Olsen","teamlogo":"./data/sweden/teams-2-180.png","pac":76,"sho":74,"pas":74,"dri":75,"def":35,"phy":75,"rating":"75","pos":"GK"}],"teamname":"sweden"}