{"notionLogo":"./data/paulo/teams-598-180.png","notionName":"圣保罗","players":[{"left":"20.16%","top":"-2.5%","img":"./data/paulo/players-212-060-22_180.png","href":"/player/212060/luciano-da-rocha-neves/","defaultimg":"https://cdn.sofifa.net/players/notfound_0_60.png","name":"Luciano","teamlogo":"./data/paulo/flags-br@3x.png"},{"left":"51.84%","top":"-2.5%","img":"./data/paulo/players-219-455-22_180.png","href":"/player/11392180/jonathan-calleri/","defaultimg":"https://cdn.sofifa.net/players/notfound_0_60.png","name":"Calleri","teamlogo":"./data/paulo/flags-ar@3x.png"},{"left":"-3.6%","top":"28.83%","img":"./data/paulo/players-225-131-22_180.png","href":"/player/225131/patrick-bezerra-do-nascimento/","defaultimg":"https://cdn.sofifa.net/players/notfound_0_60.png","name":"Patrick","teamlogo":"./data/paulo/flags-br@3x.png"},{"left":"33.36%","top":"8%","img":"./data/paulo/ekquwh.png","href":"/player/11548807/maycon-vinicius-ferreira-da-cruz/","defaultimg":"https://cdn.sofifa.net/players/notfound_0_60.png","name":"Nikão","teamlogo":"./data/paulo/flags-br@3x.png"},{"left":"75.6%","top":"29%","img":"./data/paulo/players-222-707-22_180.png","href":"/player/222707/marcos-g-santos-matos/","defaultimg":"https://cdn.sofifa.net/players/notfound_0_60.png","name":"Marcos Guilherme","teamlogo":"./data/paulo/flags-br@3x.png"},{"left":"36%","top":"53%","img":"./data/paulo/players-253-287-22_180.png","href":"/player/11472005/gabriel-neves/","defaultimg":"https://cdn.sofifa.net/players/notfound_0_60.png","name":"Neves","teamlogo":"./data/paulo/flags-uy@3x.png"},{"left":"-3.16%","top":"62.5%","img":"./data/paulo/players-208-979-22_180.png","href":"/player/208979/reinaldo-manoel-da-silva/","defaultimg":"https://cdn.sofifa.net/players/notfound_0_60.png","name":"Reinaldo","teamlogo":"./data/paulo/flags-br@3x.png"},{"left":"20.16%","top":"70%","img":"./data/paulo/players-228-233-22_180.png","href":"/player/228233/robert-arboleda/","defaultimg":"https://cdn.sofifa.net/players/notfound_0_60.png","name":"Arboleda","teamlogo":"./data/paulo/flags-ec@3x.png"},{"left":"51.84%","top":"70%","img":"./data/paulo/players-168-609-22_180.png","href":"/player/168609/joao-miranda-de-souza-filho/","defaultimg":"https://cdn.sofifa.net/players/notfound_0_60.png","name":"Miranda","teamlogo":"./data/paulo/flags-br@3x.png"},{"left":"75.16%","top":"62.5%","img":"./data/paulo/players-168-607-22_180.png","href":"/player/168607/marcio-rafael-ferreira-de-souza/","defaultimg":"https://cdn.sofifa.net/players/notfound_0_60.png","name":"Rafinha","teamlogo":"./data/paulo/flags-br@3x.png"},{"left":"36%","top":"83.5%","img":"./data/paulo/players-238-013-22_180.png","href":"/player/11775755/jandrei-chitolina-carniel/","defaultimg":"https://cdn.sofifa.net/players/notfound_0_60.png","name":"Jandrei","teamlogo":"./data/paulo/flags-br@3x.png"}],"teamname":"paulo"}