{"notionLogo":"./data/wuhan/teams-112541-180.png","notionName":"武汉 FC","players":[{"left":"26.32%","top":"-2.5%","img":"./data/wuhan/players-199-908-22_180.png","href":"/player/199908/felicio-brown-forbes/","defaultimg":"https://cdn.sofifa.net/players/notfound_0_60.png","name":"Brown Forbes","teamlogo":"./data/wuhan/flags-cr@3x.png"},{"left":"44.8%","top":"-2.5%","img":"./data/wuhan/players-241-312-22_180.png","href":"/player/241312/jinghang-hu/","defaultimg":"https://cdn.sofifa.net/players/notfound_0_60.png","name":"Hu Jinghang","teamlogo":"./data/wuhan/flags-cn@3x.png"},{"left":"22.8%","top":"33.75%","img":"./data/wuhan/players-247-192-22_180.png","href":"/player/247192/aoshuang-nie/","defaultimg":"https://cdn.sofifa.net/players/notfound_0_60.png","name":"Nie Aoshuang","teamlogo":"./data/wuhan/flags-cn@3x.png"},{"left":"36%","top":"33.75%","img":"./data/wuhan/players-233-196-22_180.png","href":"/player/233196/hang-li/","defaultimg":"https://cdn.sofifa.net/players/notfound_0_60.png","name":"Li Hang","teamlogo":"./data/wuhan/flags-cn@3x.png"},{"left":"49.2%","top":"33.75%","img":"./data/wuhan/players-224-693-22_180.png","href":"/player/224693/chongqiu-ye/","defaultimg":"https://cdn.sofifa.net/players/notfound_0_60.png","name":"Ye Chongqiu","teamlogo":"./data/wuhan/flags-cn@3x.png"},{"left":"-1.4%","top":"57.5%","img":"./data/wuhan/players-241-320-22_180.png","href":"/player/241320/shangkun-liu/","defaultimg":"https://cdn.sofifa.net/players/notfound_0_60.png","name":"Liu Shangkun","teamlogo":"./data/wuhan/flags-cn@3x.png"},{"left":"20.6%","top":"70%","img":"./data/wuhan/players-238-105-22_180.png","href":"/player/238105/peng-li/","defaultimg":"https://cdn.sofifa.net/players/notfound_0_60.png","name":"Li Peng","teamlogo":"./data/wuhan/flags-cn@3x.png"},{"left":"36%","top":"70%","img":"./data/wuhan/players-234-226-22_180.png","href":"/player/234226/bruno-viana-willemen-da-silva/","defaultimg":"https://cdn.sofifa.net/players/notfound_0_60.png","name":"Bruno Viana","teamlogo":"./data/wuhan/flags-br@3x.png"},{"left":"51.4%","top":"70%","img":"./data/wuhan/players-226-837-22_180.png","href":"/player/226837/chao-li/","defaultimg":"https://cdn.sofifa.net/players/notfound_0_60.png","name":"Li Chao","teamlogo":"./data/wuhan/flags-cn@3x.png"},{"left":"73.4%","top":"57.5%","img":"./data/wuhan/players-247-197-22_180.png","href":"/player/247197/tian-ming/","defaultimg":"https://cdn.sofifa.net/players/notfound_0_60.png","name":"Ming Tian","teamlogo":"./data/wuhan/flags-cn@3x.png"},{"left":"36%","top":"83.25%","img":"./data/wuhan/players-222-177-22_180.png","href":"/player/222177/zhenqiang-zhang/","defaultimg":"https://cdn.sofifa.net/players/notfound_0_60.png","name":"Zhang ZhenQiang","teamlogo":"./data/wuhan/flags-cn@3x.png"}],"teamname":"wuhan"}