{"notionLogo":"./data/greece/teams-1338-180.png","notionName":"希腊","players":[{"left":"-1.4%","top":"2.5%","img":"./data/greece/players-208-053-22_180.png","href":"/player/208053/dimitrios-pelkas/","defaultimg":"https://cdn.sofifa.net/players/notfound_0_60.png","name":"Pelkas","teamlogo":"./data/greece/teams-326-180.png","pac":78,"sho":69,"pas":74,"dri":78,"def":43,"phy":59,"rating":"74","pos":"LW"},{"left":"35.956%","top":"-2.5%","img":"./data/greece/players-239-842-22_180.png","href":"/player/239842/georgios-giakoumakis/","defaultimg":"https://cdn.sofifa.net/players/notfound_0_60.png","name":"Giakoumakis","teamlogo":"./data/greece/teams-278-180.png","pac":70,"sho":73,"pas":50,"dri":66,"def":28,"phy":77,"rating":"73","pos":"ST"},{"left":"73.4%","top":"2.5%","img":"./data/greece/players-240-271-22_180.png","href":"/player/240271/dimitris-limnios/","defaultimg":"https://cdn.sofifa.net/players/notfound_0_60.png","name":"Limnios","teamlogo":"./data/greece/teams-31-180.png","pac":74,"sho":67,"pas":65,"dri":73,"def":39,"phy":59,"rating":"70","pos":"LW"},{"left":"22.8%","top":"33.75%","img":"./data/greece/players-223-922-22_180.png","href":"/player/223922/andreas-bouchalakis/","defaultimg":"https://cdn.sofifa.net/players/notfound_0_60.png","name":"Bouchalakis","teamlogo":"./data/greece/teams-280-180.png","pac":57,"sho":72,"pas":73,"dri":71,"def":71,"phy":76,"rating":"74","pos":"CM"},{"left":"36.264%","top":"37.5%","img":"./data/greece/players-236-773-22_180.png","href":"/player/236773/manolis-siopis/","defaultimg":"https://cdn.sofifa.net/players/notfound_0_60.png","name":"Siopis","teamlogo":"./data/greece/teams-436-180.png","pac":74,"sho":45,"pas":63,"dri":70,"def":73,"phy":75,"rating":"73","pos":"CDM"},{"left":"49.2%","top":"33.75%","img":"./data/greece/players-208-224-22_180.png","href":"/player/208224/petros-mantalos/","defaultimg":"https://cdn.sofifa.net/players/notfound_0_60.png","name":"Mantalos","teamlogo":"./data/greece/teams-278-180.png","pac":73,"sho":69,"pas":78,"dri":78,"def":55,"phy":63,"rating":"77","pos":"CAM"},{"left":"-1.4%","top":"65%","img":"./data/greece/players-232-223-22_180.png","href":"/player/232223/konstantinos-tsimikas/","defaultimg":"https://cdn.sofifa.net/players/notfound_0_60.png","name":"Tsimikas","teamlogo":"./data/greece/teams-9-180.png","pac":84,"sho":57,"pas":72,"dri":75,"def":71,"phy":75,"rating":"77","pos":"LB"},{"left":"20.6%","top":"70%","img":"./data/greece/players-229-150-22_180.png","href":"/player/229150/pantelis-hatzidiakos/","defaultimg":"https://cdn.sofifa.net/players/notfound_0_60.png","name":"Hatzidiakos","teamlogo":"./data/greece/teams-1906-180.png","pac":74,"sho":52,"pas":65,"dri":66,"def":70,"phy":74,"rating":"72","pos":"CB"},{"left":"51.4%","top":"70%","img":"./data/greece/players-242-000-22_180.png","href":"/player/242000/konstantinos-mavropanos/","defaultimg":"https://cdn.sofifa.net/players/notfound_0_60.png","name":"Mavropanos","teamlogo":"./data/greece/teams-36-180.png","pac":81,"sho":51,"pas":49,"dri":57,"def":76,"phy":79,"rating":"76","pos":"CB"},{"left":"73.4%","top":"65%","img":"./data/greece/players-257-622-22_180.png","href":"/player/257622/lefteris-lyratzis/","defaultimg":"https://cdn.sofifa.net/players/notfound_0_60.png","name":"Lyratzis","teamlogo":"./data/greece/teams-393-180.png","pac":77,"sho":47,"pas":61,"dri":66,"def":63,"phy":68,"rating":"68","pos":"RB"},{"left":"36%","top":"83.25%","img":"./data/greece/players-211-990-22_180.png","href":"/player/211990/odisseas-vlachodimos/","defaultimg":"https://cdn.sofifa.net/players/notfound_0_60.png","name":"Vlachodimos","teamlogo":"./data/greece/teams-234-180.png","pac":84,"sho":78,"pas":67,"dri":84,"def":43,"phy":78,"rating":"81","pos":"GK"}],"teamname":"greece"}