{"notionLogo":"./data/yokohama/teams-101151-180.png","notionName":"横滨水手","players":[{"left":"35.956%","top":"-2.5%","img":"./data/yokohama/players-260-720-22_180.png","href":"/player/260720/leonardo-de-sousa-pereira/","defaultimg":"https://cdn.sofifa.net/players/notfound_0_60.png","name":"Léo Ceará","teamlogo":"./data/yokohama/flags-br@3x.png"},{"left":"36.264%","top":"15%","img":"./data/yokohama/players-232-479-22_180.png","href":"/player/232479/takuma-nishimura/","defaultimg":"https://cdn.sofifa.net/players/notfound_0_60.png","name":"Nishimura","teamlogo":"./data/yokohama/flags-jp@3x.png"},{"left":"-1.4%","top":"20%","img":"./data/yokohama/players-204-344-22_180.png","href":"/player/204344/jose-elber-pimentel-da-silva/","defaultimg":"https://cdn.sofifa.net/players/notfound_0_60.png","name":"Elber","teamlogo":"./data/yokohama/flags-br@3x.png"},{"left":"71.5344%","top":"20%","img":"./data/yokohama/players-232-861-22_180.png","href":"/player/232861/kota-mizunuma/","defaultimg":"https://cdn.sofifa.net/players/notfound_0_60.png","name":"Mizunuma","teamlogo":"./data/yokohama/flags-jp@3x.png"},{"left":"23.68%","top":"47.5%","img":"./data/yokohama/players-232-810-22_180.png","href":"/player/232810/takuya-kida/","defaultimg":"https://cdn.sofifa.net/players/notfound_0_60.png","name":"Kida","teamlogo":"./data/yokohama/flags-jp@3x.png"},{"left":"48.32%","top":"47.5%","img":"./data/yokohama/players-246-444-22_180.png","href":"/player/246444/tomoki-iwata/","defaultimg":"https://cdn.sofifa.net/players/notfound_0_60.png","name":"Iwata","teamlogo":"./data/yokohama/flags-jp@3x.png"},{"left":"-1.4%","top":"65%","img":"./data/yokohama/players-237-582-22_180.png","href":"/player/237582/katsuya-nagato/","defaultimg":"https://cdn.sofifa.net/players/notfound_0_60.png","name":"Nagato","teamlogo":"./data/yokohama/flags-jp@3x.png"},{"left":"23.9%","top":"69.2%","img":"./data/yokohama/players-232-581-22_180.png","href":"/player/232581/carlos-eduardo-bendini-giusti/","defaultimg":"https://cdn.sofifa.net/players/notfound_0_60.png","name":"Eduardo","teamlogo":"./data/yokohama/flags-br@3x.png"},{"left":"48.1%","top":"68.99%","img":"./data/yokohama/players-245-785-22_180.png","href":"/player/245785/shinnosuke-hatanaka/","defaultimg":"https://cdn.sofifa.net/players/notfound_0_60.png","name":"Hatanaka","teamlogo":"./data/yokohama/flags-jp@3x.png"},{"left":"73.4%","top":"65%","img":"./data/yokohama/players-232-573-22_180.png","href":"/player/232573/ken-matsubara/","defaultimg":"https://cdn.sofifa.net/players/notfound_0_60.png","name":"Matsubara","teamlogo":"./data/yokohama/flags-jp@3x.png"},{"left":"36%","top":"83.25%","img":"./data/yokohama/players-244-656-22_180.png","href":"/player/244656/yohei-takaoka/","defaultimg":"https://cdn.sofifa.net/players/notfound_0_60.png","name":"Takaoka","teamlogo":"./data/yokohama/flags-jp@3x.png"}],"teamname":"yokohama"}