{"notionLogo":"./data/santos/teams-1053-180.png","notionName":"桑托斯","players":[{"left":"0.8%","top":"0%","img":"./data/santos/players-254-023-22_180.png","href":"/player/11765354/jhojan-julio/","defaultimg":"https://cdn.sofifa.net/players/notfound_0_60.png","name":"Julio","teamlogo":"./data/santos/flags-ec@3x.png"},{"left":"36%","top":"-2.5%","img":"./data/santos/8pmqak.png","href":"/player/11186657/leonardo-carrilho-baptistao/","defaultimg":"https://cdn.sofifa.net/players/notfound_0_60.png","name":"Leo Baptistao","teamlogo":"./data/santos/flags-br@3x.png"},{"left":"71.2%","top":"0%","img":"./data/santos/yiljyt.png","href":"/player/10307026/lucas-braga-ribeiro/","defaultimg":"https://cdn.sofifa.net/players/notfound_0_60.png","name":"Lucas Braga","teamlogo":"./data/santos/flags-br@3x.png"},{"left":"20.16%","top":"30%","img":"./data/santos/zltw5i.png","href":"/player/10155712/carlos-andres-sanchez-arcosa/","defaultimg":"https://cdn.sofifa.net/players/notfound_0_60.png","name":"Carlos Sánchez","teamlogo":"./data/santos/flags-uy@3x.png"},{"left":"36%","top":"37.5%","img":"./data/santos/mjh76z.png","href":"/player/10140699/guilherme-de-aguiar-camacho/","defaultimg":"https://cdn.sofifa.net/players/notfound_0_60.png","name":"Camacho","teamlogo":"./data/santos/flags-br@3x.png"},{"left":"51.84%","top":"30%","img":"./data/santos/wjyowg.png","href":"/player/10233449/willian-marlon-ferreira-moraes/","defaultimg":"https://cdn.sofifa.net/players/notfound_0_60.png","name":"Willian Maranhão","teamlogo":"./data/santos/flags-br@3x.png"},{"left":"-3.16%","top":"62.5%","img":"./data/santos/6b6vgk.png","href":"/player/10156123/felipe-jonatan-rocha-andrade/","defaultimg":"https://cdn.sofifa.net/players/notfound_0_60.png","name":"Felipe Jonatan","teamlogo":"./data/santos/flags-br@3x.png"},{"left":"20.16%","top":"70%","img":"./data/santos/hiei6y.png","href":"/player/10728913/kaiky-fernandes-melo/","defaultimg":"https://cdn.sofifa.net/players/notfound_0_60.png","name":"Kaiky","teamlogo":"./data/santos/flags-br@3x.png"},{"left":"51.84%","top":"70%","img":"./data/santos/2n9gpc.png","href":"/player/11433739/maicon-pereira-roque/","defaultimg":"https://cdn.sofifa.net/players/notfound_0_60.png","name":"Maicon","teamlogo":"./data/santos/flags-br@3x.png"},{"left":"75.16%","top":"62.5%","img":"./data/santos/r1nv1h.png","href":"/player/10156222/madson-ferreira-dos-santos/","defaultimg":"https://cdn.sofifa.net/players/notfound_0_60.png","name":"Madson","teamlogo":"./data/santos/flags-br@3x.png"},{"left":"36%","top":"83.5%","img":"./data/santos/9m8byp.png","href":"/player/10158890/joao-paulo-silva-martins/","defaultimg":"https://cdn.sofifa.net/players/notfound_0_60.png","name":"João Paulo","teamlogo":"./data/santos/flags-br@3x.png"}],"teamname":"santos"}