{"notionLogo":"./data/ajax/teams-245-180.png","notionName":"阿贾克斯","players":[{"left":"0.2632%","top":"4.95%","img":"./data/ajax/players-199-434-22_180.png","href":"/player/199434/dusan-tadic/","defaultimg":"https://cdn.sofifa.net/players/notfound_0_60.png","name":"Tadić","teamlogo":"./data/ajax/flags-rs@3x.png"},{"left":"35.956%","top":"-2.5%","img":"./data/ajax/players-205-693-22_180.png","href":"/player/205693/sebastien-haller/","defaultimg":"https://cdn.sofifa.net/players/notfound_0_60.png","name":"Haller","teamlogo":"./data/ajax/flags-ci@3x.png"},{"left":"71.2%","top":"4.52%","img":"./data/ajax/players-255-475-22_180.png","href":"/player/255475/antony-matheus-dos-santos/","defaultimg":"https://cdn.sofifa.net/players/notfound_0_60.png","name":"Antony","teamlogo":"./data/ajax/flags-br@3x.png"},{"left":"21.92%","top":"33.4%","img":"./data/ajax/players-246-104-22_180.png","href":"/player/246104/ryan-gravenberch/","defaultimg":"https://cdn.sofifa.net/players/notfound_0_60.png","name":"Gravenberch","teamlogo":"./data/ajax/flags-nl@3x.png"},{"left":"50.08%","top":"30%","img":"./data/ajax/players-200-260-22_180.png","href":"/player/200260/steven-berghuis/","defaultimg":"https://cdn.sofifa.net/players/notfound_0_60.png","name":"Berghuis","teamlogo":"./data/ajax/flags-nl@3x.png"},{"left":"36%","top":"53.72%","img":"./data/ajax/players-235-844-22_180.png","href":"/player/235844/edson-alvarez/","defaultimg":"https://cdn.sofifa.net/players/notfound_0_60.png","name":"Álvarez","teamlogo":"./data/ajax/flags-mx@3x.png"},{"left":"-1.4%","top":"65%","img":"./data/ajax/players-190-815-22_180.png","href":"/player/190815/daley-blind/","defaultimg":"https://cdn.sofifa.net/players/notfound_0_60.png","name":"Blind","teamlogo":"./data/ajax/flags-nl@3x.png"},{"left":"22.4744%","top":"69.63%","img":"./data/ajax/players-239-301-22_180.png","href":"/player/239301/lisandro-martinez/","defaultimg":"https://cdn.sofifa.net/players/notfound_0_60.png","name":"Martínez","teamlogo":"./data/ajax/flags-ar@3x.png"},{"left":"48.7336%","top":"70%","img":"./data/ajax/players-251-805-22_180.png","href":"/player/251805/jurrien-timber/","defaultimg":"https://cdn.sofifa.net/players/notfound_0_60.png","name":"Timber","teamlogo":"./data/ajax/flags-nl@3x.png"},{"left":"71.5344%","top":"62.5%","img":"./data/ajax/players-236-401-22_180.png","href":"/player/236401/noussair-mazraoui/","defaultimg":"https://cdn.sofifa.net/players/notfound_0_60.png","name":"Mazraoui","teamlogo":"./data/ajax/flags-ma@3x.png"},{"left":"36%","top":"83.25%","img":"./data/ajax/players-002-147-22_180.png","href":"/player/2147/maarten-stekelenburg/","defaultimg":"https://cdn.sofifa.net/players/notfound_0_60.png","name":"Stekelenburg","teamlogo":"./data/ajax/flags-nl@3x.png"}],"teamname":"ajax"}