{"notionLogo":"./data/chelse/teams-5-180.png","notionName":"切尔西","players":[{"left":"26.32%","top":"-2.5%","img":"./data/chelse/players-212-188-22_180.png","href":"/player/212188/timo-werner/","defaultimg":"https://cdn.sofifa.net/players/notfound_0_60.png","name":"Werner","teamlogo":"./data/chelse/flags-de@3x.png"},{"left":"44.8%","top":"-2.5%","img":"./data/chelse/players-235-790-22_180.png","href":"/player/235790/kai-havertz/","defaultimg":"https://cdn.sofifa.net/players/notfound_0_60.png","name":"Havertz","teamlogo":"./data/chelse/flags-de@3x.png"},{"left":"36%","top":"18.75%","img":"./data/chelse/players-233-064-22_180.png","href":"/player/233064/mason-mount/","defaultimg":"https://cdn.sofifa.net/players/notfound_0_60.png","name":"Mount","teamlogo":"./data/chelse/flags-gb-eng@3x.png"},{"left":"22.8%","top":"33.75%","img":"./data/chelse/players-207-410-22_180.png","href":"/player/207410/mateo-kovacic/","defaultimg":"https://cdn.sofifa.net/players/notfound_0_60.png","name":"Kovačić","teamlogo":"./data/chelse/flags-hr@3x.png"},{"left":"49.2%","top":"33.75%","img":"./data/chelse/players-215-914-22_180.png","href":"/player/215914/ngolo-kante/","defaultimg":"https://cdn.sofifa.net/players/notfound_0_60.png","name":"Kanté","teamlogo":"./data/chelse/flags-fr@3x.png"},{"left":"-3.6%","top":"52.5%","img":"./data/chelse/players-192-638-22_180.png","href":"/player/192638/marcos-alonso-mendoza/","defaultimg":"https://cdn.sofifa.net/players/notfound_0_60.png","name":"Marcos Alonso","teamlogo":"./data/chelse/flags-es@3x.png"},{"left":"17.3%","top":"70.21%","img":"./data/chelse/players-205-452-22_180.png","href":"/player/205452/antonio-rudiger/","defaultimg":"https://cdn.sofifa.net/players/notfound_0_60.png","name":"Rüdiger","teamlogo":"./data/chelse/flags-de@3x.png"},{"left":"36%","top":"70%","img":"./data/chelse/players-164-240-22_180.png","href":"/player/164240/thiago-emiliano-da-silva/","defaultimg":"https://cdn.sofifa.net/players/notfound_0_60.png","name":"Thiago Silva","teamlogo":"./data/chelse/flags-br@3x.png"},{"left":"54.7%","top":"70.21%","img":"./data/chelse/players-184-432-22_180.png","href":"/player/184432/cesar-azpilicueta-tanco/","defaultimg":"https://cdn.sofifa.net/players/notfound_0_60.png","name":"Azpilicueta","teamlogo":"./data/chelse/flags-es@3x.png"},{"left":"75.6%","top":"52.5%","img":"./data/chelse/players-238-074-22_180.png","href":"/player/238074/reece-james/","defaultimg":"https://cdn.sofifa.net/players/notfound_0_60.png","name":"James","teamlogo":"./data/chelse/flags-gb-eng@3x.png"},{"left":"36%","top":"83.25%","img":"./data/chelse/players-234-642-22_180.png","href":"/player/234642/edouard-mendy/","defaultimg":"https://cdn.sofifa.net/players/notfound_0_60.png","name":"Mendy","teamlogo":"./data/chelse/flags-sn@3x.png"}],"teamname":"chelse"}