{"notionLogo":"./data/leicester/teams-95-180.png","notionName":"莱斯特城","players":[{"left":"35.956%","top":"-2.5%","img":"./data/leicester/players-241-202-22_180.png","href":"/player/241202/patson-daka/","defaultimg":"https://cdn.sofifa.net/players/notfound_0_60.png","name":"Daka","teamlogo":"./data/leicester/flags-zm@3x.png"},{"left":"36%","top":"18.75%","img":"./data/leicester/players-237-386-22_180.png","href":"/player/237386/kiernan-dewsbury-hall/","defaultimg":"https://cdn.sofifa.net/players/notfound_0_60.png","name":"Dewsbury-Hall","teamlogo":"./data/leicester/flags-gb-eng@3x.png"},{"left":"-1.4%","top":"26.25%","img":"./data/leicester/players-234-742-22_180.png","href":"/player/234742/harvey-barnes/","defaultimg":"https://cdn.sofifa.net/players/notfound_0_60.png","name":"Barnes","teamlogo":"./data/leicester/flags-gb-eng@3x.png"},{"left":"73.4%","top":"26.25%","img":"./data/leicester/players-220-697-22_180.png","href":"/player/220697/james-maddison/","defaultimg":"https://cdn.sofifa.net/players/notfound_0_60.png","name":"Maddison","teamlogo":"./data/leicester/flags-gb-eng@3x.png"},{"left":"22.8%","top":"51.25%","img":"./data/leicester/players-226-790-22_180.png","href":"/player/226790/wilfred-ndidi/","defaultimg":"https://cdn.sofifa.net/players/notfound_0_60.png","name":"Ndidi","teamlogo":"./data/leicester/flags-ng@3x.png"},{"left":"49.2%","top":"51.25%","img":"./data/leicester/players-216-393-22_180.png","href":"/player/216393/youri-tielemans/","defaultimg":"https://cdn.sofifa.net/players/notfound_0_60.png","name":"Tielemans","teamlogo":"./data/leicester/flags-be@3x.png"},{"left":"-1.4%","top":"65%","img":"./data/leicester/players-254-470-22_180.png","href":"/player/254470/luke-thomas/","defaultimg":"https://cdn.sofifa.net/players/notfound_0_60.png","name":"Thomas","teamlogo":"./data/leicester/flags-gb-eng@3x.png"},{"left":"20.6%","top":"69.84%","img":"./data/leicester/players-232-119-22_180.png","href":"/player/232119/caglar-soyuncu/","defaultimg":"https://cdn.sofifa.net/players/notfound_0_60.png","name":"Söyüncü","teamlogo":"./data/leicester/flags-tr@3x.png"},{"left":"51.4%","top":"70%","img":"./data/leicester/players-248-695-22_180.png","href":"/player/248695/wesley-fofana/","defaultimg":"https://cdn.sofifa.net/players/notfound_0_60.png","name":"Fofana","teamlogo":"./data/leicester/flags-fr@3x.png"},{"left":"73.4%","top":"65%","img":"./data/leicester/players-210-243-22_180.png","href":"/player/210243/ricardo-barbosa-pereira/","defaultimg":"https://cdn.sofifa.net/players/notfound_0_60.png","name":"Ricardo Pereira","teamlogo":"./data/leicester/flags-pt@3x.png"},{"left":"36%","top":"83.25%","img":"./data/leicester/players-163-587-22_180.png","href":"/player/163587/kasper-schmeichel/","defaultimg":"https://cdn.sofifa.net/players/notfound_0_60.png","name":"Schmeichel","teamlogo":"./data/leicester/flags-dk@3x.png"}],"teamname":"leicester"}