{"notionLogo":"./data/monaco/teams-69-180.png","notionName":"摩纳哥","players":[{"left":"35.956%","top":"-2.5%","img":"./data/monaco/players-199-451-22_180.png","href":"/player/199451/wissam-ben-yedder/","defaultimg":"https://cdn.sofifa.net/players/notfound_0_60.png","name":"Ben Yedder","teamlogo":"./data/monaco/flags-fr@3x.png"},{"left":"36%","top":"18.75%","img":"./data/monaco/players-200-610-22_180.png","href":"/player/200610/kevin-volland/","defaultimg":"https://cdn.sofifa.net/players/notfound_0_60.png","name":"Volland","teamlogo":"./data/monaco/flags-de@3x.png"},{"left":"0.272%","top":"22.5%","img":"./data/monaco/players-225-663-22_180.png","href":"/player/225663/alexandr-golovin/","defaultimg":"https://cdn.sofifa.net/players/notfound_0_60.png","name":"Golovin","teamlogo":"./data/monaco/flags-ru@3x.png"},{"left":"71.728%","top":"26.12%","img":"./data/monaco/players-263-781-22_180.png","href":"/player/263781/vanderson-de-oliveira-campos/","defaultimg":"https://cdn.sofifa.net/players/notfound_0_60.png","name":"Vanderson","teamlogo":"./data/monaco/flags-br@3x.png"},{"left":"23.3368%","top":"49.76%","img":"./data/monaco/players-241-637-22_180.png","href":"/player/241637/aurelien-tchouameni/","defaultimg":"https://cdn.sofifa.net/players/notfound_0_60.png","name":"Tchouaméni","teamlogo":"./data/monaco/flags-fr@3x.png"},{"left":"49.2%","top":"51.25%","img":"./data/monaco/players-245-630-22_180.png","href":"/player/245630/youssouf-fofana/","defaultimg":"https://cdn.sofifa.net/players/notfound_0_60.png","name":"Fofana","teamlogo":"./data/monaco/flags-fr@3x.png"},{"left":"-1.4%","top":"65%","img":"./data/monaco/players-232-440-22_180.png","href":"/player/232440/caio-henrique-oliveira-silva/","defaultimg":"https://cdn.sofifa.net/players/notfound_0_60.png","name":"Caio Henrique","teamlogo":"./data/monaco/flags-br@3x.png"},{"left":"23.9%","top":"67.5%","img":"./data/monaco/players-242-578-22_180.png","href":"/player/242578/benoit-badiashile/","defaultimg":"https://cdn.sofifa.net/players/notfound_0_60.png","name":"Badiashile","teamlogo":"./data/monaco/flags-fr@3x.png"},{"left":"50.432%","top":"67.71%","img":"./data/monaco/players-229-942-22_180.png","href":"/player/229942/axel-disasi/","defaultimg":"https://cdn.sofifa.net/players/notfound_0_60.png","name":"Disasi","teamlogo":"./data/monaco/flags-fr@3x.png"},{"left":"73.4%","top":"65%","img":"./data/monaco/players-223-597-22_180.png","href":"/player/223597/ruben-aguilar/","defaultimg":"https://cdn.sofifa.net/players/notfound_0_60.png","name":"Aguilar","teamlogo":"./data/monaco/flags-fr@3x.png"},{"left":"36%","top":"83.25%","img":"./data/monaco/players-223-885-22_180.png","href":"/player/223885/alexander-nubel/","defaultimg":"https://cdn.sofifa.net/players/notfound_0_60.png","name":"Nübel","teamlogo":"./data/monaco/flags-de@3x.png"}],"teamname":"monaco"}