{"notionLogo":"./data/henan/teams-111779-180.png","notionName":"河南松山龙门","players":[{"left":"26.32%","top":"-2.5%","img":"./data/henan/players-221-774-22_180.png","href":"/player/221774/luiz-fernando-da-silva-monte/","defaultimg":"https://cdn.sofifa.net/players/notfound_0_60.png","name":"Fernando Karanga","teamlogo":"./data/henan/flags-br@3x.png"},{"left":"44.8%","top":"-2.5%","img":"./data/henan/players-215-553-22_180.png","href":"/player/215553/jose-henrique-da-silva-dourado/","defaultimg":"https://cdn.sofifa.net/players/notfound_0_60.png","name":"Henrique Dourado","teamlogo":"./data/henan/flags-br@3x.png"},{"left":"21.92%","top":"30.21%","img":"./data/henan/players-162-280-22_180.png","href":"/player/162280/adrian-mierzejewski/","defaultimg":"https://cdn.sofifa.net/players/notfound_0_60.png","name":"Mierzejewski","teamlogo":"./data/henan/flags-pl@3x.png"},{"left":"35.736%","top":"37.5%","img":"./data/henan/players-242-875-22_180.png","href":"/player/242875/xingyu-ma/","defaultimg":"https://cdn.sofifa.net/players/notfound_0_60.png","name":"Ma Xingyu","teamlogo":"./data/henan/flags-cn@3x.png"},{"left":"50.08%","top":"30%","img":"./data/henan/players-224-675-22_180.png","href":"/player/224675/jinbao-zhong/","defaultimg":"https://cdn.sofifa.net/players/notfound_0_60.png","name":"Zhong Jinbao","teamlogo":"./data/henan/flags-cn@3x.png"},{"left":"0.8%","top":"58.56%","img":"./data/henan/players-241-311-22_180.png","href":"/player/241311/zhao-ke/","defaultimg":"https://cdn.sofifa.net/players/notfound_0_60.png","name":"Ke Zhao","teamlogo":"./data/henan/flags-cn@3x.png"},{"left":"23.0024%","top":"69.79%","img":"./data/henan/players-226-186-22_180.png","href":"/player/226186/xin-luo/","defaultimg":"https://cdn.sofifa.net/players/notfound_0_60.png","name":"Luo Xin","teamlogo":"./data/henan/flags-cn@3x.png"},{"left":"35.868%","top":"67.5%","img":"./data/henan/players-216-736-22_180.png","href":"/player/216736/shangyuan-wang/","defaultimg":"https://cdn.sofifa.net/players/notfound_0_60.png","name":"Wang Shangyuan","teamlogo":"./data/henan/flags-cn@3x.png"},{"left":"51.4%","top":"70%","img":"./data/henan/players-201-343-22_180.png","href":"/player/201343/toni-sunjic/","defaultimg":"https://cdn.sofifa.net/players/notfound_0_60.png","name":"Šunjić","teamlogo":"./data/henan/flags-ba@3x.png"},{"left":"73.4%","top":"57.5%","img":"./data/henan/players-248-752-22_180.png","href":"/player/248752/mawlanyaz-dilmurat/","defaultimg":"https://cdn.sofifa.net/players/notfound_0_60.png","name":"Dilmurat","teamlogo":"./data/henan/flags-cn@3x.png"},{"left":"36%","top":"83.25%","img":"./data/henan/players-226-838-22_180.png","href":"/player/226838/guoming-wang/","defaultimg":"https://cdn.sofifa.net/players/notfound_0_60.png","name":"Wang Guoming","teamlogo":"./data/henan/flags-cn@3x.png"}],"teamname":"henan"}