{"notionLogo":"./data/lazio/teams-46-180.png","notionName":"拉齐奥","players":[{"left":"0.8%","top":"7.5%","img":"./data/lazio/players-220-502-22_180.png","href":"/player/220502/mattia-zaccagni/","defaultimg":"https://cdn.sofifa.net/players/notfound_0_60.png","name":"Zaccagni","teamlogo":"./data/lazio/flags-it@3x.png"},{"left":"36.792%","top":"0%","img":"./data/lazio/players-192-387-22_180.png","href":"/player/192387/ciro-immobile/","defaultimg":"https://cdn.sofifa.net/players/notfound_0_60.png","name":"Immobile","teamlogo":"./data/lazio/flags-it@3x.png"},{"left":"71.2%","top":"7.5%","img":"./data/lazio/players-189-505-22_180.png","href":"/player/189505/pedro-rodriguez-ledesma/","defaultimg":"https://cdn.sofifa.net/players/notfound_0_60.png","name":"Pedro","teamlogo":"./data/lazio/flags-es@3x.png"},{"left":"21.92%","top":"30%","img":"./data/lazio/players-198-706-22_180.png","href":"/player/198706/luis-alberto-romero-alconchel/","defaultimg":"https://cdn.sofifa.net/players/notfound_0_60.png","name":"Luis Alberto","teamlogo":"./data/lazio/flags-es@3x.png"},{"left":"50.08%","top":"30%","img":"./data/lazio/players-223-848-22_180.png","href":"/player/223848/sergej-milinkovic-savic/","defaultimg":"https://cdn.sofifa.net/players/notfound_0_60.png","name":"Milinković-Savić","teamlogo":"./data/lazio/flags-rs@3x.png"},{"left":"35.4632%","top":"47.5%","img":"./data/lazio/players-211-361-22_180.png","href":"/player/211361/danilo-cataldi/","defaultimg":"https://cdn.sofifa.net/players/notfound_0_60.png","name":"Cataldi","teamlogo":"./data/lazio/flags-it@3x.png"},{"left":"-3.6%","top":"62.5%","img":"./data/lazio/players-210-864-22_180.png","href":"/player/210864/elseid-hysaj/","defaultimg":"https://cdn.sofifa.net/players/notfound_0_60.png","name":"Hysaj","teamlogo":"./data/lazio/flags-al@3x.png"},{"left":"17.3%","top":"67.5%","img":"./data/lazio/players-199-845-22_180.png","href":"/player/199845/francesco-acerbi/","defaultimg":"https://cdn.sofifa.net/players/notfound_0_60.png","name":"Acerbi","teamlogo":"./data/lazio/flags-it@3x.png"},{"left":"54.7%","top":"67.5%","img":"./data/lazio/players-236-355-22_180.png","href":"/player/236355/luiz-felipe-ramos-marchi/","defaultimg":"https://cdn.sofifa.net/players/notfound_0_60.png","name":"Luiz Felipe","teamlogo":"./data/lazio/flags-it@3x.png"},{"left":"75.6%","top":"62.5%","img":"./data/lazio/players-224-031-22_180.png","href":"/player/224031/adam-marusic/","defaultimg":"https://cdn.sofifa.net/players/notfound_0_60.png","name":"Marušić","teamlogo":"./data/lazio/flags-me@3x.png"},{"left":"36%","top":"83.25%","img":"./data/lazio/players-212-151-22_180.png","href":"/player/212151/thomas-strakosha/","defaultimg":"https://cdn.sofifa.net/players/notfound_0_60.png","name":"Strakosha","teamlogo":"./data/lazio/flags-al@3x.png"}],"teamname":"lazio"}