{"notionLogo":"./data/shandong/teams-111724-180.png","notionName":"山东泰山","players":[{"left":"20.16%","top":"-2%","img":"./data/shandong/players-230-601-22_180.png","href":"/player/230601/cryzan-queiroz-barcelos/","defaultimg":"https://cdn.sofifa.net/players/notfound_0_60.png","name":"Cryzan","teamlogo":"./data/shandong/flags-br@3x.png"},{"left":"45.68%","top":"1%","img":"./data/shandong/players-195-412-22_180.png","href":"/player/195412/moises-lima-magalhaes/","defaultimg":"https://cdn.sofifa.net/players/notfound_0_60.png","name":"Moisés","teamlogo":"./data/shandong/flags-br@3x.png"},{"left":"-0.96%","top":"35%","img":"./data/shandong/players-221-801-22_180.png","href":"/player/221801/lisheng-liao/","defaultimg":"https://cdn.sofifa.net/players/notfound_0_60.png","name":"Liao Lisheng","teamlogo":"./data/shandong/flags-cn@3x.png"},{"left":"22.8%","top":"40%","img":"./data/shandong/players-176-944-22_180.png","href":"/player/176944/marouane-fellaini/","defaultimg":"https://cdn.sofifa.net/players/notfound_0_60.png","name":"Fellaini","teamlogo":"./data/shandong/flags-be@3x.png"},{"left":"49.2%","top":"40%","img":"./data/shandong/players-221-875-22_180.png","href":"/player/221875/jun-ho-son/","defaultimg":"https://cdn.sofifa.net/players/notfound_0_60.png","name":"Son Jun Ho","teamlogo":"./data/shandong/flags-kr@3x.png"},{"left":"72.96%","top":"35%","img":"./data/shandong/players-221-857-22_180.png","href":"/player/221857/jingdao-jin/","defaultimg":"https://cdn.sofifa.net/players/notfound_0_60.png","name":"Jin Jingdao","teamlogo":"./data/shandong/flags-cn@3x.png"},{"left":"0.8%","top":"65%","img":"./data/shandong/players-240-207-22_180.png","href":"/player/240207/yang-liu/","defaultimg":"https://cdn.sofifa.net/players/notfound_0_60.png","name":"Liu Yang","teamlogo":"./data/shandong/flags-cn@3x.png"},{"left":"23.68%","top":"70%","img":"./data/shandong/players-191-572-22_180.png","href":"/player/191572/zheng-zheng/","defaultimg":"https://cdn.sofifa.net/players/notfound_0_60.png","name":"Zheng Zheng","teamlogo":"./data/shandong/flags-cn@3x.png"},{"left":"48.32%","top":"70%","img":"./data/shandong/players-222-346-22_180.png","href":"/player/222346/ke-shi/","defaultimg":"https://cdn.sofifa.net/players/notfound_0_60.png","name":"Shi Ke","teamlogo":"./data/shandong/flags-cn@3x.png"},{"left":"71.2%","top":"65%","img":"./data/shandong/players-222-240-22_180.png","href":"/player/222240/xiang-ji/","defaultimg":"https://cdn.sofifa.net/players/notfound_0_60.png","name":"Ji Xiang","teamlogo":"./data/shandong/flags-cn@3x.png"},{"left":"36%","top":"85%","img":"./data/shandong/players-182-224-22_180.png","href":"/player/182224/dalei-wang/","defaultimg":"https://cdn.sofifa.net/players/notfound_0_60.png","name":"Wang Dalei","teamlogo":"./data/shandong/flags-cn@3x.png"}],"teamname":"shandong"}