{"notionLogo":"./data/portugal/teams-1354-180.png","notionName":"葡萄牙","players":[{"left":"-1.4%","top":"2.5%","img":"./data/portugal/players-224-458-22_180.png","href":"/player/224458/diogo-jose-teixeira-da-silva/","defaultimg":"https://cdn.sofifa.net/players/notfound_0_60.png","name":"Diogo Jota","teamlogo":"./data/portugal/teams-9-180.png","pac":85,"sho":83,"pas":75,"dri":85,"def":57,"phy":78,"rating":"85","pos":"CF"},{"left":"35.956%","top":"-2.5%","img":"./data/portugal/players-020-801-22_180.png","href":"/player/20801/c-ronaldo-dos-santos-aveiro/","defaultimg":"https://cdn.sofifa.net/players/notfound_0_60.png","name":"Cristiano Ronaldo","teamlogo":"./data/portugal/teams-11-180.png","pac":85,"sho":93,"pas":80,"dri":86,"def":34,"phy":75,"rating":"91","pos":"ST"},{"left":"73.4%","top":"2.5%","img":"./data/portugal/players-218-667-22_180.png","href":"/player/218667/bernardo-mota-carvalho-e-silva/","defaultimg":"https://cdn.sofifa.net/players/notfound_0_60.png","name":"Bernardo Silva","teamlogo":"./data/portugal/teams-10-180.png","pac":80,"sho":78,"pas":83,"dri":91,"def":61,"phy":68,"rating":"87","pos":"CAM"},{"left":"21.92%","top":"33.83%","img":"./data/portugal/players-162-347-22_180.png","href":"/player/162347/joao-filipe-moutinho/","defaultimg":"https://cdn.sofifa.net/players/notfound_0_60.png","name":"João Moutinho","teamlogo":"./data/portugal/teams-110-180.png","pac":50,"sho":71,"pas":84,"dri":80,"def":71,"phy":66,"rating":"81","pos":"CM"},{"left":"50.08%","top":"30%","img":"./data/portugal/players-212-198-22_180.png","href":"/player/212198/bruno-miguel-borges-fernandes/","defaultimg":"https://cdn.sofifa.net/players/notfound_0_60.png","name":"Bruno Fernandes","teamlogo":"./data/portugal/teams-11-180.png","pac":75,"sho":86,"pas":88,"dri":82,"def":67,"phy":75,"rating":"87","pos":"CAM"},{"left":"35.4632%","top":"51.03%","img":"./data/portugal/players-229-391-22_180.png","href":"/player/229391/joao-maria-palhinha-goncalves/","defaultimg":"https://cdn.sofifa.net/players/notfound_0_60.png","name":"Palhinha","teamlogo":"./data/portugal/teams-144-180.png","pac":65,"sho":65,"pas":70,"dri":72,"def":85,"phy":89,"rating":"82","pos":"CDM"},{"left":"0.8%","top":"62.5%","img":"./data/portugal/players-209-889-22_180.png","href":"/player/209889/raphael-guerreiro/","defaultimg":"https://cdn.sofifa.net/players/notfound_0_60.png","name":"Guerreiro","teamlogo":"./data/portugal/teams-22-180.png","pac":75,"sho":76,"pas":86,"dri":87,"def":76,"phy":56,"rating":"83","pos":"LB"},{"left":"22.4656%","top":"69.79%","img":"./data/portugal/players-239-818-22_180.png","href":"/player/239818/ruben-santos-gato-alves-dias/","defaultimg":"https://cdn.sofifa.net/players/notfound_0_60.png","name":"Rúben Dias","teamlogo":"./data/portugal/teams-10-180.png","pac":64,"sho":38,"pas":66,"dri":68,"def":88,"phy":89,"rating":"88","pos":"CB"},{"left":"50.3352%","top":"70.22%","img":"./data/portugal/players-120-533-22_180.png","href":"/player/120533/kepler-laveran-lima-ferreira/","defaultimg":"https://cdn.sofifa.net/players/notfound_0_60.png","name":"Pepe","teamlogo":"./data/portugal/teams-236-180.png","pac":77,"sho":51,"pas":60,"dri":61,"def":83,"phy":87,"rating":"82","pos":"CB"},{"left":"71.2%","top":"62.5%","img":"./data/portugal/players-210-514-22_180.png","href":"/player/210514/joao-pedro-cavaco-cancelo/","defaultimg":"https://cdn.sofifa.net/players/notfound_0_60.png","name":"João Cancelo","teamlogo":"./data/portugal/teams-10-180.png","pac":85,"sho":73,"pas":85,"dri":85,"def":81,"phy":72,"rating":"88","pos":"LB"},{"left":"36%","top":"83.25%","img":"./data/portugal/players-178-005-22_180.png","href":"/player/178005/rui-pedro-dos-santos-patricio/","defaultimg":"https://cdn.sofifa.net/players/notfound_0_60.png","name":"Rui Patrício","teamlogo":"./data/portugal/teams-52-180.png","pac":82,"sho":80,"pas":77,"dri":83,"def":55,"phy":80,"rating":"82","pos":"GK"}],"teamname":"portugal"}