{"notionLogo":"./data/alkmaar/teams-1906-180.png","notionName":"阿尔克马尔","players":[{"left":"0.8%","top":"2.5%","img":"./data/alkmaar/players-231-836-22_180.png","href":"/player/231836/jesper-karlsson/","defaultimg":"https://cdn.sofifa.net/players/notfound_0_60.png","name":"Karlsson","teamlogo":"./data/alkmaar/flags-se@3x.png"},{"left":"35.956%","top":"-2.5%","img":"./data/alkmaar/players-229-188-22_180.png","href":"/player/229188/vangelis-pavlidis/","defaultimg":"https://cdn.sofifa.net/players/notfound_0_60.png","name":"Pavlidis","teamlogo":"./data/alkmaar/flags-gr@3x.png"},{"left":"71.2%","top":"6.65%","img":"./data/alkmaar/players-242-162-22_180.png","href":"/player/242162/hakon-evjen/","defaultimg":"https://cdn.sofifa.net/players/notfound_0_60.png","name":"Evjen","teamlogo":"./data/alkmaar/flags-no@3x.png"},{"left":"36%","top":"18.75%","img":"./data/alkmaar/players-239-361-22_180.png","href":"/player/239361/dani-de-wit/","defaultimg":"https://cdn.sofifa.net/players/notfound_0_60.png","name":"de Wit","teamlogo":"./data/alkmaar/flags-nl@3x.png"},{"left":"22.4568%","top":"37.5%","img":"./data/alkmaar/players-199-422-22_180.png","href":"/player/199422/jordy-clasie/","defaultimg":"https://cdn.sofifa.net/players/notfound_0_60.png","name":"Clasie","teamlogo":"./data/alkmaar/flags-nl@3x.png"},{"left":"49.5432%","top":"35.59%","img":"./data/alkmaar/players-198-658-22_180.png","href":"/player/198658/fredrik-midtsjo/","defaultimg":"https://cdn.sofifa.net/players/notfound_0_60.png","name":"Midtsjø","teamlogo":"./data/alkmaar/flags-no@3x.png"},{"left":"-1.4%","top":"65%","img":"./data/alkmaar/players-236-572-22_180.png","href":"/player/236572/owen-wijndal/","defaultimg":"https://cdn.sofifa.net/players/notfound_0_60.png","name":"Wijndal","teamlogo":"./data/alkmaar/flags-nl@3x.png"},{"left":"20.6%","top":"70%","img":"./data/alkmaar/players-199-550-22_180.png","href":"/player/199550/bruno-martins-indi/","defaultimg":"https://cdn.sofifa.net/players/notfound_0_60.png","name":"Martins Indi","teamlogo":"./data/alkmaar/flags-nl@3x.png"},{"left":"51.4%","top":"70%","img":"./data/alkmaar/players-262-394-22_180.png","href":"/player/262394/sam-beukema/","defaultimg":"https://cdn.sofifa.net/players/notfound_0_60.png","name":"Beukema","teamlogo":"./data/alkmaar/flags-nl@3x.png"},{"left":"73.4%","top":"65%","img":"./data/alkmaar/players-242-916-22_180.png","href":"/player/242916/yukinari-sugawara/","defaultimg":"https://cdn.sofifa.net/players/notfound_0_60.png","name":"Sugawara","teamlogo":"./data/alkmaar/flags-jp@3x.png"},{"left":"36%","top":"83.25%","img":"./data/alkmaar/players-231-237-22_180.png","href":"/player/231237/peter-vindahl-jensen/","defaultimg":"https://cdn.sofifa.net/players/notfound_0_60.png","name":"Jensen","teamlogo":"./data/alkmaar/flags-dk@3x.png"}],"teamname":"alkmaar"}