{"notionLogo":"./data/lille/teams-65-180.png","notionName":"里尔","players":[{"left":"27.2%","top":"-0.86%","img":"./data/lille/players-124-375-22_180.png","href":"/player/124375/burak-yilmaz/","defaultimg":"https://cdn.sofifa.net/players/notfound_0_60.png","name":"Yılmaz","teamlogo":"./data/lille/flags-tr@3x.png"},{"left":"45.68%","top":"-3.62%","img":"./data/lille/players-243-630-22_180.png","href":"/player/243630/jonathan-david/","defaultimg":"https://cdn.sofifa.net/players/notfound_0_60.png","name":"David","teamlogo":"./data/lille/flags-ca@3x.png"},{"left":"0.8%","top":"20%","img":"./data/lille/players-225-085-22_180.png","href":"/player/225085/jonathan-bamba/","defaultimg":"https://cdn.sofifa.net/players/notfound_0_60.png","name":"Bamba","teamlogo":"./data/lille/flags-fr@3x.png"},{"left":"23.68%","top":"33.76%","img":"./data/lille/players-230-767-22_180.png","href":"/player/230767/renato-junior-luz-sanches/","defaultimg":"https://cdn.sofifa.net/players/notfound_0_60.png","name":"Renato Sanches","teamlogo":"./data/lille/flags-pt@3x.png"},{"left":"48.3992%","top":"37.5%","img":"./data/lille/players-190-674-22_180.png","href":"/player/190674/benjamin-andre/","defaultimg":"https://cdn.sofifa.net/players/notfound_0_60.png","name":"André","teamlogo":"./data/lille/flags-fr@3x.png"},{"left":"71.2%","top":"20%","img":"./data/lille/players-239-763-22_180.png","href":"/player/239763/edon-zhegrova/","defaultimg":"https://cdn.sofifa.net/players/notfound_0_60.png","name":"Zhegrova","teamlogo":"./data/lille/flags-xk@3x.png"},{"left":"0.4744%","top":"62.5%","img":"./data/lille/players-236-822-22_180.png","href":"/player/236822/gabriel-gudmundsson/","defaultimg":"https://cdn.sofifa.net/players/notfound_0_60.png","name":"Gudmundsson","teamlogo":"./data/lille/flags-se@3x.png"},{"left":"20.6%","top":"69.36%","img":"./data/lille/players-251-809-22_180.png","href":"/player/251809/sven-botman/","defaultimg":"https://cdn.sofifa.net/players/notfound_0_60.png","name":"Botman","teamlogo":"./data/lille/flags-nl@3x.png"},{"left":"50.8632%","top":"69.36%","img":"./data/lille/players-171-791-22_180.png","href":"/player/171791/jose-miguel-da-rocha-fonte/","defaultimg":"https://cdn.sofifa.net/players/notfound_0_60.png","name":"José Fonte","teamlogo":"./data/lille/flags-pt@3x.png"},{"left":"73.4%","top":"62.5%","img":"./data/lille/players-224-490-22_180.png","href":"/player/224490/zeki-celik/","defaultimg":"https://cdn.sofifa.net/players/notfound_0_60.png","name":"Çelik","teamlogo":"./data/lille/flags-tr@3x.png"},{"left":"36%","top":"83.25%","img":"./data/lille/players-226-085-22_180.png","href":"/player/226085/leonardo-cesar-jardim/","defaultimg":"https://cdn.sofifa.net/players/notfound_0_60.png","name":"Léo Jardim","teamlogo":"./data/lille/flags-br@3x.png"}],"teamname":"lille"}