{"notionLogo":"./data/sevilla/teams-481-180.png","notionName":"塞维利亚","players":[{"left":"0.8%","top":"7.5%","img":"./data/sevilla/players-143-076-22_180.png","href":"/player/143076/alejandro-gomez/","defaultimg":"https://cdn.sofifa.net/players/notfound_0_60.png","name":"Gómez","teamlogo":"./data/sevilla/flags-ar@3x.png"},{"left":"35.956%","top":"-2.5%","img":"./data/sevilla/players-211-300-22_180.png","href":"/player/211300/anthony-martial/","defaultimg":"https://cdn.sofifa.net/players/notfound_0_60.png","name":"Martial","teamlogo":"./data/sevilla/flags-fr@3x.png"},{"left":"71.2%","top":"7.5%","img":"./data/sevilla/players-205-632-22_180.png","href":"/player/205632/lucas-ocampos/","defaultimg":"https://cdn.sofifa.net/players/notfound_0_60.png","name":"Ocampos","teamlogo":"./data/sevilla/flags-ar@3x.png"},{"left":"21.92%","top":"30%","img":"./data/sevilla/players-168-651-22_180.png","href":"/player/168651/ivan-rakitic/","defaultimg":"https://cdn.sofifa.net/players/notfound_0_60.png","name":"Rakitić","teamlogo":"./data/sevilla/flags-hr@3x.png"},{"left":"50.08%","top":"30%","img":"./data/sevilla/players-224-309-22_180.png","href":"/player/224309/joan-jordan-moreno/","defaultimg":"https://cdn.sofifa.net/players/notfound_0_60.png","name":"Joan Jordán","teamlogo":"./data/sevilla/flags-es@3x.png"},{"left":"36.5368%","top":"47.5%","img":"./data/sevilla/players-193-283-22_180.png","href":"/player/193283/thomas-delaney/","defaultimg":"https://cdn.sofifa.net/players/notfound_0_60.png","name":"Delaney","teamlogo":"./data/sevilla/flags-dk@3x.png"},{"left":"-2.5352%","top":"62.5%","img":"./data/sevilla/players-224-334-22_180.png","href":"/player/224334/marcos-acuna/","defaultimg":"https://cdn.sofifa.net/players/notfound_0_60.png","name":"Acuña","teamlogo":"./data/sevilla/flags-ar@3x.png"},{"left":"17.8368%","top":"67.5%","img":"./data/sevilla/players-219-693-22_180.png","href":"/player/219693/diego-carlos-santos-silva/","defaultimg":"https://cdn.sofifa.net/players/notfound_0_60.png","name":"Diego Carlos","teamlogo":"./data/sevilla/flags-br@3x.png"},{"left":"54.7%","top":"67.5%","img":"./data/sevilla/players-241-486-22_180.png","href":"/player/241486/jules-kounde/","defaultimg":"https://cdn.sofifa.net/players/notfound_0_60.png","name":"Koundé","teamlogo":"./data/sevilla/flags-fr@3x.png"},{"left":"75.6%","top":"62.5%","img":"./data/sevilla/players-146-536-22_180.png","href":"/player/146536/jesus-navas-gonzalez/","defaultimg":"https://cdn.sofifa.net/players/notfound_0_60.png","name":"Jesús Navas","teamlogo":"./data/sevilla/flags-es@3x.png"},{"left":"36%","top":"83.25%","img":"./data/sevilla/players-209-981-22_180.png","href":"/player/209981/yassine-bounou/","defaultimg":"https://cdn.sofifa.net/players/notfound_0_60.png","name":"Bounou","teamlogo":"./data/sevilla/flags-ma@3x.png"}],"teamname":"sevilla"}