{"notionLogo":"./data/sampdoria/teams-1837-180.png","notionName":"桑普多利亚","players":[{"left":"25.44%","top":"0%","img":"./data/sampdoria/players-189-053-22_180.png","href":"/player/189053/francesco-caputo/","defaultimg":"https://cdn.sofifa.net/players/notfound_0_60.png","name":"Caputo","teamlogo":"./data/sampdoria/flags-it@3x.png"},{"left":"45.68%","top":"-5%","img":"./data/sampdoria/players-159-261-22_180.png","href":"/player/159261/fabio-quagliarella/","defaultimg":"https://cdn.sofifa.net/players/notfound_0_60.png","name":"Quagliarella","teamlogo":"./data/sampdoria/flags-it@3x.png"},{"left":"36%","top":"18.75%","img":"./data/sampdoria/players-229-857-22_180.png","href":"/player/229857/stefano-sensi/","defaultimg":"https://cdn.sofifa.net/players/notfound_0_60.png","name":"Sensi","teamlogo":"./data/sampdoria/flags-it@3x.png"},{"left":"0.8%","top":"32.5%","img":"./data/sampdoria/players-222-475-22_180.png","href":"/player/222475/morten-thorsby/","defaultimg":"https://cdn.sofifa.net/players/notfound_0_60.png","name":"Thorsby","teamlogo":"./data/sampdoria/flags-no@3x.png"},{"left":"75.6%","top":"26.97%","img":"./data/sampdoria/players-173-221-22_180.png","href":"/player/173221/antonio-candreva/","defaultimg":"https://cdn.sofifa.net/players/notfound_0_60.png","name":"Candreva","teamlogo":"./data/sampdoria/flags-it@3x.png"},{"left":"36%","top":"51.25%","img":"./data/sampdoria/players-191-053-22_180.png","href":"/player/191053/tomas-rincon/","defaultimg":"https://cdn.sofifa.net/players/notfound_0_60.png","name":"Rincón","teamlogo":"./data/sampdoria/flags-ve@3x.png"},{"left":"-1.4%","top":"65%","img":"./data/sampdoria/players-240-100-22_180.png","href":"/player/240100/tommaso-augello/","defaultimg":"https://cdn.sofifa.net/players/notfound_0_60.png","name":"Augello","teamlogo":"./data/sampdoria/flags-it@3x.png"},{"left":"20.6%","top":"70%","img":"./data/sampdoria/players-226-536-22_180.png","href":"/player/226536/omar-colley/","defaultimg":"https://cdn.sofifa.net/players/notfound_0_60.png","name":"Colley","teamlogo":"./data/sampdoria/flags-gm@3x.png"},{"left":"51.4%","top":"70%","img":"./data/sampdoria/players-191-648-22_180.png","href":"/player/191648/maya-yoshida/","defaultimg":"https://cdn.sofifa.net/players/notfound_0_60.png","name":"Yoshida","teamlogo":"./data/sampdoria/flags-jp@3x.png"},{"left":"73.4%","top":"65%","img":"./data/sampdoria/players-199-763-22_180.png","href":"/player/199763/bartosz-bereszynski/","defaultimg":"https://cdn.sofifa.net/players/notfound_0_60.png","name":"Bereszyński","teamlogo":"./data/sampdoria/flags-pl@3x.png"},{"left":"36%","top":"83.25%","img":"./data/sampdoria/players-228-413-22_180.png","href":"/player/228413/emil-audero/","defaultimg":"https://cdn.sofifa.net/players/notfound_0_60.png","name":"Audero","teamlogo":"./data/sampdoria/flags-it@3x.png"}],"teamname":"sampdoria"}