{"notionLogo":"./data/brentford/teams-1925-180.png","notionName":"布伦特福德","players":[{"left":"-1.4%","top":"2.5%","img":"./data/brentford/players-234-824-22_180.png","href":"/player/234824/yoane-wissa/","defaultimg":"https://cdn.sofifa.net/players/notfound_0_60.png","name":"Wissa","teamlogo":"./data/brentford/flags-cd@3x.png"},{"left":"35.956%","top":"-2.5%","img":"./data/brentford/players-212-228-22_180.png","href":"/player/212228/ivan-toney/","defaultimg":"https://cdn.sofifa.net/players/notfound_0_60.png","name":"Toney","teamlogo":"./data/brentford/flags-gb-eng@3x.png"},{"left":"73.4%","top":"2.5%","img":"./data/brentford/players-243-014-22_180.png","href":"/player/243014/bryan-mbeumo/","defaultimg":"https://cdn.sofifa.net/players/notfound_0_60.png","name":"Mbeumo","teamlogo":"./data/brentford/flags-fr@3x.png"},{"left":"21.92%","top":"36.17%","img":"./data/brentford/players-190-460-22_180.png","href":"/player/190460/christian-eriksen/","defaultimg":"https://cdn.sofifa.net/players/notfound_0_60.png","name":"Eriksen","teamlogo":"./data/brentford/flags-dk@3x.png"},{"left":"50.08%","top":"36.17%","img":"./data/brentford/players-235-167-22_180.png","href":"/player/235167/vitaly-janelt/","defaultimg":"https://cdn.sofifa.net/players/notfound_0_60.png","name":"Janelt","teamlogo":"./data/brentford/flags-de@3x.png"},{"left":"36%","top":"51.25%","img":"./data/brentford/players-210-697-22_180.png","href":"/player/210697/christian-norgaard/","defaultimg":"https://cdn.sofifa.net/players/notfound_0_60.png","name":"Nørgaard","teamlogo":"./data/brentford/flags-dk@3x.png"},{"left":"-1.4%","top":"65%","img":"./data/brentford/players-224-494-22_180.png","href":"/player/224494/rico-henry/","defaultimg":"https://cdn.sofifa.net/players/notfound_0_60.png","name":"Henry","teamlogo":"./data/brentford/flags-gb-eng@3x.png"},{"left":"17.3%","top":"70.05%","img":"./data/brentford/players-238-717-22_180.png","href":"/player/238717/ethan-pinnock/","defaultimg":"https://cdn.sofifa.net/players/notfound_0_60.png","name":"Pinnock","teamlogo":"./data/brentford/flags-jm@3x.png"},{"left":"54.7%","top":"69.84%","img":"./data/brentford/players-194-201-22_180.png","href":"/player/194201/pontus-jansson/","defaultimg":"https://cdn.sofifa.net/players/notfound_0_60.png","name":"Jansson","teamlogo":"./data/brentford/flags-se@3x.png"},{"left":"73.4%","top":"65%","img":"./data/brentford/players-224-258-22_180.png","href":"/player/224258/kristoffer-ajer/","defaultimg":"https://cdn.sofifa.net/players/notfound_0_60.png","name":"Ajer","teamlogo":"./data/brentford/flags-no@3x.png"},{"left":"36%","top":"83.25%","img":"./data/brentford/players-220-901-22_180.png","href":"/player/220901/david-raya-martin/","defaultimg":"https://cdn.sofifa.net/players/notfound_0_60.png","name":"David Raya","teamlogo":"./data/brentford/flags-es@3x.png"}],"teamname":"brentford"}