{"notionLogo":"./data/austria/teams-1322-180.png","notionName":"奥地利","players":[{"left":"35.956%","top":"-2.5%","img":"./data/austria/players-184-200-22_180.png","href":"/player/184200/marko-arnautovic/","defaultimg":"https://cdn.sofifa.net/players/notfound_0_60.png","name":"Arnautović","teamlogo":"./data/austria/teams-189-180.png","pac":79,"sho":81,"pas":79,"dri":78,"def":44,"phy":82,"rating":"81","pos":"ST"},{"left":"10.9376%","top":"20.37%","img":"./data/austria/players-242-187-22_180.png","href":"/player/242187/christoph-baumgartner/","defaultimg":"https://cdn.sofifa.net/players/notfound_0_60.png","name":"Baumgartner","teamlogo":"./data/austria/teams-10029-180.png","pac":79,"sho":72,"pas":73,"dri":80,"def":44,"phy":56,"rating":"78","pos":"CAM"},{"left":"36.264%","top":"20.66%","img":"./data/austria/players-204-923-22_180.png","href":"/player/204923/marcel-sabitzer/","defaultimg":"https://cdn.sofifa.net/players/notfound_0_60.png","name":"Sabitzer","teamlogo":"./data/austria/teams-21-180.png","pac":72,"sho":81,"pas":80,"dri":80,"def":67,"phy":77,"rating":"81","pos":"CM"},{"left":"61.8632%","top":"20.88%","img":"./data/austria/players-225-375-22_180.png","href":"/player/225375/konrad-laimer/","defaultimg":"https://cdn.sofifa.net/players/notfound_0_60.png","name":"Laimer","teamlogo":"./data/austria/teams-112172-180.png","pac":81,"sho":68,"pas":78,"dri":79,"def":80,"phy":77,"rating":"82","pos":"CDM"},{"left":"23.416%","top":"50.53%","img":"./data/austria/players-257-876-22_180.png","href":"/player/257876/nicolas-seiwald/","defaultimg":"https://cdn.sofifa.net/players/notfound_0_60.png","name":"Seiwald","teamlogo":"./data/austria/teams-191-180.png","pac":73,"sho":62,"pas":73,"dri":72,"def":71,"phy":69,"rating":"74","pos":"CM"},{"left":"48.32%","top":"47.5%","img":"./data/austria/players-233-195-22_180.png","href":"/player/233195/xaver-schlager/","defaultimg":"https://cdn.sofifa.net/players/notfound_0_60.png","name":"Schlager","teamlogo":"./data/austria/teams-112172-180.png","pac":69,"sho":70,"pas":73,"dri":77,"def":73,"phy":81,"rating":"80","pos":"CDM"},{"left":"-1.4%","top":"65%","img":"./data/austria/players-197-445-22_180.png","href":"/player/197445/david-alaba/","defaultimg":"https://cdn.sofifa.net/players/notfound_0_60.png","name":"Alaba","teamlogo":"./data/austria/teams-243-180.png","pac":79,"sho":71,"pas":83,"dri":80,"def":84,"phy":77,"rating":"85","pos":"CB"},{"left":"22.5624%","top":"70.48%","img":"./data/austria/players-201-922-22_180.png","href":"/player/201922/martin-hinteregger/","defaultimg":"https://cdn.sofifa.net/players/notfound_0_60.png","name":"Hinteregger","teamlogo":"./data/austria/teams-1824-180.png","pac":69,"sho":70,"pas":67,"dri":60,"def":80,"phy":81,"rating":"79","pos":"CB"},{"left":"49.1032%","top":"70.43%","img":"./data/austria/players-189-060-22_180.png","href":"/player/189060/aleksandar-dragovic/","defaultimg":"https://cdn.sofifa.net/players/notfound_0_60.png","name":"Dragović","teamlogo":"./data/austria/teams-32-180.png","pac":54,"sho":51,"pas":63,"dri":64,"def":77,"phy":76,"rating":"76","pos":"CB"},{"left":"73.4%","top":"65%","img":"./data/austria/players-223-724-22_180.png","href":"/player/223724/stefan-lainer/","defaultimg":"https://cdn.sofifa.net/players/notfound_0_60.png","name":"Lainer","teamlogo":"./data/austria/teams-23-180.png","pac":76,"sho":63,"pas":69,"dri":72,"def":73,"phy":80,"rating":"78","pos":"RWB"},{"left":"36%","top":"83.25%","img":"./data/austria/players-193-247-22_180.png","href":"/player/193247/heinz-lindner/","defaultimg":"https://cdn.sofifa.net/players/notfound_0_60.png","name":"Lindner","teamlogo":"./data/austria/teams-110770-180.png","pac":78,"sho":71,"pas":67,"dri":77,"def":42,"phy":75,"rating":"75","pos":"GK"}],"teamname":"austria"}