{"notionLogo":"./data/finland/teams-1334-180.png","notionName":"芬兰","players":[{"left":"25.44%","top":"0%","img":"./data/finland/players-220-165-22_180.png","href":"/player/220165/joel-pohjanpalo/","defaultimg":"https://cdn.sofifa.net/players/notfound_0_60.png","name":"Pohjanpalo","teamlogo":"./data/finland/teams-32-180.png","pac":63,"sho":75,"pas":58,"dri":69,"def":26,"phy":70,"rating":"73","pos":"ST"},{"left":"45.68%","top":"-3.35%","img":"./data/finland/players-190-362-22_180.png","href":"/player/190362/teemu-pukki/","defaultimg":"https://cdn.sofifa.net/players/notfound_0_60.png","name":"Pukki","teamlogo":"./data/finland/teams-1792-180.png","pac":76,"sho":75,"pas":62,"dri":74,"def":36,"phy":71,"rating":"75","pos":"ST"},{"left":"21.92%","top":"30%","img":"./data/finland/players-213-654-22_180.png","href":"/player/213654/glen-kamara/","defaultimg":"https://cdn.sofifa.net/players/notfound_0_60.png","name":"Kamara","teamlogo":"./data/finland/teams-86-180.png","pac":76,"sho":60,"pas":70,"dri":76,"def":72,"phy":75,"rating":"75","pos":"CM"},{"left":"36%","top":"37.5%","img":"./data/finland/players-213-763-22_180.png","href":"/player/213763/rasmus-schuller/","defaultimg":"https://cdn.sofifa.net/players/notfound_0_60.png","name":"Schüller","teamlogo":"./data/finland/teams-710-180.png","pac":50,"sho":56,"pas":65,"dri":65,"def":71,"phy":70,"rating":"71","pos":"CDM"},{"left":"50.08%","top":"30%","img":"./data/finland/players-228-312-22_180.png","href":"/player/228312/robin-lod/","defaultimg":"https://cdn.sofifa.net/players/notfound_0_60.png","name":"Lod","teamlogo":"./data/finland/teams-111138-180.png","pac":72,"sho":73,"pas":71,"dri":73,"def":54,"phy":69,"rating":"73","pos":"RM"},{"left":"-1.4%","top":"57.5%","img":"./data/finland/players-207-593-22_180.png","href":"/player/207593/jere-uronen/","defaultimg":"https://cdn.sofifa.net/players/notfound_0_60.png","name":"Uronen","teamlogo":"./data/finland/teams-378-180.png","pac":71,"sho":57,"pas":69,"dri":67,"def":69,"phy":74,"rating":"72","pos":"LB"},{"left":"18.1008%","top":"67.5%","img":"./data/finland/players-221-486-22_180.png","href":"/player/221486/daniel-oshaughnessy/","defaultimg":"https://cdn.sofifa.net/players/notfound_0_60.png","name":"O'Shaughnessy","teamlogo":"./data/finland/teams-1832-180.png","pac":55,"sho":39,"pas":57,"dri":51,"def":67,"phy":74,"rating":"67","pos":"CB"},{"left":"36%","top":"68.09%","img":"./data/finland/players-198-479-22_180.png","href":"/player/198479/paulus-arajuuri/","defaultimg":"https://cdn.sofifa.net/players/notfound_0_60.png","name":"Arajuuri","teamlogo":"./data/finland/teams-100325-180.png","pac":33,"sho":35,"pas":44,"dri":43,"def":66,"phy":78,"rating":"67","pos":"CB"},{"left":"54.7%","top":"67.93%","img":"./data/finland/players-234-291-22_180.png","href":"/player/234291/leo-vaisanen/","defaultimg":"https://cdn.sofifa.net/players/notfound_0_60.png","name":"Väisänen","teamlogo":"./data/finland/teams-700-180.png","pac":72,"sho":30,"pas":55,"dri":59,"def":69,"phy":70,"rating":"69","pos":"CB"},{"left":"73.4%","top":"57.5%","img":"./data/finland/players-234-298-22_180.png","href":"/player/234298/nikolai-alho/","defaultimg":"https://cdn.sofifa.net/players/notfound_0_60.png","name":"Alho","teamlogo":"./data/finland/teams-100325-180.png","pac":80,"sho":58,"pas":62,"dri":66,"def":58,"phy":68,"rating":"66","pos":"RB"},{"left":"36%","top":"83.25%","img":"./data/finland/players-190-941-22_180.png","href":"/player/190941/lukas-hradecky/","defaultimg":"https://cdn.sofifa.net/players/notfound_0_60.png","name":"Hrádecký","teamlogo":"./data/finland/teams-32-180.png","pac":84,"sho":78,"pas":69,"dri":87,"def":40,"phy":83,"rating":"83","pos":"GK"}],"teamname":"finland"}