{"notionLogo":"./data/reims/teams-379-180.png","notionName":"兰斯体育","players":[{"left":"26.32%","top":"-2.5%","img":"./data/reims/players-257-118-22_180.png","href":"/player/257118/ilan-kebbal/","defaultimg":"https://cdn.sofifa.net/players/notfound_0_60.png","name":"Kebbal","teamlogo":"./data/reims/flags-dz@3x.png"},{"left":"44.8%","top":"-2.5%","img":"./data/reims/players-255-529-22_180.png","href":"/player/255529/el-bilal-toure/","defaultimg":"https://cdn.sofifa.net/players/notfound_0_60.png","name":"Touré","teamlogo":"./data/reims/flags-ml@3x.png"},{"left":"22.8%","top":"33.75%","img":"./data/reims/players-259-190-22_180.png","href":"/player/259190/dion-lopy/","defaultimg":"https://cdn.sofifa.net/players/notfound_0_60.png","name":"Lopy","teamlogo":"./data/reims/flags-sn@3x.png"},{"left":"36.5368%","top":"37.5%","img":"./data/reims/players-239-356-22_180.png","href":"/player/239356/azor-matusiwa/","defaultimg":"https://cdn.sofifa.net/players/notfound_0_60.png","name":"Matusiwa","teamlogo":"./data/reims/flags-nl@3x.png"},{"left":"49.2%","top":"33.75%","img":"./data/reims/players-235-432-22_180.png","href":"/player/235432/marshall-munetsi/","defaultimg":"https://cdn.sofifa.net/players/notfound_0_60.png","name":"Munetsi","teamlogo":"./data/reims/flags-zw@3x.png"},{"left":"-1.4%","top":"57.5%","img":"./data/reims/players-235-634-22_180.png","href":"/player/235634/ghislain-konan/","defaultimg":"https://cdn.sofifa.net/players/notfound_0_60.png","name":"Konan","teamlogo":"./data/reims/flags-ci@3x.png"},{"left":"21.48%","top":"70.9%","img":"./data/reims/players-206-493-22_180.png","href":"/player/206493/yunis-abdelhamid/","defaultimg":"https://cdn.sofifa.net/players/notfound_0_60.png","name":"Abdelhamid","teamlogo":"./data/reims/flags-ma@3x.png"},{"left":"36%","top":"71.28%","img":"./data/reims/players-235-036-22_180.png","href":"/player/235036/wout-faes/","defaultimg":"https://cdn.sofifa.net/players/notfound_0_60.png","name":"Faes","teamlogo":"./data/reims/flags-be@3x.png"},{"left":"52.8696%","top":"70.9%","img":"./data/reims/players-239-550-22_180.png","href":"/player/239550/andreaw-gravillon/","defaultimg":"https://cdn.sofifa.net/players/notfound_0_60.png","name":"Gravillon","teamlogo":"./data/reims/flags-fr@3x.png"},{"left":"73.4%","top":"57.5%","img":"./data/reims/players-208-509-22_180.png","href":"/player/208509/thomas-foket/","defaultimg":"https://cdn.sofifa.net/players/notfound_0_60.png","name":"Foket","teamlogo":"./data/reims/flags-be@3x.png"},{"left":"36%","top":"83.25%","img":"./data/reims/players-241-727-22_180.png","href":"/player/241727/predrag-rajkovic/","defaultimg":"https://cdn.sofifa.net/players/notfound_0_60.png","name":"Rajković","teamlogo":"./data/reims/flags-rs@3x.png"}],"teamname":"reims"}