{"notionLogo":"./data/Belgium/teams-1325-180.png","notionName":"比利时","players":[{"left":"35.956%","top":"-2.5%","img":"./data/Belgium/players-192-505-22_180.png","href":"/player/192505/romelu-lukaku/","defaultimg":"https://cdn.sofifa.net/players/notfound_0_60.png","name":"Lukaku","teamlogo":"./data/Belgium/teams-5-180.png","pac":82,"sho":85,"pas":74,"dri":77,"def":38,"phy":82,"rating":"86","pos":"ST"},{"left":"17.3%","top":"10%","img":"./data/Belgium/players-183-277-22_180.png","href":"/player/183277/eden-hazard/","defaultimg":"https://cdn.sofifa.net/players/notfound_0_60.png","name":"Hazard","teamlogo":"./data/Belgium/teams-243-180.png","pac":83,"sho":80,"pas":82,"dri":88,"def":35,"phy":63,"rating":"84","pos":"LW"},{"left":"54.7%","top":"10%","img":"./data/Belgium/players-200-155-22_180.png","href":"/player/200155/hans-vanaken/","defaultimg":"https://cdn.sofifa.net/players/notfound_0_60.png","name":"Vanaken","teamlogo":"./data/Belgium/teams-231-180.png","pac":47,"sho":79,"pas":81,"dri":76,"def":59,"phy":73,"rating":"79","pos":"CM"},{"left":"-0.52%","top":"29.83%","img":"./data/Belgium/players-208-418-22_180.png","href":"/player/208418/yannick-carrasco/","defaultimg":"https://cdn.sofifa.net/players/notfound_0_60.png","name":"Carrasco","teamlogo":"./data/Belgium/teams-112378-180.png","pac":88,"sho":81,"pas":78,"dri":85,"def":45,"phy":67,"rating":"84","pos":"LM"},{"left":"22.8%","top":"33.75%","img":"./data/Belgium/players-177-413-22_180.png","href":"/player/177413/axel-witsel/","defaultimg":"https://cdn.sofifa.net/players/notfound_0_60.png","name":"Witsel","teamlogo":"./data/Belgium/teams-240-180.png","pac":39,"sho":63,"pas":79,"dri":77,"def":79,"phy":75,"rating":"80","pos":"CDM"},{"left":"49.2%","top":"33.75%","img":"./data/Belgium/players-222-501-22_180.png","href":"/player/222501/timothy-castagne/","defaultimg":"https://cdn.sofifa.net/players/notfound_0_60.png","name":"Castagne","teamlogo":"./data/Belgium/teams-95-180.png","pac":78,"sho":58,"pas":71,"dri":76,"def":75,"phy":73,"rating":"79","pos":"RB"},{"left":"71.2%","top":"30.5%","img":"./data/Belgium/players-192-985-22_180.png","href":"/player/192985/kevin-de-bruyne/","defaultimg":"https://cdn.sofifa.net/players/notfound_0_60.png","name":"De Bruyne","teamlogo":"./data/Belgium/teams-10-180.png","pac":76,"sho":87,"pas":93,"dri":87,"def":64,"phy":77,"rating":"91","pos":"CM"},{"left":"17.3%","top":"67.5%","img":"./data/Belgium/players-172-871-22_180.png","href":"/player/172871/jan-vertonghen/","defaultimg":"https://cdn.sofifa.net/players/notfound_0_60.png","name":"Vertonghen","teamlogo":"./data/Belgium/teams-234-180.png","pac":69,"sho":62,"pas":72,"dri":67,"def":83,"phy":78,"rating":"81","pos":"CB"},{"left":"36.8008%","top":"68.3%","img":"./data/Belgium/players-220-182-22_180.png","href":"/player/220182/jason-denayer/","defaultimg":"https://cdn.sofifa.net/players/notfound_0_60.png","name":"Denayer","teamlogo":"./data/Belgium/teams-66-180.png","pac":74,"sho":43,"pas":66,"dri":70,"def":79,"phy":78,"rating":"78","pos":"CB"},{"left":"54.7%","top":"67.5%","img":"./data/Belgium/players-184-087-22_180.png","href":"/player/184087/toby-alderweireld/","defaultimg":"https://cdn.sofifa.net/players/notfound_0_60.png","name":"Alderweireld","teamlogo":"./data/Belgium/teams-230-180.png","pac":58,"sho":55,"pas":70,"dri":67,"def":86,"phy":77,"rating":"83","pos":"CB"},{"left":"36%","top":"83.25%","img":"./data/Belgium/players-192-119-22_180.png","href":"/player/192119/thibaut-courtois/","defaultimg":"https://cdn.sofifa.net/players/notfound_0_60.png","name":"Courtois","teamlogo":"./data/Belgium/teams-243-180.png","pac":84,"sho":89,"pas":74,"dri":88,"def":46,"phy":86,"rating":"89","pos":"GK"}],"teamname":"Belgium"}