{"notionLogo":"./data/freiburg/teams-25-180.png","notionName":"弗赖堡","players":[{"left":"35.956%","top":"-2.5%","img":"./data/freiburg/players-234-875-22_180.png","href":"/player/234875/lucas-holer/","defaultimg":"https://cdn.sofifa.net/players/notfound_0_60.png","name":"Höler","teamlogo":"./data/freiburg/flags-de@3x.png"},{"left":"36%","top":"18.75%","img":"./data/freiburg/players-239-138-22_180.png","href":"/player/239138/woo-yeong-jeong/","defaultimg":"https://cdn.sofifa.net/players/notfound_0_60.png","name":"Jeong Woo Yeong","teamlogo":"./data/freiburg/flags-kr@3x.png"},{"left":"0.8%","top":"30.8%","img":"./data/freiburg/players-212-096-22_180.png","href":"/player/212096/vincenzo-grifo/","defaultimg":"https://cdn.sofifa.net/players/notfound_0_60.png","name":"Grifo","teamlogo":"./data/freiburg/flags-it@3x.png"},{"left":"71.2%","top":"32.5%","img":"./data/freiburg/players-234-171-22_180.png","href":"/player/234171/roland-sallai/","defaultimg":"https://cdn.sofifa.net/players/notfound_0_60.png","name":"Sallai","teamlogo":"./data/freiburg/flags-hu@3x.png"},{"left":"23.3368%","top":"47.5%","img":"./data/freiburg/players-199-897-22_180.png","href":"/player/199897/nicolas-hofler/","defaultimg":"https://cdn.sofifa.net/players/notfound_0_60.png","name":"Höfler","teamlogo":"./data/freiburg/flags-de@3x.png"},{"left":"50.08%","top":"47.5%","img":"./data/freiburg/players-226-168-22_180.png","href":"/player/226168/maximilian-eggestein/","defaultimg":"https://cdn.sofifa.net/players/notfound_0_60.png","name":"Eggestein","teamlogo":"./data/freiburg/flags-de@3x.png"},{"left":"-1.4%","top":"65%","img":"./data/freiburg/players-209-846-22_180.png","href":"/player/209846/christian-gunter/","defaultimg":"https://cdn.sofifa.net/players/notfound_0_60.png","name":"Günter","teamlogo":"./data/freiburg/flags-de@3x.png"},{"left":"21.7968%","top":"69.36%","img":"./data/freiburg/players-247-819-22_180.png","href":"/player/247819/nico-schlotterbeck/","defaultimg":"https://cdn.sofifa.net/players/notfound_0_60.png","name":"Schlotterbeck","teamlogo":"./data/freiburg/flags-de@3x.png"},{"left":"51.9896%","top":"69.91%","img":"./data/freiburg/players-231-366-22_180.png","href":"/player/231366/philipp-lienhart/","defaultimg":"https://cdn.sofifa.net/players/notfound_0_60.png","name":"Lienhart","teamlogo":"./data/freiburg/flags-at@3x.png"},{"left":"73.4%","top":"65%","img":"./data/freiburg/players-208-335-22_180.png","href":"/player/208335/lukas-kubler/","defaultimg":"https://cdn.sofifa.net/players/notfound_0_60.png","name":"Kübler","teamlogo":"./data/freiburg/flags-de@3x.png"},{"left":"36%","top":"83.25%","img":"./data/freiburg/players-211-738-22_180.png","href":"/player/211738/mark-flekken/","defaultimg":"https://cdn.sofifa.net/players/notfound_0_60.png","name":"Flekken","teamlogo":"./data/freiburg/flags-nl@3x.png"}],"teamname":"freiburg"}