{"notionLogo":"./data/porto/teams-236-180.png","notionName":"波尔图","players":[{"left":"26.32%","top":"-2.5%","img":"./data/porto/players-256-612-22_180.png","href":"/player/256612/f-evanilson-de-lima-barbosa/","defaultimg":"https://cdn.sofifa.net/players/notfound_0_60.png","name":"Evanilson","teamlogo":"./data/porto/flags-br@3x.png"},{"left":"44.8%","top":"-2.5%","img":"./data/porto/players-241-788-22_180.png","href":"/player/241788/mehdi-taremi/","defaultimg":"https://cdn.sofifa.net/players/notfound_0_60.png","name":"Taremi","teamlogo":"./data/porto/flags-ir@3x.png"},{"left":"0.8%","top":"22.55%","img":"./data/porto/players-238-896-22_180.png","href":"/player/238896/eduardo-gabriel-aquino-cossa/","defaultimg":"https://cdn.sofifa.net/players/notfound_0_60.png","name":"Pepê","teamlogo":"./data/porto/flags-br@3x.png"},{"left":"23.328%","top":"34.52%","img":"./data/porto/players-255-253-22_180.png","href":"/player/255253/vitor-machado-ferreira/","defaultimg":"https://cdn.sofifa.net/players/notfound_0_60.png","name":"Vitinha","teamlogo":"./data/porto/flags-pt@3x.png"},{"left":"50.08%","top":"37.5%","img":"./data/porto/players-214-047-22_180.png","href":"/player/214047/mateus-uribe/","defaultimg":"https://cdn.sofifa.net/players/notfound_0_60.png","name":"Uribe","teamlogo":"./data/porto/flags-co@3x.png"},{"left":"71.2%","top":"20%","img":"./data/porto/players-210-411-22_180.png","href":"/player/210411/otavio-edmilson-da-silva-monteiro/","defaultimg":"https://cdn.sofifa.net/players/notfound_0_60.png","name":"Otávio","teamlogo":"./data/porto/flags-pt@3x.png"},{"left":"0.8%","top":"62.5%","img":"./data/porto/players-251-528-22_180.png","href":"/player/251528/zaidu-sanusi/","defaultimg":"https://cdn.sofifa.net/players/notfound_0_60.png","name":"Sanusi","teamlogo":"./data/porto/flags-ng@3x.png"},{"left":"21.8232%","top":"71.04%","img":"./data/porto/players-120-533-22_180.png","href":"/player/120533/kepler-laveran-lima-ferreira/","defaultimg":"https://cdn.sofifa.net/players/notfound_0_60.png","name":"Pepe","teamlogo":"./data/porto/flags-pt@3x.png"},{"left":"49.2792%","top":"70.27%","img":"./data/porto/players-210-897-22_180.png","href":"/player/210897/chancel-mbemba/","defaultimg":"https://cdn.sofifa.net/players/notfound_0_60.png","name":"Mbemba","teamlogo":"./data/porto/flags-cd@3x.png"},{"left":"71.464%","top":"65.67%","img":"./data/porto/players-257-290-22_180.png","href":"/player/257290/joao-mario-neto-lopes/","defaultimg":"https://cdn.sofifa.net/players/notfound_0_60.png","name":"João Mário","teamlogo":"./data/porto/flags-pt@3x.png"},{"left":"36%","top":"83.25%","img":"./data/porto/players-234-577-22_180.png","href":"/player/234577/diogo-meireles-costa/","defaultimg":"https://cdn.sofifa.net/players/notfound_0_60.png","name":"Diogo Costa","teamlogo":"./data/porto/flags-pt@3x.png"}],"teamname":"porto"}