{"notionLogo":"./data/galatasaray/teams-325-180.png","notionName":"加拉塔萨雷","players":[{"left":"36.22%","top":"0%","img":"./data/galatasaray/players-159-145-22_180.png","href":"/player/159145/bafetimbi-gomis/","defaultimg":"https://cdn.sofifa.net/players/notfound_0_60.png","name":"Gomis","teamlogo":"./data/galatasaray/flags-fr@3x.png"},{"left":"-0.5376%","top":"20%","img":"./data/galatasaray/players-258-580-22_180.png","href":"/player/258580/kerem-akturkoglu/","defaultimg":"https://cdn.sofifa.net/players/notfound_0_60.png","name":"Aktürkoğlu","teamlogo":"./data/galatasaray/flags-tr@3x.png"},{"left":"23.68%","top":"37.5%","img":"./data/galatasaray/players-259-675-22_180.png","href":"/player/259675/berkan-kutlu/","defaultimg":"https://cdn.sofifa.net/players/notfound_0_60.png","name":"Kutlu","teamlogo":"./data/galatasaray/flags-tr@3x.png"},{"left":"48.32%","top":"30%","img":"./data/galatasaray/players-243-001-22_180.png","href":"/player/243001/alexandru-cicaldau/","defaultimg":"https://cdn.sofifa.net/players/notfound_0_60.png","name":"Cicâldău","teamlogo":"./data/galatasaray/flags-ro@3x.png"},{"left":"71.2%","top":"20%","img":"./data/galatasaray/players-157-301-22_180.png","href":"/player/157301/ryan-babel/","defaultimg":"https://cdn.sofifa.net/players/notfound_0_60.png","name":"Babel","teamlogo":"./data/galatasaray/flags-nl@3x.png"},{"left":"36%","top":"51.25%","img":"./data/galatasaray/players-224-718-22_180.png","href":"/player/224718/taylan-antalyali/","defaultimg":"https://cdn.sofifa.net/players/notfound_0_60.png","name":"Antalyalı","teamlogo":"./data/galatasaray/flags-tr@3x.png"},{"left":"-2.1304%","top":"63.24%","img":"./data/galatasaray/players-186-190-22_180.png","href":"/player/186190/patrick-van-aanholt/","defaultimg":"https://cdn.sofifa.net/players/notfound_0_60.png","name":"van Aanholt","teamlogo":"./data/galatasaray/flags-nl@3x.png"},{"left":"21.2336%","top":"68.24%","img":"./data/galatasaray/players-234-426-22_180.png","href":"/player/234426/marcos-nascimento-teixeira/","defaultimg":"https://cdn.sofifa.net/players/notfound_0_60.png","name":"Marcão","teamlogo":"./data/galatasaray/flags-br@3x.png"},{"left":"51.3032%","top":"68.67%","img":"./data/galatasaray/players-235-658-22_180.png","href":"/player/235658/victor-nelsson/","defaultimg":"https://cdn.sofifa.net/players/notfound_0_60.png","name":"Nelsson","teamlogo":"./data/galatasaray/flags-dk@3x.png"},{"left":"73.3296%","top":"62.5%","img":"./data/galatasaray/players-190-824-22_180.png","href":"/player/190824/omar-elabdellaoui/","defaultimg":"https://cdn.sofifa.net/players/notfound_0_60.png","name":"Elabdellaoui","teamlogo":"./data/galatasaray/flags-no@3x.png"},{"left":"36%","top":"83.25%","img":"./data/galatasaray/players-182-494-22_180.png","href":"/player/182494/fernando-muslera/","defaultimg":"https://cdn.sofifa.net/players/notfound_0_60.png","name":"Muslera","teamlogo":"./data/galatasaray/flags-uy@3x.png"}],"teamname":"galatasaray"}