{"notionLogo":"./data/sociedad/teams-457-180.png","notionName":"皇家社会","players":[{"left":"0.8%","top":"7.5%","img":"./data/sociedad/players-230-142-22_180.png","href":"/player/230142/mikel-oyarzabal-ugarte/","defaultimg":"https://cdn.sofifa.net/players/notfound_0_60.png","name":"Oyarzabal","teamlogo":"./data/sociedad/flags-es@3x.png"},{"left":"35.956%","top":"-2.5%","img":"./data/sociedad/players-216-549-22_180.png","href":"/player/216549/alexander-sorloth/","defaultimg":"https://cdn.sofifa.net/players/notfound_0_60.png","name":"Sørloth","teamlogo":"./data/sociedad/flags-no@3x.png"},{"left":"71.2%","top":"7.5%","img":"./data/sociedad/players-208-330-22_180.png","href":"/player/208330/adnan-januzaj/","defaultimg":"https://cdn.sofifa.net/players/notfound_0_60.png","name":"Januzaj","teamlogo":"./data/sociedad/flags-be@3x.png"},{"left":"36%","top":"18.75%","img":"./data/sociedad/players-168-542-22_180.png","href":"/player/168542/david-josue-jimenez-silva/","defaultimg":"https://cdn.sofifa.net/players/notfound_0_60.png","name":"David Silva","teamlogo":"./data/sociedad/flags-es@3x.png"},{"left":"21.92%","top":"37.5%","img":"./data/sociedad/players-225-193-22_180.png","href":"/player/225193/mikel-merino-zazon/","defaultimg":"https://cdn.sofifa.net/players/notfound_0_60.png","name":"Merino","teamlogo":"./data/sociedad/flags-es@3x.png"},{"left":"50.08%","top":"37.5%","img":"./data/sociedad/players-201-400-22_180.png","href":"/player/201400/rafael-alcantara/","defaultimg":"https://cdn.sofifa.net/players/notfound_0_60.png","name":"Rafinha","teamlogo":"./data/sociedad/flags-br@3x.png"},{"left":"0.4656%","top":"62.5%","img":"./data/sociedad/players-220-414-22_180.png","href":"/player/220414/diego-rico-salguero/","defaultimg":"https://cdn.sofifa.net/players/notfound_0_60.png","name":"Diego Rico","teamlogo":"./data/sociedad/flags-es@3x.png"},{"left":"20.6%","top":"70%","img":"./data/sociedad/players-233-486-22_180.png","href":"/player/233486/robin-le-normand/","defaultimg":"https://cdn.sofifa.net/players/notfound_0_60.png","name":"Le Normand","teamlogo":"./data/sociedad/flags-fr@3x.png"},{"left":"51.4%","top":"70%","img":"./data/sociedad/players-233-738-22_180.png","href":"/player/233738/igor-zubeldia-elorza/","defaultimg":"https://cdn.sofifa.net/players/notfound_0_60.png","name":"Zubeldia","teamlogo":"./data/sociedad/flags-es@3x.png"},{"left":"73.4%","top":"62.5%","img":"./data/sociedad/players-220-132-22_180.png","href":"/player/220132/joseba-zaldua-bengoetxea/","defaultimg":"https://cdn.sofifa.net/players/notfound_0_60.png","name":"Zaldúa","teamlogo":"./data/sociedad/flags-es@3x.png"},{"left":"36%","top":"83.25%","img":"./data/sociedad/players-227-127-22_180.png","href":"/player/227127/alejandro-remiro-gargallo/","defaultimg":"https://cdn.sofifa.net/players/notfound_0_60.png","name":"Álex Remiro","teamlogo":"./data/sociedad/flags-es@3x.png"}],"teamname":"sociedad"}