{"notionLogo":"./data/nice/teams-72-180.png","notionName":"尼斯","players":[{"left":"25.44%","top":"0%","img":"./data/nice/players-240-753-22_180.png","href":"/player/240753/amine-gouiri/","defaultimg":"https://cdn.sofifa.net/players/notfound_0_60.png","name":"Gouiri","teamlogo":"./data/nice/flags-fr@3x.png"},{"left":"45.68%","top":"-1.91%","img":"./data/nice/players-193-983-22_180.png","href":"/player/193983/andy-delort/","defaultimg":"https://cdn.sofifa.net/players/notfound_0_60.png","name":"Delort","teamlogo":"./data/nice/flags-dz@3x.png"},{"left":"-1.664%","top":"20%","img":"./data/nice/players-236-920-22_180.png","href":"/player/236920/justin-kluivert/","defaultimg":"https://cdn.sofifa.net/players/notfound_0_60.png","name":"Kluivert","teamlogo":"./data/nice/flags-nl@3x.png"},{"left":"23.68%","top":"37.23%","img":"./data/nice/players-247-246-22_180.png","href":"/player/247246/khephren-thuram/","defaultimg":"https://cdn.sofifa.net/players/notfound_0_60.png","name":"Thuram","teamlogo":"./data/nice/flags-fr@3x.png"},{"left":"50.08%","top":"35.16%","img":"./data/nice/players-235-134-22_180.png","href":"/player/235134/pablo-rosario/","defaultimg":"https://cdn.sofifa.net/players/notfound_0_60.png","name":"Rosario","teamlogo":"./data/nice/flags-nl@3x.png"},{"left":"72.8632%","top":"20%","img":"./data/nice/players-253-157-22_180.png","href":"/player/253157/hicham-boudaoui/","defaultimg":"https://cdn.sofifa.net/players/notfound_0_60.png","name":"Boudaoui","teamlogo":"./data/nice/flags-dz@3x.png"},{"left":"-1.4%","top":"65%","img":"./data/nice/players-254-548-22_180.png","href":"/player/254548/melvin-bard/","defaultimg":"https://cdn.sofifa.net/players/notfound_0_60.png","name":"Bard","teamlogo":"./data/nice/flags-fr@3x.png"},{"left":"20.9696%","top":"67.5%","img":"./data/nice/players-158-625-22_180.png","href":"/player/158625/dante-bonfim-costa-santos/","defaultimg":"https://cdn.sofifa.net/players/notfound_0_60.png","name":"Dante","teamlogo":"./data/nice/flags-br@3x.png"},{"left":"52.0952%","top":"67.5%","img":"./data/nice/players-245-388-22_180.png","href":"/player/245388/jean-clair-todibo/","defaultimg":"https://cdn.sofifa.net/players/notfound_0_60.png","name":"Todibo","teamlogo":"./data/nice/flags-fr@3x.png"},{"left":"73.4%","top":"65%","img":"./data/nice/players-234-686-22_180.png","href":"/player/234686/jordan-lotomba/","defaultimg":"https://cdn.sofifa.net/players/notfound_0_60.png","name":"Lotomba","teamlogo":"./data/nice/flags-ch@3x.png"},{"left":"36%","top":"83.25%","img":"./data/nice/players-215-223-22_180.png","href":"/player/215223/walter-benitez/","defaultimg":"https://cdn.sofifa.net/players/notfound_0_60.png","name":"Benítez","teamlogo":"./data/nice/flags-ar@3x.png"}],"teamname":"nice"}