{"notionLogo":"./data/sheffield/teams-1794-180.png","notionName":"谢菲尔德联","players":[{"left":"26.32%","top":"-2.5%","img":"./data/sheffield/players-163-050-22_180.png","href":"/player/163050/billy-sharp/","defaultimg":"https://cdn.sofifa.net/players/notfound_0_60.png","name":"Sharp","teamlogo":"./data/sheffield/flags-gb-eng@3x.png"},{"left":"44.8%","top":"-2.5%","img":"./data/sheffield/players-236-015-22_180.png","href":"/player/236015/morgan-gibbs-white/","defaultimg":"https://cdn.sofifa.net/players/notfound_0_60.png","name":"Gibbs-White","teamlogo":"./data/sheffield/flags-gb-eng@3x.png"},{"left":"22.8%","top":"33.75%","img":"./data/sheffield/players-189-177-22_180.png","href":"/player/189177/john-fleck/","defaultimg":"https://cdn.sofifa.net/players/notfound_0_60.png","name":"Fleck","teamlogo":"./data/sheffield/flags-gb-sct@3x.png"},{"left":"36%","top":"33.75%","img":"./data/sheffield/players-186-143-22_180.png","href":"/player/186143/oliver-norwood/","defaultimg":"https://cdn.sofifa.net/players/notfound_0_60.png","name":"Norwood","teamlogo":"./data/sheffield/flags-gb-nir@3x.png"},{"left":"49.2%","top":"33.75%","img":"./data/sheffield/players-228-092-22_180.png","href":"/player/228092/sander-berge/","defaultimg":"https://cdn.sofifa.net/players/notfound_0_60.png","name":"Berge","teamlogo":"./data/sheffield/flags-no@3x.png"},{"left":"-1.4%","top":"57.5%","img":"./data/sheffield/players-192-546-22_180.png","href":"/player/192546/enda-stevens/","defaultimg":"https://cdn.sofifa.net/players/notfound_0_60.png","name":"Stevens","teamlogo":"./data/sheffield/flags-ie@3x.png"},{"left":"20.336%","top":"67.5%","img":"./data/sheffield/players-199-027-22_180.png","href":"/player/199027/jack-robinson/","defaultimg":"https://cdn.sofifa.net/players/notfound_0_60.png","name":"Robinson","teamlogo":"./data/sheffield/flags-gb-eng@3x.png"},{"left":"36%","top":"70%","img":"./data/sheffield/players-204-936-22_180.png","href":"/player/204936/john-egan/","defaultimg":"https://cdn.sofifa.net/players/notfound_0_60.png","name":"Egan","teamlogo":"./data/sheffield/flags-ie@3x.png"},{"left":"51.4%","top":"67.5%","img":"./data/sheffield/players-184-274-22_180.png","href":"/player/184274/chris-basham/","defaultimg":"https://cdn.sofifa.net/players/notfound_0_60.png","name":"Basham","teamlogo":"./data/sheffield/flags-gb-eng@3x.png"},{"left":"73.4%","top":"57.5%","img":"./data/sheffield/players-200-855-22_180.png","href":"/player/200855/george-baldock/","defaultimg":"https://cdn.sofifa.net/players/notfound_0_60.png","name":"Baldock","teamlogo":"./data/sheffield/flags-gb-eng@3x.png"},{"left":"36%","top":"83.25%","img":"./data/sheffield/players-193-182-22_180.png","href":"/player/193182/wes-foderingham/","defaultimg":"https://cdn.sofifa.net/players/notfound_0_60.png","name":"Foderingham","teamlogo":"./data/sheffield/flags-gb-eng@3x.png"}],"teamname":"sheffield"}