{"notionLogo":"./data/southampton/teams-17-180.png","notionName":"南安普顿","players":[{"left":"26.32%","top":"-2.5%","img":"./data/southampton/players-256-268-22_180.png","href":"/player/256268/armando-broja/","defaultimg":"https://cdn.sofifa.net/players/notfound_0_60.png","name":"Broja","teamlogo":"./data/southampton/flags-al@3x.png"},{"left":"44.8%","top":"-2.5%","img":"./data/southampton/players-226-093-22_180.png","href":"/player/226093/che-adams/","defaultimg":"https://cdn.sofifa.net/players/notfound_0_60.png","name":"Adams","teamlogo":"./data/southampton/flags-gb-sct@3x.png"},{"left":"-1.4%","top":"26.25%","img":"./data/southampton/players-203-362-22_180.png","href":"/player/203362/mohamed-elyounoussi/","defaultimg":"https://cdn.sofifa.net/players/notfound_0_60.png","name":"Elyounoussi","teamlogo":"./data/southampton/flags-no@3x.png"},{"left":"22.0784%","top":"33.96%","img":"./data/southampton/players-199-576-22_180.png","href":"/player/199576/oriol-romeu-vidal/","defaultimg":"https://cdn.sofifa.net/players/notfound_0_60.png","name":"Oriol Romeu","teamlogo":"./data/southampton/flags-es@3x.png"},{"left":"49.2%","top":"33.75%","img":"./data/southampton/players-205-569-22_180.png","href":"/player/205569/james-ward-prowse/","defaultimg":"https://cdn.sofifa.net/players/notfound_0_60.png","name":"Ward-Prowse","teamlogo":"./data/southampton/flags-gb-eng@3x.png"},{"left":"73.4%","top":"26.25%","img":"./data/southampton/players-202-282-22_180.png","href":"/player/202282/stuart-armstrong/","defaultimg":"https://cdn.sofifa.net/players/notfound_0_60.png","name":"Armstrong","teamlogo":"./data/southampton/flags-gb-sct@3x.png"},{"left":"-1.4%","top":"65%","img":"./data/southampton/players-231-318-22_180.png","href":"/player/231318/romain-perraud/","defaultimg":"https://cdn.sofifa.net/players/notfound_0_60.png","name":"Perraud","teamlogo":"./data/southampton/flags-fr@3x.png"},{"left":"20.6%","top":"70%","img":"./data/southampton/players-244-915-22_180.png","href":"/player/244915/mohammed-salisu/","defaultimg":"https://cdn.sofifa.net/players/notfound_0_60.png","name":"Salisu","teamlogo":"./data/southampton/flags-gh@3x.png"},{"left":"48.1%","top":"70.22%","img":"./data/southampton/players-220-570-22_180.png","href":"/player/220570/jan-bednarek/","defaultimg":"https://cdn.sofifa.net/players/notfound_0_60.png","name":"Bednarek","teamlogo":"./data/southampton/flags-pl@3x.png"},{"left":"73.4%","top":"65%","img":"./data/southampton/players-227-927-22_180.png","href":"/player/227927/kyle-walker-peters/","defaultimg":"https://cdn.sofifa.net/players/notfound_0_60.png","name":"Walker-Peters","teamlogo":"./data/southampton/flags-gb-eng@3x.png"},{"left":"36%","top":"83.25%","img":"./data/southampton/players-172-203-22_180.png","href":"/player/172203/fraser-forster/","defaultimg":"https://cdn.sofifa.net/players/notfound_0_60.png","name":"Forster","teamlogo":"./data/southampton/flags-gb-eng@3x.png"}],"teamname":"southampton"}