{"notionLogo":"./data/psv/teams-247-180.png","notionName":"埃因霍温","players":[{"left":"35.956%","top":"-2.5%","img":"./data/psv/players-204-399-22_180.png","href":"/player/204399/eran-zahavi/","defaultimg":"https://cdn.sofifa.net/players/notfound_0_60.png","name":"Zahavi","teamlogo":"./data/psv/flags-il@3x.png"},{"left":"7.1976%","top":"15%","img":"./data/psv/players-242-516-22_180.png","href":"/player/242516/cody-gakpo/","defaultimg":"https://cdn.sofifa.net/players/notfound_0_60.png","name":"Gakpo","teamlogo":"./data/psv/flags-nl@3x.png"},{"left":"36%","top":"18.75%","img":"./data/psv/players-192-318-22_180.png","href":"/player/192318/mario-gotze/","defaultimg":"https://cdn.sofifa.net/players/notfound_0_60.png","name":"Götze","teamlogo":"./data/psv/flags-de@3x.png"},{"left":"66.1312%","top":"15%","img":"./data/psv/players-254-796-22_180.png","href":"/player/254796/noni-madueke/","defaultimg":"https://cdn.sofifa.net/players/notfound_0_60.png","name":"Madueke","teamlogo":"./data/psv/flags-gb-eng@3x.png"},{"left":"23.68%","top":"51.04%","img":"./data/psv/players-235-173-22_180.png","href":"/player/235173/ibrahim-sangare/","defaultimg":"https://cdn.sofifa.net/players/notfound_0_60.png","name":"Sangaré","teamlogo":"./data/psv/flags-ci@3x.png"},{"left":"49.7368%","top":"47.5%","img":"./data/psv/players-220-854-22_180.png","href":"/player/220854/erick-gutierrez/","defaultimg":"https://cdn.sofifa.net/players/notfound_0_60.png","name":"Gutiérrez","teamlogo":"./data/psv/flags-mx@3x.png"},{"left":"-1.4%","top":"65%","img":"./data/psv/players-212-187-22_180.png","href":"/player/212187/philipp-max/","defaultimg":"https://cdn.sofifa.net/players/notfound_0_60.png","name":"Max","teamlogo":"./data/psv/flags-de@3x.png"},{"left":"20.6%","top":"70%","img":"./data/psv/players-210-007-22_180.png","href":"/player/210007/andre-ramalho-silva/","defaultimg":"https://cdn.sofifa.net/players/notfound_0_60.png","name":"André Ramalho","teamlogo":"./data/psv/flags-br@3x.png"},{"left":"48.1%","top":"70%","img":"./data/psv/players-245-211-22_180.png","href":"/player/245211/jordan-teze/","defaultimg":"https://cdn.sofifa.net/players/notfound_0_60.png","name":"Teze","teamlogo":"./data/psv/flags-nl@3x.png"},{"left":"73.4%","top":"65%","img":"./data/psv/players-241-509-22_180.png","href":"/player/241509/mauro-jaqueson-j-ferreira-santos/","defaultimg":"https://cdn.sofifa.net/players/notfound_0_60.png","name":"Mauro Júnior","teamlogo":"./data/psv/flags-br@3x.png"},{"left":"36%","top":"83.25%","img":"./data/psv/players-206-003-22_180.png","href":"/player/206003/yvon-mvogo/","defaultimg":"https://cdn.sofifa.net/players/notfound_0_60.png","name":"Mvogo","teamlogo":"./data/psv/flags-ch@3x.png"}],"teamname":"psv"}