{"notionLogo":"./data/zealand/teams-111473-180.png","notionName":"新西兰","players":[{"left":"-1.4%","top":"2.5%","img":"./data/zealand/players-243-666-22_180.png","href":"/player/243666/callum-mccowatt/","defaultimg":"https://cdn.sofifa.net/players/notfound_0_60.png","name":"McCowatt","teamlogo":"./data/zealand/teams-113720-180.png","pac":75,"sho":64,"pas":61,"dri":63,"def":53,"phy":70,"rating":"65","pos":"LM"},{"left":"35.956%","top":"-2.5%","img":"./data/zealand/players-192-123-22_180.png","href":"/player/192123/chris-wood/","defaultimg":"https://cdn.sofifa.net/players/notfound_0_60.png","name":"Wood","teamlogo":"./data/zealand/teams-13-180.png","pac":62,"sho":77,"pas":60,"dri":70,"def":40,"phy":81,"rating":"77","pos":"ST"},{"left":"73.4%","top":"2.5%","img":"./data/zealand/players-254-136-22_180.png","href":"/player/254136/elijah-just/","defaultimg":"https://cdn.sofifa.net/players/notfound_0_60.png","name":"Just","teamlogo":"./data/zealand/teams-111473-180.png","pac":76,"sho":62,"pas":62,"dri":70,"def":30,"phy":54,"rating":"66","pos":"LW"},{"left":"36%","top":"18.75%","img":"./data/zealand/players-232-669-22_180.png","href":"/player/232669/sarpreet-singh/","defaultimg":"https://cdn.sofifa.net/players/notfound_0_60.png","name":"Singh","teamlogo":"./data/zealand/teams-543-180.png","pac":75,"sho":65,"pas":70,"dri":71,"def":48,"phy":57,"rating":"69","pos":"CAM"},{"left":"21.92%","top":"36.86%","img":"./data/zealand/players-254-142-22_180.png","href":"/player/254142/joe-bell/","defaultimg":"https://cdn.sofifa.net/players/notfound_0_60.png","name":"Bell","teamlogo":"./data/zealand/teams-300-180.png","pac":69,"sho":62,"pas":70,"dri":69,"def":63,"phy":76,"rating":"69","pos":"CM"},{"left":"50.08%","top":"37.5%","img":"./data/zealand/players-220-763-22_180.png","href":"/player/220763/ryan-thomas/","defaultimg":"https://cdn.sofifa.net/players/notfound_0_60.png","name":"Thomas","teamlogo":"./data/zealand/teams-247-180.png","pac":71,"sho":65,"pas":71,"dri":76,"def":61,"phy":68,"rating":"73","pos":"CM"},{"left":"-1.4%","top":"65%","img":"./data/zealand/players-242-429-22_180.png","href":"/player/242429/liberato-cacace/","defaultimg":"https://cdn.sofifa.net/players/notfound_0_60.png","name":"Cacace","teamlogo":"./data/zealand/teams-1746-180.png","pac":81,"sho":62,"pas":65,"dri":69,"def":66,"phy":77,"rating":"72","pos":"LWB"},{"left":"21.0312%","top":"70.37%","img":"./data/zealand/players-202-170-22_180.png","href":"/player/202170/michael-boxall/","defaultimg":"https://cdn.sofifa.net/players/notfound_0_60.png","name":"Boxall","teamlogo":"./data/zealand/teams-111138-180.png","pac":56,"sho":42,"pas":58,"dri":57,"def":67,"phy":80,"rating":"69","pos":"CB"},{"left":"52.0336%","top":"70.8%","img":"./data/zealand/players-176-285-22_180.png","href":"/player/176285/winston-reid/","defaultimg":"https://cdn.sofifa.net/players/notfound_0_60.png","name":"Reid","teamlogo":"./data/zealand/teams-19-180.png","pac":53,"sho":51,"pas":45,"dri":48,"def":74,"phy":69,"rating":"73","pos":"CB"},{"left":"73.4%","top":"65%","img":"./data/zealand/players-242-954-22_180.png","href":"/player/242954/niko-kirwan/","defaultimg":"https://cdn.sofifa.net/players/notfound_0_60.png","name":"Kirwan","teamlogo":"./data/zealand/teams-111473-180.png","pac":71,"sho":53,"pas":58,"dri":59,"def":58,"phy":72,"rating":"64","pos":"RB"},{"left":"36%","top":"83.25%","img":"./data/zealand/players-225-993-22_180.png","href":"/player/225993/oliver-sail/","defaultimg":"https://cdn.sofifa.net/players/notfound_0_60.png","name":"Sail","teamlogo":"./data/zealand/teams-111766-180.png","pac":74,"sho":68,"pas":56,"dri":71,"def":49,"phy":66,"rating":"70","pos":"GK"}],"teamname":"zealand"}