{"notionLogo":"./data/augsburg/teams-100409-180.png","notionName":"奥格斯堡","players":[{"left":"26.32%","top":"-2.5%","img":"./data/augsburg/players-199-439-22_180.png","href":"/player/199439/michael-gregoritsch/","defaultimg":"https://cdn.sofifa.net/players/notfound_0_60.png","name":"Gregoritsch","teamlogo":"./data/augsburg/flags-at@3x.png"},{"left":"44.8%","top":"-2.5%","img":"./data/augsburg/players-211-862-22_180.png","href":"/player/211862/andre-hahn/","defaultimg":"https://cdn.sofifa.net/players/notfound_0_60.png","name":"Hahn","teamlogo":"./data/augsburg/flags-de@3x.png"},{"left":"-1.4%","top":"26.25%","img":"./data/augsburg/players-238-581-22_180.png","href":"/player/238581/ruben-vargas/","defaultimg":"https://cdn.sofifa.net/players/notfound_0_60.png","name":"Vargas","teamlogo":"./data/augsburg/flags-ch@3x.png"},{"left":"73.4%","top":"26.25%","img":"./data/augsburg/players-197-083-22_180.png","href":"/player/197083/daniel-caligiuri/","defaultimg":"https://cdn.sofifa.net/players/notfound_0_60.png","name":"Caligiuri","teamlogo":"./data/augsburg/flags-it@3x.png"},{"left":"22.8%","top":"51.25%","img":"./data/augsburg/players-231-227-22_180.png","href":"/player/231227/niklas-dorsch/","defaultimg":"https://cdn.sofifa.net/players/notfound_0_60.png","name":"Dorsch","teamlogo":"./data/augsburg/flags-de@3x.png"},{"left":"49.2%","top":"51.25%","img":"./data/augsburg/players-237-629-22_180.png","href":"/player/237629/arne-maier/","defaultimg":"https://cdn.sofifa.net/players/notfound_0_60.png","name":"Maier","teamlogo":"./data/augsburg/flags-de@3x.png"},{"left":"-1.4%","top":"65%","img":"./data/augsburg/players-251-182-22_180.png","href":"/player/251182/iago-amaral-borduchi/","defaultimg":"https://cdn.sofifa.net/players/notfound_0_60.png","name":"Iago","teamlogo":"./data/augsburg/flags-br@3x.png"},{"left":"20.6%","top":"70%","img":"./data/augsburg/players-225-908-22_180.png","href":"/player/225908/reece-oxford/","defaultimg":"https://cdn.sofifa.net/players/notfound_0_60.png","name":"Oxford","teamlogo":"./data/augsburg/flags-gb-eng@3x.png"},{"left":"51.4%","top":"70%","img":"./data/augsburg/players-232-144-22_180.png","href":"/player/232144/felix-uduokhai/","defaultimg":"https://cdn.sofifa.net/players/notfound_0_60.png","name":"Uduokhai","teamlogo":"./data/augsburg/flags-de@3x.png"},{"left":"73.4%","top":"65%","img":"./data/augsburg/players-233-409-22_180.png","href":"/player/233409/robert-gumny/","defaultimg":"https://cdn.sofifa.net/players/notfound_0_60.png","name":"Gumny","teamlogo":"./data/augsburg/flags-pl@3x.png"},{"left":"36%","top":"83.25%","img":"./data/augsburg/players-194-333-22_180.png","href":"/player/194333/rafal-gikiewicz/","defaultimg":"https://cdn.sofifa.net/players/notfound_0_60.png","name":"Gikiewicz","teamlogo":"./data/augsburg/flags-pl@3x.png"}],"teamname":"augsburg"}