{"notionLogo":"./data/venezia/teams-205-180.png","notionName":"威尼斯","players":[{"left":"-1.4%","top":"2.5%","img":"./data/venezia/players-237-502-22_180.png","href":"/player/237502/dennis-johnsen/","defaultimg":"https://cdn.sofifa.net/players/notfound_0_60.png","name":"Johnsen","teamlogo":"./data/venezia/flags-no@3x.png"},{"left":"35.956%","top":"-2.5%","img":"./data/venezia/players-231-835-22_180.png","href":"/player/231835/thomas-henry/","defaultimg":"https://cdn.sofifa.net/players/notfound_0_60.png","name":"Henry","teamlogo":"./data/venezia/flags-fr@3x.png"},{"left":"73.4%","top":"2.5%","img":"./data/venezia/players-219-984-22_180.png","href":"/player/219984/mattia-aramu/","defaultimg":"https://cdn.sofifa.net/players/notfound_0_60.png","name":"Aramu","teamlogo":"./data/venezia/flags-it@3x.png"},{"left":"21.92%","top":"30%","img":"./data/venezia/players-231-137-22_180.png","href":"/player/231137/domen-crnigoj/","defaultimg":"https://cdn.sofifa.net/players/notfound_0_60.png","name":"Črnigoj","teamlogo":"./data/venezia/flags-si@3x.png"},{"left":"36.1408%","top":"37.5%","img":"./data/venezia/players-242-332-22_180.png","href":"/player/242332/gianluca-busio/","defaultimg":"https://cdn.sofifa.net/players/notfound_0_60.png","name":"Busio","teamlogo":"./data/venezia/flags-us@3x.png"},{"left":"50.08%","top":"30%","img":"./data/venezia/players-235-735-22_180.png","href":"/player/235735/ethan-ampadu/","defaultimg":"https://cdn.sofifa.net/players/notfound_0_60.png","name":"Ampadu","teamlogo":"./data/venezia/flags-gb-wls@3x.png"},{"left":"-3.6%","top":"62.5%","img":"./data/venezia/players-210-384-22_180.png","href":"/player/210384/ridgeciano-haps/","defaultimg":"https://cdn.sofifa.net/players/notfound_0_60.png","name":"Haps","teamlogo":"./data/venezia/flags-sr@3x.png"},{"left":"17.3%","top":"67.5%","img":"./data/venezia/players-220-477-22_180.png","href":"/player/220477/mattia-caldara/","defaultimg":"https://cdn.sofifa.net/players/notfound_0_60.png","name":"Caldara","teamlogo":"./data/venezia/flags-it@3x.png"},{"left":"54.7%","top":"67.5%","img":"./data/venezia/players-219-956-22_180.png","href":"/player/219956/pietro-ceccaroni/","defaultimg":"https://cdn.sofifa.net/players/notfound_0_60.png","name":"Ceccaroni","teamlogo":"./data/venezia/flags-it@3x.png"},{"left":"75.6%","top":"62.5%","img":"./data/venezia/players-224-213-22_180.png","href":"/player/224213/tyronne-ebuehi/","defaultimg":"https://cdn.sofifa.net/players/notfound_0_60.png","name":"Ebuehi","teamlogo":"./data/venezia/flags-ng@3x.png"},{"left":"36%","top":"83.25%","img":"./data/venezia/players-173-373-22_180.png","href":"/player/173373/sergio-romero/","defaultimg":"https://cdn.sofifa.net/players/notfound_0_60.png","name":"Romero","teamlogo":"./data/venezia/flags-ar@3x.png"}],"teamname":"venezia"}