{"notionLogo":"./data/schalke/teams-34-180.png","notionName":"沙尔克 04","players":[{"left":"25.44%","top":"0%","img":"./data/schalke/players-244-390-22_180.png","href":"/player/244390/marius-bulter/","defaultimg":"https://cdn.sofifa.net/players/notfound_0_60.png","name":"Bülter","teamlogo":"./data/schalke/flags-de@3x.png"},{"left":"45.68%","top":"-5%","img":"./data/schalke/players-183-714-22_180.png","href":"/player/183714/simon-terodde/","defaultimg":"https://cdn.sofifa.net/players/notfound_0_60.png","name":"Terodde","teamlogo":"./data/schalke/flags-de@3x.png"},{"left":"-1.4%","top":"26.25%","img":"./data/schalke/players-251-377-22_180.png","href":"/player/251377/rodrigo-zalazar/","defaultimg":"https://cdn.sofifa.net/players/notfound_0_60.png","name":"Zalazar","teamlogo":"./data/schalke/flags-uy@3x.png"},{"left":"73.4%","top":"26.25%","img":"./data/schalke/players-198-617-22_180.png","href":"/player/198617/dominick-drexler/","defaultimg":"https://cdn.sofifa.net/players/notfound_0_60.png","name":"Drexler","teamlogo":"./data/schalke/flags-de@3x.png"},{"left":"22.8%","top":"51.25%","img":"./data/schalke/players-190-640-22_180.png","href":"/player/190640/victor-palsson/","defaultimg":"https://cdn.sofifa.net/players/notfound_0_60.png","name":"Pálsson","teamlogo":"./data/schalke/flags-is@3x.png"},{"left":"50.08%","top":"47.5%","img":"./data/schalke/players-189-410-22_180.png","href":"/player/189410/danny-latza/","defaultimg":"https://cdn.sofifa.net/players/notfound_0_60.png","name":"Latza","teamlogo":"./data/schalke/flags-de@3x.png"},{"left":"-1.4%","top":"65%","img":"./data/schalke/players-229-155-22_180.png","href":"/player/229155/thomas-ouwejan/","defaultimg":"https://cdn.sofifa.net/players/notfound_0_60.png","name":"Ouwejan","teamlogo":"./data/schalke/flags-nl@3x.png"},{"left":"17.8368%","top":"68.67%","img":"./data/schalke/players-199-761-22_180.png","href":"/player/199761/marcin-kaminski/","defaultimg":"https://cdn.sofifa.net/players/notfound_0_60.png","name":"Kamiński","teamlogo":"./data/schalke/flags-pl@3x.png"},{"left":"53.8992%","top":"68.88%","img":"./data/schalke/players-233-152-22_180.png","href":"/player/233152/ko-itakura/","defaultimg":"https://cdn.sofifa.net/players/notfound_0_60.png","name":"Itakura","teamlogo":"./data/schalke/flags-jp@3x.png"},{"left":"73.4%","top":"65%","img":"./data/schalke/players-212-137-22_180.png","href":"/player/212137/andreas-vindheim/","defaultimg":"https://cdn.sofifa.net/players/notfound_0_60.png","name":"Vindheim","teamlogo":"./data/schalke/flags-no@3x.png"},{"left":"36%","top":"83.25%","img":"./data/schalke/players-227-497-22_180.png","href":"/player/227497/martin-fraisl/","defaultimg":"https://cdn.sofifa.net/players/notfound_0_60.png","name":"Fraisl","teamlogo":"./data/schalke/flags-at@3x.png"}],"teamname":"schalke"}