{"notionLogo":"./data/Mexi/teams-1386-180.png","notionName":"墨西哥","players":[{"left":"-1.4%","top":"2.5%","img":"./data/Mexi/players-221-992-22_180.png","href":"/player/221992/hirving-lozano/","defaultimg":"https://cdn.sofifa.net/players/notfound_0_60.png","name":"Lozano","teamlogo":"./data/Mexi/teams-48-180.png","pac":93,"sho":76,"pas":72,"dri":82,"def":41,"phy":62,"rating":"81","pos":"RW"},{"left":"35.956%","top":"-2.5%","img":"./data/Mexi/players-204-838-22_180.png","href":"/player/204838/raul-jimenez/","defaultimg":"https://cdn.sofifa.net/players/notfound_0_60.png","name":"Jiménez","teamlogo":"./data/Mexi/teams-110-180.png","pac":74,"sho":81,"pas":76,"dri":80,"def":47,"phy":82,"rating":"82","pos":"ST"},{"left":"73.4%","top":"2.5%","img":"./data/Mexi/players-193-165-22_180.png","href":"/player/193165/jesus-corona/","defaultimg":"https://cdn.sofifa.net/players/notfound_0_60.png","name":"Corona","teamlogo":"./data/Mexi/teams-481-180.png","pac":83,"sho":67,"pas":78,"dri":85,"def":73,"phy":59,"rating":"81","pos":"RM"},{"left":"21.92%","top":"30%","img":"./data/Mexi/players-235-389-22_180.png","href":"/player/235389/carlos-rodriguez/","defaultimg":"https://cdn.sofifa.net/players/notfound_0_60.png","name":"Rodríguez","teamlogo":"./data/Mexi/teams-1878-180.png","pac":77,"sho":66,"pas":73,"dri":77,"def":66,"phy":67,"rating":"75","pos":"CM"},{"left":"50.08%","top":"30%","img":"./data/Mexi/players-156-519-22_180.png","href":"/player/156519/hector-herrera/","defaultimg":"https://cdn.sofifa.net/players/notfound_0_60.png","name":"Herrera","teamlogo":"./data/Mexi/teams-698-180.png","pac":66,"sho":75,"pas":76,"dri":76,"def":76,"phy":83,"rating":"81","pos":"CM"},{"left":"36%","top":"47.5%","img":"./data/Mexi/players-235-844-22_180.png","href":"/player/235844/edson-alvarez/","defaultimg":"https://cdn.sofifa.net/players/notfound_0_60.png","name":"Álvarez","teamlogo":"./data/Mexi/teams-245-180.png","pac":70,"sho":53,"pas":67,"dri":67,"def":81,"phy":84,"rating":"79","pos":"CDM"},{"left":"-3.6%","top":"62.5%","img":"./data/Mexi/players-236-537-22_180.png","href":"/player/236537/gerardo-arteaga/","defaultimg":"https://cdn.sofifa.net/players/notfound_0_60.png","name":"Arteaga","teamlogo":"./data/Mexi/teams-673-180.png","pac":81,"sho":53,"pas":67,"dri":71,"def":67,"phy":65,"rating":"73","pos":"LB"},{"left":"22.096%","top":"67.5%","img":"./data/Mexi/players-244-349-22_180.png","href":"/player/244349/johan-vasquez/","defaultimg":"https://cdn.sofifa.net/players/notfound_0_60.png","name":"Vásquez","teamlogo":"./data/Mexi/teams-1881-180.png","pac":66,"sho":32,"pas":57,"dri":56,"def":73,"phy":73,"rating":"71","pos":"CB"},{"left":"49.64%","top":"67.72%","img":"./data/Mexi/players-229-980-22_180.png","href":"/player/229980/cesar-montes/","defaultimg":"https://cdn.sofifa.net/players/notfound_0_60.png","name":"Montes","teamlogo":"./data/Mexi/teams-1032-180.png","pac":62,"sho":44,"pas":63,"dri":65,"def":76,"phy":78,"rating":"76","pos":"CB"},{"left":"75.6%","top":"62.5%","img":"./data/Mexi/players-233-493-22_180.png","href":"/player/233493/jorge-sanchez/","defaultimg":"https://cdn.sofifa.net/players/notfound_0_60.png","name":"Sánchez","teamlogo":"./data/Mexi/teams-1879-180.png","pac":92,"sho":45,"pas":61,"dri":72,"def":71,"phy":77,"rating":"75","pos":"RB"},{"left":"36%","top":"83.25%","img":"./data/Mexi/players-140-233-22_180.png","href":"/player/140233/guillermo-ochoa/","defaultimg":"https://cdn.sofifa.net/players/notfound_0_60.png","name":"Ochoa","teamlogo":"./data/Mexi/teams-1879-180.png","pac":79,"sho":74,"pas":70,"dri":83,"def":50,"phy":80,"rating":"80","pos":"GK"}],"teamname":"Mexi"}