{"notionLogo":"./data/hoffenheim/teams-10029-180.png","notionName":"霍芬海姆","players":[{"left":"26.32%","top":"-2.5%","img":"./data/hoffenheim/players-216-354-22_180.png","href":"/player/216354/andrej-kramaric/","defaultimg":"https://cdn.sofifa.net/players/notfound_0_60.png","name":"Kramarić","teamlogo":"./data/hoffenheim/flags-hr@3x.png"},{"left":"44.8%","top":"-2.5%","img":"./data/hoffenheim/players-216-258-22_180.png","href":"/player/216258/ihlas-bebou/","defaultimg":"https://cdn.sofifa.net/players/notfound_0_60.png","name":"Bebou","teamlogo":"./data/hoffenheim/flags-tg@3x.png"},{"left":"21.92%","top":"30%","img":"./data/hoffenheim/players-235-526-22_180.png","href":"/player/235526/dennis-geiger/","defaultimg":"https://cdn.sofifa.net/players/notfound_0_60.png","name":"Geiger","teamlogo":"./data/hoffenheim/flags-de@3x.png"},{"left":"35.736%","top":"37.5%","img":"./data/hoffenheim/players-235-424-22_180.png","href":"/player/235424/diadie-samassekou/","defaultimg":"https://cdn.sofifa.net/players/notfound_0_60.png","name":"Samassékou","teamlogo":"./data/hoffenheim/flags-ml@3x.png"},{"left":"50.08%","top":"30%","img":"./data/hoffenheim/players-242-187-22_180.png","href":"/player/242187/christoph-baumgartner/","defaultimg":"https://cdn.sofifa.net/players/notfound_0_60.png","name":"Baumgartner","teamlogo":"./data/hoffenheim/flags-at@3x.png"},{"left":"-1.4%","top":"57.5%","img":"./data/hoffenheim/players-236-703-22_180.png","href":"/player/236703/david-raum/","defaultimg":"https://cdn.sofifa.net/players/notfound_0_60.png","name":"Raum","teamlogo":"./data/hoffenheim/flags-de@3x.png"},{"left":"20.6%","top":"70%","img":"./data/hoffenheim/players-192-641-22_180.png","href":"/player/192641/kevin-vogt/","defaultimg":"https://cdn.sofifa.net/players/notfound_0_60.png","name":"Vogt","teamlogo":"./data/hoffenheim/flags-de@3x.png"},{"left":"36%","top":"70%","img":"./data/hoffenheim/players-228-336-22_180.png","href":"/player/228336/florian-grillitsch/","defaultimg":"https://cdn.sofifa.net/players/notfound_0_60.png","name":"Grillitsch","teamlogo":"./data/hoffenheim/flags-at@3x.png"},{"left":"51.4%","top":"70%","img":"./data/hoffenheim/players-223-671-22_180.png","href":"/player/223671/stefan-posch/","defaultimg":"https://cdn.sofifa.net/players/notfound_0_60.png","name":"Posch","teamlogo":"./data/hoffenheim/flags-at@3x.png"},{"left":"73.4%","top":"57.5%","img":"./data/hoffenheim/players-203-605-22_180.png","href":"/player/203605/pavel-kaderabek/","defaultimg":"https://cdn.sofifa.net/players/notfound_0_60.png","name":"Kadeřábek","teamlogo":"./data/hoffenheim/flags-cz@3x.png"},{"left":"36%","top":"83.25%","img":"./data/hoffenheim/players-193-698-22_180.png","href":"/player/193698/oliver-baumann/","defaultimg":"https://cdn.sofifa.net/players/notfound_0_60.png","name":"Baumann","teamlogo":"./data/hoffenheim/flags-de@3x.png"}],"teamname":"hoffenheim"}