{"notionLogo":"./data/getafe/teams-1860-180.png","notionName":"赫塔费","players":[{"left":"26.32%","top":"-2.5%","img":"./data/getafe/players-228-635-22_180.png","href":"/player/228635/borja-mayoral-moya/","defaultimg":"https://cdn.sofifa.net/players/notfound_0_60.png","name":"Borja Mayoral","teamlogo":"./data/getafe/flags-es@3x.png"},{"left":"44.8%","top":"-2.5%","img":"./data/getafe/players-223-197-22_180.png","href":"/player/223197/enes-unal/","defaultimg":"https://cdn.sofifa.net/players/notfound_0_60.png","name":"Ünal","teamlogo":"./data/getafe/flags-tr@3x.png"},{"left":"21.92%","top":"30%","img":"./data/getafe/players-239-433-22_180.png","href":"/player/239433/nemanja-maksimovic/","defaultimg":"https://cdn.sofifa.net/players/notfound_0_60.png","name":"Maksimović","teamlogo":"./data/getafe/flags-rs@3x.png"},{"left":"36.8008%","top":"37.5%","img":"./data/getafe/players-232-665-22_180.png","href":"/player/232665/mauro-arambarri/","defaultimg":"https://cdn.sofifa.net/players/notfound_0_60.png","name":"Arambarri","teamlogo":"./data/getafe/flags-uy@3x.png"},{"left":"50.08%","top":"30%","img":"./data/getafe/players-233-113-22_180.png","href":"/player/233113/carles-alena-castillo/","defaultimg":"https://cdn.sofifa.net/players/notfound_0_60.png","name":"Aleñá","teamlogo":"./data/getafe/flags-es@3x.png"},{"left":"-1.4%","top":"57.5%","img":"./data/getafe/players-240-716-22_180.png","href":"/player/240716/mathias-olivera/","defaultimg":"https://cdn.sofifa.net/players/notfound_0_60.png","name":"Olivera","teamlogo":"./data/getafe/flags-uy@3x.png"},{"left":"17.3%","top":"67.5%","img":"./data/getafe/players-237-522-22_180.png","href":"/player/237522/jorge-cuenca-barreno/","defaultimg":"https://cdn.sofifa.net/players/notfound_0_60.png","name":"Jorge Cuenca","teamlogo":"./data/getafe/flags-es@3x.png"},{"left":"36%","top":"70%","img":"./data/getafe/players-209-547-22_180.png","href":"/player/209547/stefan-mitrovic/","defaultimg":"https://cdn.sofifa.net/players/notfound_0_60.png","name":"Mitrović","teamlogo":"./data/getafe/flags-rs@3x.png"},{"left":"54.7%","top":"68.51%","img":"./data/getafe/players-217-940-22_180.png","href":"/player/217940/dakonam-djene/","defaultimg":"https://cdn.sofifa.net/players/notfound_0_60.png","name":"Djené","teamlogo":"./data/getafe/flags-tg@3x.png"},{"left":"73.4%","top":"57.5%","img":"./data/getafe/players-203-843-22_180.png","href":"/player/203843/damian-suarez/","defaultimg":"https://cdn.sofifa.net/players/notfound_0_60.png","name":"Suárez","teamlogo":"./data/getafe/flags-uy@3x.png"},{"left":"36%","top":"83.25%","img":"./data/getafe/players-223-952-22_180.png","href":"/player/223952/david-soria-solis/","defaultimg":"https://cdn.sofifa.net/players/notfound_0_60.png","name":"David Soria","teamlogo":"./data/getafe/flags-es@3x.png"}],"teamname":"getafe"}