{"notionLogo":"./data/poland/teams-1353-180.png","notionName":"波兰","players":[{"left":"35.956%","top":"-2.5%","img":"./data/poland/players-188-545-22_180.png","href":"/player/188545/robert-lewandowski/","defaultimg":"https://cdn.sofifa.net/players/notfound_0_60.png","name":"Lewandowski","teamlogo":"./data/poland/teams-241-180.png","pac":78,"sho":92,"pas":79,"dri":86,"def":44,"phy":82,"rating":"92","pos":"ST"},{"left":"17.3%","top":"10%","img":"./data/poland/players-210-406-22_180.png","href":"/player/210406/piotr-zielinski/","defaultimg":"https://cdn.sofifa.net/players/notfound_0_60.png","name":"Zieliński","teamlogo":"./data/poland/teams-48-180.png","pac":81,"sho":76,"pas":80,"dri":85,"def":70,"phy":62,"rating":"82","pos":"CM"},{"left":"54.7%","top":"10%","img":"./data/poland/players-235-973-22_180.png","href":"/player/235973/sebastian-szymanski/","defaultimg":"https://cdn.sofifa.net/players/notfound_0_60.png","name":"Szymański","teamlogo":"./data/poland/teams-312-180.png","pac":83,"sho":66,"pas":74,"dri":76,"def":38,"phy":49,"rating":"74","pos":"CAM"},{"left":"22.8%","top":"33.75%","img":"./data/poland/players-239-778-22_180.png","href":"/player/239778/jakub-moder/","defaultimg":"https://cdn.sofifa.net/players/notfound_0_60.png","name":"Moder","teamlogo":"./data/poland/teams-1808-180.png","pac":72,"sho":70,"pas":74,"dri":72,"def":69,"phy":75,"rating":"74","pos":"CDM"},{"left":"36%","top":"37.5%","img":"./data/poland/players-224-763-22_180.png","href":"/player/224763/krystian-bielik/","defaultimg":"https://cdn.sofifa.net/players/notfound_0_60.png","name":"Bielik","teamlogo":"./data/poland/teams-91-180.png","pac":59,"sho":45,"pas":64,"dri":69,"def":71,"phy":74,"rating":"72","pos":"CDM"},{"left":"50.08%","top":"33.32%","img":"./data/poland/players-229-739-22_180.png","href":"/player/229739/jacek-goralski/","defaultimg":"https://cdn.sofifa.net/players/notfound_0_60.png","name":"Góralski","teamlogo":"./data/poland/teams-160-180.png","pac":69,"sho":46,"pas":65,"dri":67,"def":69,"phy":79,"rating":"73","pos":"CDM"},{"left":"-1.4%","top":"65%","img":"./data/poland/players-199-763-22_180.png","href":"/player/199763/bartosz-bereszynski/","defaultimg":"https://cdn.sofifa.net/players/notfound_0_60.png","name":"Bereszyński","teamlogo":"./data/poland/teams-1837-180.png","pac":84,"sho":56,"pas":64,"dri":69,"def":67,"phy":73,"rating":"73","pos":"RB"},{"left":"20.6%","top":"70%","img":"./data/poland/players-220-570-22_180.png","href":"/player/220570/jan-bednarek/","defaultimg":"https://cdn.sofifa.net/players/notfound_0_60.png","name":"Bednarek","teamlogo":"./data/poland/teams-17-180.png","pac":53,"sho":22,"pas":53,"dri":55,"def":77,"phy":80,"rating":"76","pos":"CB"},{"left":"51.136%","top":"69.79%","img":"./data/poland/players-190-547-22_180.png","href":"/player/190547/kamil-glik/","defaultimg":"https://cdn.sofifa.net/players/notfound_0_60.png","name":"Glik","teamlogo":"./data/poland/teams-112026-180.png","pac":36,"sho":32,"pas":45,"dri":53,"def":72,"phy":78,"rating":"72","pos":"CB"},{"left":"73.4%","top":"65%","img":"./data/poland/players-227-174-22_180.png","href":"/player/227174/matty-cash/","defaultimg":"https://cdn.sofifa.net/players/notfound_0_60.png","name":"Cash","teamlogo":"./data/poland/teams-2-180.png","pac":80,"sho":64,"pas":71,"dri":75,"def":73,"phy":71,"rating":"79","pos":"RB"},{"left":"36%","top":"83.25%","img":"./data/poland/players-186-153-22_180.png","href":"/player/186153/wojciech-szczesny/","defaultimg":"https://cdn.sofifa.net/players/notfound_0_60.png","name":"Szczęsny","teamlogo":"./data/poland/teams-52-180.png","pac":86,"sho":81,"pas":73,"dri":87,"def":49,"phy":86,"rating":"86","pos":"GK"}],"teamname":"poland"}