{"notionLogo":"./data/states/teams-1387-180.png","notionName":"美国","players":[{"left":"0.8%","top":"7.29%","img":"./data/states/players-227-796-22_180.png","href":"/player/227796/christian-pulisic/","defaultimg":"https://cdn.sofifa.net/players/notfound_0_60.png","name":"Pulisic","teamlogo":"./data/states/teams-5-180.png","pac":87,"sho":71,"pas":73,"dri":86,"def":37,"phy":59,"rating":"82","pos":"LW"},{"left":"35.956%","top":"-5%","img":"./data/states/players-251-223-22_180.png","href":"/player/251223/ricardo-pepi/","defaultimg":"https://cdn.sofifa.net/players/notfound_0_60.png","name":"Pepi","teamlogo":"./data/states/teams-100409-180.png","pac":66,"sho":68,"pas":52,"dri":66,"def":37,"phy":63,"rating":"69","pos":"ST"},{"left":"71.2%","top":"4.63%","img":"./data/states/players-241-496-22_180.png","href":"/player/241496/timothy-weah/","defaultimg":"https://cdn.sofifa.net/players/notfound_0_60.png","name":"Weah","teamlogo":"./data/states/teams-65-180.png","pac":87,"sho":71,"pas":67,"dri":76,"def":45,"phy":62,"rating":"74","pos":"RM"},{"left":"22.2632%","top":"30%","img":"./data/states/players-238-744-22_180.png","href":"/player/238744/weston-mckennie/","defaultimg":"https://cdn.sofifa.net/players/notfound_0_60.png","name":"McKennie","teamlogo":"./data/states/teams-45-180.png","pac":81,"sho":73,"pas":73,"dri":77,"def":77,"phy":82,"rating":"78","pos":"CM"},{"left":"49.2%","top":"33.75%","img":"./data/states/players-253-177-22_180.png","href":"/player/253177/yunus-musah/","defaultimg":"https://cdn.sofifa.net/players/notfound_0_60.png","name":"Musah","teamlogo":"./data/states/teams-461-180.png","pac":86,"sho":69,"pas":65,"dri":73,"def":58,"phy":68,"rating":"73","pos":"RM"},{"left":"36%","top":"51.25%","img":"./data/states/players-232-999-22_180.png","href":"/player/232999/tyler-adams/","defaultimg":"https://cdn.sofifa.net/players/notfound_0_60.png","name":"Adams","teamlogo":"./data/states/teams-8-180.png","pac":80,"sho":48,"pas":69,"dri":73,"def":73,"phy":76,"rating":"76","pos":"CDM"},{"left":"-1.3296%","top":"67.5%","img":"./data/states/players-229-348-22_180.png","href":"/player/229348/antonee-robinson/","defaultimg":"https://cdn.sofifa.net/players/notfound_0_60.png","name":"Robinson","teamlogo":"./data/states/teams-144-180.png","pac":87,"sho":47,"pas":62,"dri":73,"def":68,"phy":72,"rating":"74","pos":"LB"},{"left":"20.7056%","top":"71.44%","img":"./data/states/players-212-591-22_180.png","href":"/player/212591/walker-zimmerman/","defaultimg":"https://cdn.sofifa.net/players/notfound_0_60.png","name":"Zimmerman","teamlogo":"./data/states/teams-114162-180.png","pac":57,"sho":50,"pas":55,"dri":56,"def":74,"phy":84,"rating":"76","pos":"CB"},{"left":"51.4%","top":"71.54%","img":"./data/states/players-237-255-22_180.png","href":"/player/237255/miles-robinson/","defaultimg":"https://cdn.sofifa.net/players/notfound_0_60.png","name":"Robinson","teamlogo":"./data/states/teams-112885-180.png","pac":83,"sho":35,"pas":54,"dri":67,"def":72,"phy":78,"rating":"73","pos":"CB"},{"left":"73.8664%","top":"62.5%","img":"./data/states/players-251-804-22_180.png","href":"/player/251804/sergino-dest/","defaultimg":"https://cdn.sofifa.net/players/notfound_0_60.png","name":"Dest","teamlogo":"./data/states/teams-241-180.png","pac":86,"sho":59,"pas":72,"dri":81,"def":69,"phy":66,"rating":"77","pos":"RB"},{"left":"36%","top":"83.25%","img":"./data/states/players-234-777-22_180.png","href":"/player/234777/zack-steffen/","defaultimg":"https://cdn.sofifa.net/players/notfound_0_60.png","name":"Steffen","teamlogo":"./data/states/teams-10-180.png","pac":79,"sho":74,"pas":75,"dri":83,"def":53,"phy":73,"rating":"78","pos":"GK"}],"teamname":"states"}