{"notionLogo":"./data/benfica/teams-234-180.png","notionName":"本菲卡","players":[{"left":"36%","top":"-2.5%","img":"./data/benfica/players-240-702-22_180.png","href":"/player/240702/roman-yaremchuk/","defaultimg":"https://cdn.sofifa.net/players/notfound_0_60.png","name":"Yaremchuk","teamlogo":"./data/benfica/flags-ua@3x.png"},{"left":"5.2%","top":"12%","img":"./data/benfica/players-216-547-22_180.png","href":"/player/216547/rafael-a-ferreira-silva/","defaultimg":"https://cdn.sofifa.net/players/notfound_0_60.png","name":"Rafa","teamlogo":"./data/benfica/flags-pt@3x.png"},{"left":"36%","top":"20%","img":"./data/benfica/players-212-814-22_180.png","href":"/player/212814/joao-mario-n-costa-eduardo/","defaultimg":"https://cdn.sofifa.net/players/notfound_0_60.png","name":"João Mário","teamlogo":"./data/benfica/flags-pt@3x.png"},{"left":"66.8%","top":"12%","img":"./data/benfica/players-236-632-22_180.png","href":"/player/236632/david-neres-campos/","defaultimg":"https://cdn.sofifa.net/players/notfound_0_60.png","name":"David Neres","teamlogo":"./data/benfica/flags-br@3x.png"},{"left":"20.16%","top":"47.5%","img":"./data/benfica/players-231-913-22_180.png","href":"/player/12064880/fredrik-aursnes/","defaultimg":"https://cdn.sofifa.net/players/notfound_0_60.png","name":"Aursnes","teamlogo":"./data/benfica/flags-no@3x.png"},{"left":"51.84%","top":"47.5%","img":"./data/benfica/players-247-090-22_180.png","href":"/player/11855394/enzo-fernandez/","defaultimg":"https://cdn.sofifa.net/players/notfound_0_60.png","name":"Fernández","teamlogo":"./data/benfica/flags-ar@3x.png"},{"left":"-3.16%","top":"62.5%","img":"./data/benfica/players-210-035-22_180.png","href":"/player/210035/alejandro-grimaldo-garcia/","defaultimg":"https://cdn.sofifa.net/players/notfound_0_60.png","name":"Grimaldo","teamlogo":"./data/benfica/flags-es@3x.png"},{"left":"20.16%","top":"70%","img":"./data/benfica/players-172-871-22_180.png","href":"/player/172871/jan-vertonghen/","defaultimg":"https://cdn.sofifa.net/players/notfound_0_60.png","name":"Vertonghen","teamlogo":"./data/benfica/flags-be@3x.png"},{"left":"51.84%","top":"70%","img":"./data/benfica/players-192-366-22_180.png","href":"/player/192366/nicolas-otamendi/","defaultimg":"https://cdn.sofifa.net/players/notfound_0_60.png","name":"Otamendi","teamlogo":"./data/benfica/flags-ar@3x.png"},{"left":"75.16%","top":"62.5%","img":"./data/benfica/players-245-235-22_180.png","href":"/player/11849711/alexander-bah/","defaultimg":"https://cdn.sofifa.net/players/notfound_0_60.png","name":"Bah","teamlogo":"./data/benfica/flags-dk@3x.png"},{"left":"36%","top":"83.5%","img":"./data/benfica/players-211-990-22_180.png","href":"/player/211990/odisseas-vlachodimos/","defaultimg":"https://cdn.sofifa.net/players/notfound_0_60.png","name":"Vlachodimos","teamlogo":"./data/benfica/flags-gr@3x.png"}],"teamname":"benfica"}