{"notionLogo":"./data/arsenal/teams-1-180.png","notionName":"阿森纳","players":[{"left":"36%","top":"-2.5%","img":"./data/arsenal/players-230-666-22_180.png","href":"/player/230666/gabriel-fernando-de-jesus/","defaultimg":"https://cdn.sofifa.net/players/notfound_0_60.png","name":"Gabriel Jesus","teamlogo":"./data/arsenal/flags-br@3x.png"},{"left":"36%","top":"20%","img":"./data/arsenal/players-222-665-22_180.png","href":"/player/222665/martin-odegaard/","defaultimg":"https://cdn.sofifa.net/players/notfound_0_60.png","name":"Ødegaard","teamlogo":"./data/arsenal/flags-no@3x.png"},{"left":"-0.08%","top":"29%","img":"./data/arsenal/players-251-566-22_180.png","href":"/player/251566/gabriel-teodoro-martinelli-silva/","defaultimg":"https://cdn.sofifa.net/players/notfound_0_60.png","name":"Gabriel Martinelli","teamlogo":"./data/arsenal/flags-br@3x.png"},{"left":"72.08%","top":"29%","img":"./data/arsenal/players-246-669-22_180.png","href":"/player/246669/bukayo-saka/","defaultimg":"https://cdn.sofifa.net/players/notfound_0_60.png","name":"Saka","teamlogo":"./data/arsenal/flags-gb-eng@3x.png"},{"left":"20.16%","top":"47.5%","img":"./data/arsenal/players-209-989-22_180.png","href":"/player/209989/thomas-partey/","defaultimg":"https://cdn.sofifa.net/players/notfound_0_60.png","name":"Partey","teamlogo":"./data/arsenal/flags-gh@3x.png"},{"left":"51.84%","top":"47.5%","img":"./data/arsenal/players-223-848-22_180.png","href":"/player/223848/sergej-milinkovic-savic/","defaultimg":"https://cdn.sofifa.net/players/notfound_0_60.png","name":"Milinković-Savić","teamlogo":"./data/arsenal/flags-rs@3x.png"},{"left":"-3.16%","top":"62.5%","img":"./data/arsenal/players-226-491-22_180.png","href":"/player/226491/kieran-tierney/","defaultimg":"https://cdn.sofifa.net/players/notfound_0_60.png","name":"Tierney","teamlogo":"./data/arsenal/flags-gb-sct@3x.png"},{"left":"20.16%","top":"70%","img":"./data/arsenal/players-232-580-22_180.png","href":"/player/232580/gabriel-dos-s-magalhaes/","defaultimg":"https://cdn.sofifa.net/players/notfound_0_60.png","name":"Gabriel","teamlogo":"./data/arsenal/flags-br@3x.png"},{"left":"51.84%","top":"70%","img":"./data/arsenal/players-231-936-22_180.png","href":"/player/231936/benjamin-white/","defaultimg":"https://cdn.sofifa.net/players/notfound_0_60.png","name":"White","teamlogo":"./data/arsenal/flags-gb-eng@3x.png"},{"left":"75.16%","top":"62.5%","img":"./data/arsenal/players-232-938-22_180.png","href":"/player/232938/takehiro-tomiyasu/","defaultimg":"https://cdn.sofifa.net/players/notfound_0_60.png","name":"Tomiyasu","teamlogo":"./data/arsenal/flags-jp@3x.png"},{"left":"36%","top":"83.5%","img":"./data/arsenal/players-233-934-22_180.png","href":"/player/233934/aaron-ramsdale/","defaultimg":"https://cdn.sofifa.net/players/notfound_0_60.png","name":"Ramsdale","teamlogo":"./data/arsenal/flags-gb-eng@3x.png"}],"teamname":"arsenal"}