{"notionLogo":"./data/kobenhavn/teams-819-180.png","notionName":"哥本哈根","players":[{"left":"35.956%","top":"-2.5%","img":"./data/kobenhavn/players-241-985-22_180.png","href":"/player/241985/pep-biel-mas-jaume/","defaultimg":"https://cdn.sofifa.net/players/notfound_0_60.png","name":"Pep Biel","teamlogo":"./data/kobenhavn/flags-es@3x.png"},{"left":"36%","top":"18.75%","img":"./data/kobenhavn/players-262-088-22_180.png","href":"/player/262088/hakon-arnar-haraldsson/","defaultimg":"https://cdn.sofifa.net/players/notfound_0_60.png","name":"Haraldsson","teamlogo":"./data/kobenhavn/flags-is@3x.png"},{"left":"0.8%","top":"23.06%","img":"./data/kobenhavn/players-207-554-22_180.png","href":"/player/207554/viktor-claesson/","defaultimg":"https://cdn.sofifa.net/players/notfound_0_60.png","name":"Claesson","teamlogo":"./data/kobenhavn/flags-se@3x.png"},{"left":"22.8%","top":"37.5%","img":"./data/kobenhavn/players-201-303-22_180.png","href":"/player/201303/rasmus-falk/","defaultimg":"https://cdn.sofifa.net/players/notfound_0_60.png","name":"Falk","teamlogo":"./data/kobenhavn/flags-dk@3x.png"},{"left":"48.32%","top":"33.67%","img":"./data/kobenhavn/players-217-605-22_180.png","href":"/player/217605/lukas-lerager/","defaultimg":"https://cdn.sofifa.net/players/notfound_0_60.png","name":"Lerager","teamlogo":"./data/kobenhavn/flags-dk@3x.png"},{"left":"71.2%","top":"23.06%","img":"./data/kobenhavn/players-246-814-22_180.png","href":"/player/246814/isak-bergmann-johannesson/","defaultimg":"https://cdn.sofifa.net/players/notfound_0_60.png","name":"Jóhannesson","teamlogo":"./data/kobenhavn/flags-is@3x.png"},{"left":"-1.4%","top":"65%","img":"./data/kobenhavn/players-224-841-22_180.png","href":"/player/224841/kevin-diks/","defaultimg":"https://cdn.sofifa.net/players/notfound_0_60.png","name":"Diks","teamlogo":"./data/kobenhavn/flags-nl@3x.png"},{"left":"21.2336%","top":"70%","img":"./data/kobenhavn/players-200-108-22_180.png","href":"/player/200108/nicolai-boilesen/","defaultimg":"https://cdn.sofifa.net/players/notfound_0_60.png","name":"Boilesen","teamlogo":"./data/kobenhavn/flags-dk@3x.png"},{"left":"50.5992%","top":"70%","img":"./data/kobenhavn/players-240-988-22_180.png","href":"/player/240988/denis-vavro/","defaultimg":"https://cdn.sofifa.net/players/notfound_0_60.png","name":"Vavro","teamlogo":"./data/kobenhavn/flags-sk@3x.png"},{"left":"73.4%","top":"65.21%","img":"./data/kobenhavn/players-208-564-22_180.png","href":"/player/208564/peter-ankersen/","defaultimg":"https://cdn.sofifa.net/players/notfound_0_60.png","name":"Ankersen","teamlogo":"./data/kobenhavn/flags-dk@3x.png"},{"left":"36%","top":"83.25%","img":"./data/kobenhavn/players-228-383-22_180.png","href":"/player/228383/kamil-grabara/","defaultimg":"https://cdn.sofifa.net/players/notfound_0_60.png","name":"Grabara","teamlogo":"./data/kobenhavn/flags-pl@3x.png"}],"teamname":"kobenhavn"}