{"notionLogo":"./data/berlin/teams-1831-180.png","notionName":"柏林联","players":[{"left":"25.44%","top":"-1.28%","img":"./data/berlin/players-230-978-22_180.png","href":"/player/230978/taiwo-awoniyi/","defaultimg":"https://cdn.sofifa.net/players/notfound_0_60.png","name":"Awoniyi","teamlogo":"./data/berlin/flags-ng@3x.png"},{"left":"45.68%","top":"0%","img":"./data/berlin/players-223-790-22_180.png","href":"/player/223790/sheraldo-becker/","defaultimg":"https://cdn.sofifa.net/players/notfound_0_60.png","name":"Becker","teamlogo":"./data/berlin/flags-sr@3x.png"},{"left":"21.92%","top":"34.1%","img":"./data/berlin/players-228-595-22_180.png","href":"/player/228595/grischa-promel/","defaultimg":"https://cdn.sofifa.net/players/notfound_0_60.png","name":"Prömel","teamlogo":"./data/berlin/flags-de@3x.png"},{"left":"37.3376%","top":"37.5%","img":"./data/berlin/players-211-999-22_180.png","href":"/player/211999/rani-khedira/","defaultimg":"https://cdn.sofifa.net/players/notfound_0_60.png","name":"Khedira","teamlogo":"./data/berlin/flags-de@3x.png"},{"left":"50.08%","top":"30%","img":"./data/berlin/players-217-648-22_180.png","href":"/player/217648/genki-haraguchi/","defaultimg":"https://cdn.sofifa.net/players/notfound_0_60.png","name":"Haraguchi","teamlogo":"./data/berlin/flags-jp@3x.png"},{"left":"0.7296%","top":"58.99%","img":"./data/berlin/players-210-723-22_180.png","href":"/player/210723/niko-giesselmann/","defaultimg":"https://cdn.sofifa.net/players/notfound_0_60.png","name":"Gießelmann","teamlogo":"./data/berlin/flags-de@3x.png"},{"left":"20.6%","top":"70%","img":"./data/berlin/players-223-641-22_180.png","href":"/player/223641/timo-baumgartl/","defaultimg":"https://cdn.sofifa.net/players/notfound_0_60.png","name":"Baumgartl","teamlogo":"./data/berlin/flags-de@3x.png"},{"left":"36%","top":"70%","img":"./data/berlin/players-203-030-22_180.png","href":"/player/203030/robin-knoche/","defaultimg":"https://cdn.sofifa.net/players/notfound_0_60.png","name":"Knoche","teamlogo":"./data/berlin/flags-de@3x.png"},{"left":"51.0304%","top":"69.84%","img":"./data/berlin/players-242-958-22_180.png","href":"/player/242958/paul-jaeckel/","defaultimg":"https://cdn.sofifa.net/players/notfound_0_60.png","name":"Jaeckel","teamlogo":"./data/berlin/flags-de@3x.png"},{"left":"73.4%","top":"57.5%","img":"./data/berlin/players-193-254-22_180.png","href":"/player/193254/christopher-trimmel/","defaultimg":"https://cdn.sofifa.net/players/notfound_0_60.png","name":"Trimmel","teamlogo":"./data/berlin/flags-at@3x.png"},{"left":"36%","top":"83.25%","img":"./data/berlin/players-192-665-22_180.png","href":"/player/192665/andreas-luthe/","defaultimg":"https://cdn.sofifa.net/players/notfound_0_60.png","name":"Luthe","teamlogo":"./data/berlin/flags-de@3x.png"}],"teamname":"berlin"}