{"notionLogo":"./data/nottingham/teams-14-180.png","notionName":"诺丁汉森林","players":[{"left":"26.32%","top":"-2.5%","img":"./data/nottingham/players-231-743-22_180.png","href":"/player/231743/keinan-davis/","defaultimg":"https://cdn.sofifa.net/players/notfound_0_60.png","name":"Davis","teamlogo":"./data/nottingham/flags-gb-eng@3x.png"},{"left":"44.8%","top":"-2.5%","img":"./data/nottingham/players-251-421-22_180.png","href":"/player/251421/brennan-johnson/","defaultimg":"https://cdn.sofifa.net/players/notfound_0_60.png","name":"Johnson","teamlogo":"./data/nottingham/flags-gb-wls@3x.png"},{"left":"36%","top":"18.75%","img":"./data/nottingham/players-215-443-22_180.png","href":"/player/215443/philip-zinckernagel/","defaultimg":"https://cdn.sofifa.net/players/notfound_0_60.png","name":"Zinckernagel","teamlogo":"./data/nottingham/flags-dk@3x.png"},{"left":"22.8%","top":"33.75%","img":"./data/nottingham/players-243-657-22_180.png","href":"/player/243657/james-garner/","defaultimg":"https://cdn.sofifa.net/players/notfound_0_60.png","name":"Garner","teamlogo":"./data/nottingham/flags-gb-eng@3x.png"},{"left":"49.2%","top":"33.75%","img":"./data/nottingham/players-235-642-22_180.png","href":"/player/235642/ryan-yates/","defaultimg":"https://cdn.sofifa.net/players/notfound_0_60.png","name":"Yates","teamlogo":"./data/nottingham/flags-gb-eng@3x.png"},{"left":"-1.4%","top":"57.5%","img":"./data/nottingham/players-212-100-22_180.png","href":"/player/212100/max-lowe/","defaultimg":"https://cdn.sofifa.net/players/notfound_0_60.png","name":"Lowe","teamlogo":"./data/nottingham/flags-gb-eng@3x.png"},{"left":"20.6%","top":"70%","img":"./data/nottingham/players-225-974-22_180.png","href":"/player/225974/scott-mckenna/","defaultimg":"https://cdn.sofifa.net/players/notfound_0_60.png","name":"McKenna","teamlogo":"./data/nottingham/flags-gb-sct@3x.png"},{"left":"36%","top":"70%","img":"./data/nottingham/players-212-231-22_180.png","href":"/player/212231/tobias-pereira-figueiredo/","defaultimg":"https://cdn.sofifa.net/players/notfound_0_60.png","name":"Tobias Figueiredo","teamlogo":"./data/nottingham/flags-pt@3x.png"},{"left":"51.4%","top":"70%","img":"./data/nottingham/players-230-708-22_180.png","href":"/player/230708/joe-worrall/","defaultimg":"https://cdn.sofifa.net/players/notfound_0_60.png","name":"Worrall","teamlogo":"./data/nottingham/flags-gb-eng@3x.png"},{"left":"73.4%","top":"57.5%","img":"./data/nottingham/players-243-702-22_180.png","href":"/player/243702/djed-spence/","defaultimg":"https://cdn.sofifa.net/players/notfound_0_60.png","name":"Spence","teamlogo":"./data/nottingham/flags-gb-eng@3x.png"},{"left":"36%","top":"83.25%","img":"./data/nottingham/players-204-883-22_180.png","href":"/player/204883/brice-samba/","defaultimg":"https://cdn.sofifa.net/players/notfound_0_60.png","name":"Samba","teamlogo":"./data/nottingham/flags-cg@3x.png"}],"teamname":"nottingham"}