{"notionLogo":"./data/olympiacos/teams-280-180.png","notionName":"奥林匹亚科斯","players":[{"left":"35.12%","top":"0%","img":"./data/olympiacos/players-227-476-22_180.png","href":"/player/227476/francisco-soares-dos-santos/","defaultimg":"https://cdn.sofifa.net/players/notfound_0_60.png","name":"Soares","teamlogo":"./data/olympiacos/flags-br@3x.png"},{"left":"36%","top":"18.75%","img":"./data/olympiacos/players-231-391-22_180.png","href":"/player/231391/joao-antonio-antunes-carvalho/","defaultimg":"https://cdn.sofifa.net/players/notfound_0_60.png","name":"João Carvalho","teamlogo":"./data/olympiacos/flags-pt@3x.png"},{"left":"-1.4%","top":"26.25%","img":"./data/olympiacos/players-210-212-22_180.png","href":"/player/210212/garry-mendes-rodrigues/","defaultimg":"https://cdn.sofifa.net/players/notfound_0_60.png","name":"Garry Rodrigues","teamlogo":"./data/olympiacos/flags-cv@3x.png"},{"left":"73.4%","top":"26.25%","img":"./data/olympiacos/players-246-708-22_180.png","href":"/player/246708/giorgios-masouras/","defaultimg":"https://cdn.sofifa.net/players/notfound_0_60.png","name":"Masouras","teamlogo":"./data/olympiacos/flags-gr@3x.png"},{"left":"22.8%","top":"51.25%","img":"./data/olympiacos/players-187-052-22_180.png","href":"/player/187052/yann-mvila/","defaultimg":"https://cdn.sofifa.net/players/notfound_0_60.png","name":"M'Vila","teamlogo":"./data/olympiacos/flags-fr@3x.png"},{"left":"49.2%","top":"47.5%","img":"./data/olympiacos/players-223-922-22_180.png","href":"/player/223922/andreas-bouchalakis/","defaultimg":"https://cdn.sofifa.net/players/notfound_0_60.png","name":"Bouchalakis","teamlogo":"./data/olympiacos/flags-gr@3x.png"},{"left":"-1.4%","top":"65%","img":"./data/olympiacos/players-241-073-22_180.png","href":"/player/241073/oleg-reabciuk/","defaultimg":"https://cdn.sofifa.net/players/notfound_0_60.png","name":"Reabciuk","teamlogo":"./data/olympiacos/flags-md@3x.png"},{"left":"20.336%","top":"70%","img":"./data/olympiacos/players-192-774-22_180.png","href":"/player/192774/kostas-manolas/","defaultimg":"https://cdn.sofifa.net/players/notfound_0_60.png","name":"Manolas","teamlogo":"./data/olympiacos/flags-gr@3x.png"},{"left":"51.4%","top":"70%","img":"./data/olympiacos/players-172-879-22_180.png","href":"/player/172879/sokratis-papastathopoulos/","defaultimg":"https://cdn.sofifa.net/players/notfound_0_60.png","name":"Sokratis","teamlogo":"./data/olympiacos/flags-gr@3x.png"},{"left":"73.4%","top":"65%","img":"./data/olympiacos/players-204-105-22_180.png","href":"/player/204105/kenny-lala/","defaultimg":"https://cdn.sofifa.net/players/notfound_0_60.png","name":"Lala","teamlogo":"./data/olympiacos/flags-fr@3x.png"},{"left":"36%","top":"83.04%","img":"./data/olympiacos/players-204-120-22_180.png","href":"/player/204120/tomas-vaclik/","defaultimg":"https://cdn.sofifa.net/players/notfound_0_60.png","name":"Vaclík","teamlogo":"./data/olympiacos/flags-cz@3x.png"}],"teamname":"olympiacos"}