{"notionLogo":"./data/liverpool/teams-9-180.png","notionName":"利物浦","players":[{"left":"0.8%","top":"-1.25%","img":"./data/liverpool/players-241-084-22_180.png","href":"/player/241084/luis-diaz/","defaultimg":"https://cdn.sofifa.net/players/notfound_0_60.png","name":"Díaz","teamlogo":"./data/liverpool/flags-co@3x.png"},{"left":"71.2%","top":"-1.25%","img":"./data/liverpool/players-209-331-22_180.png","href":"/player/209331/mohamed-salah/","defaultimg":"https://cdn.sofifa.net/players/notfound_0_60.png","name":"Salah","teamlogo":"./data/liverpool/flags-eg@3x.png"},{"left":"36%","top":"7.5%","img":"./data/liverpool/players-224-458-22_180.png","href":"/player/224458/diogo-jose-teixeira-da-silva/","defaultimg":"https://cdn.sofifa.net/players/notfound_0_60.png","name":"Diogo Jota","teamlogo":"./data/liverpool/flags-pt@3x.png"},{"left":"20.16%","top":"33.75%","img":"./data/liverpool/players-189-509-22_180.png","href":"/player/189509/thiago-alcantara/","defaultimg":"https://cdn.sofifa.net/players/notfound_0_60.png","name":"Thiago","teamlogo":"./data/liverpool/flags-es@3x.png"},{"left":"51.84%","top":"33.75%","img":"./data/liverpool/players-183-711-22_180.png","href":"/player/183711/jordan-henderson/","defaultimg":"https://cdn.sofifa.net/players/notfound_0_60.png","name":"Henderson","teamlogo":"./data/liverpool/flags-gb-eng@3x.png"},{"left":"36%","top":"48.75%","img":"./data/liverpool/players-209-499-22_180.png","href":"/player/209499/fabio-henrique-tavares/","defaultimg":"https://cdn.sofifa.net/players/notfound_0_60.png","name":"Fabinho","teamlogo":"./data/liverpool/flags-br@3x.png"},{"left":"-3.16%","top":"62.5%","img":"./data/liverpool/players-216-267-22_180.png","href":"/player/216267/andrew-robertson/","defaultimg":"https://cdn.sofifa.net/players/notfound_0_60.png","name":"Robertson","teamlogo":"./data/liverpool/flags-gb-sct@3x.png"},{"left":"20.16%","top":"70%","img":"./data/liverpool/players-203-376-22_180.png","href":"/player/203376/virgil-van-dijk/","defaultimg":"https://cdn.sofifa.net/players/notfound_0_60.png","name":"van Dijk","teamlogo":"./data/liverpool/flags-nl@3x.png"},{"left":"51.84%","top":"70%","img":"./data/liverpool/players-197-061-22_180.png","href":"/player/197061/joel-matip/","defaultimg":"https://cdn.sofifa.net/players/notfound_0_60.png","name":"Matip","teamlogo":"./data/liverpool/flags-cm@3x.png"},{"left":"75.16%","top":"62.5%","img":"./data/liverpool/players-231-281-22_180.png","href":"/player/231281/trent-alexander-arnold/","defaultimg":"https://cdn.sofifa.net/players/notfound_0_60.png","name":"Alexander-Arnold","teamlogo":"./data/liverpool/flags-gb-eng@3x.png"},{"left":"36%","top":"83.5%","img":"./data/liverpool/players-212-831-22_180.png","href":"/player/212831/alisson-ramses-becker/","defaultimg":"https://cdn.sofifa.net/players/notfound_0_60.png","name":"Alisson","teamlogo":"./data/liverpool/flags-br@3x.png"}],"teamname":"liverpool"}