{"notionLogo":"./data/villarreal/teams-483-180.png","notionName":"比利亚雷亚尔","players":[{"left":"26.32%","top":"-2.5%","img":"./data/villarreal/players-236-276-22_180.png","href":"/player/236276/arnaut-danjuma/","defaultimg":"https://cdn.sofifa.net/players/notfound_0_60.png","name":"Danjuma","teamlogo":"./data/villarreal/flags-nl@3x.png"},{"left":"44.8%","top":"-2.5%","img":"./data/villarreal/players-208-093-22_180.png","href":"/player/208093/gerard-moreno-balaguero/","defaultimg":"https://cdn.sofifa.net/players/notfound_0_60.png","name":"Gerard Moreno","teamlogo":"./data/villarreal/flags-es@3x.png"},{"left":"0.2632%","top":"20%","img":"./data/villarreal/players-205-566-22_180.png","href":"/player/205566/alberto-moreno-perez/","defaultimg":"https://cdn.sofifa.net/players/notfound_0_60.png","name":"Alberto Moreno","teamlogo":"./data/villarreal/flags-es@3x.png"},{"left":"21.92%","top":"37.5%","img":"./data/villarreal/players-189-513-22_180.png","href":"/player/189513/daniel-parejo-munoz/","defaultimg":"https://cdn.sofifa.net/players/notfound_0_60.png","name":"Parejo","teamlogo":"./data/villarreal/flags-es@3x.png"},{"left":"50.08%","top":"37.5%","img":"./data/villarreal/players-178-213-22_180.png","href":"/player/178213/etienne-capoue/","defaultimg":"https://cdn.sofifa.net/players/notfound_0_60.png","name":"Capoue","teamlogo":"./data/villarreal/flags-fr@3x.png"},{"left":"71.2%","top":"20%","img":"./data/villarreal/players-246-172-22_180.png","href":"/player/246172/samuel-chukwueze/","defaultimg":"https://cdn.sofifa.net/players/notfound_0_60.png","name":"Chukwueze","teamlogo":"./data/villarreal/flags-ng@3x.png"},{"left":"0.8%","top":"62.5%","img":"./data/villarreal/players-228-302-22_180.png","href":"/player/228302/alfonso-pedraza-sag/","defaultimg":"https://cdn.sofifa.net/players/notfound_0_60.png","name":"Pedraza","teamlogo":"./data/villarreal/flags-es@3x.png"},{"left":"19.9664%","top":"70%","img":"./data/villarreal/players-241-464-22_180.png","href":"/player/241464/pau-francisco-torres/","defaultimg":"https://cdn.sofifa.net/players/notfound_0_60.png","name":"Pau Torres","teamlogo":"./data/villarreal/flags-es@3x.png"},{"left":"54.7%","top":"69.57%","img":"./data/villarreal/players-157-481-22_180.png","href":"/player/157481/raul-albiol-tortajada/","defaultimg":"https://cdn.sofifa.net/players/notfound_0_60.png","name":"Raúl Albiol","teamlogo":"./data/villarreal/flags-es@3x.png"},{"left":"71.2%","top":"62.5%","img":"./data/villarreal/players-197-853-22_180.png","href":"/player/197853/serge-aurier/","defaultimg":"https://cdn.sofifa.net/players/notfound_0_60.png","name":"Aurier","teamlogo":"./data/villarreal/flags-ci@3x.png"},{"left":"36%","top":"83.25%","img":"./data/villarreal/players-215-316-22_180.png","href":"/player/215316/geronimo-rulli/","defaultimg":"https://cdn.sofifa.net/players/notfound_0_60.png","name":"Rulli","teamlogo":"./data/villarreal/flags-ar@3x.png"}],"teamname":"villarreal"}