{"notionLogo":"./data/mallorca/teams-453-180.png","notionName":"马洛卡","players":[{"left":"35.956%","top":"-2.5%","img":"./data/mallorca/players-223-710-22_180.png","href":"/player/223710/vedat-muriqi/","defaultimg":"https://cdn.sofifa.net/players/notfound_0_60.png","name":"Muriqi","teamlogo":"./data/mallorca/flags-xk@3x.png"},{"left":"36%","top":"18.75%","img":"./data/mallorca/players-243-780-22_180.png","href":"/player/243780/kang-in-lee/","defaultimg":"https://cdn.sofifa.net/players/notfound_0_60.png","name":"Lee Kang In","teamlogo":"./data/mallorca/flags-kr@3x.png"},{"left":"0.8%","top":"20%","img":"./data/mallorca/players-198-451-22_180.png","href":"/player/198451/daniel-rodriguez-vazquez/","defaultimg":"https://cdn.sofifa.net/players/notfound_0_60.png","name":"Dani Rodríguez","teamlogo":"./data/mallorca/flags-es@3x.png"},{"left":"71.2%","top":"20%","img":"./data/mallorca/players-252-909-22_180.png","href":"/player/252909/antonio-sanchez-navarro/","defaultimg":"https://cdn.sofifa.net/players/notfound_0_60.png","name":"Antonio Sánchez","teamlogo":"./data/mallorca/flags-es@3x.png"},{"left":"21.92%","top":"47.5%","img":"./data/mallorca/players-158-144-22_180.png","href":"/player/158144/salvador-sevilla-lopez/","defaultimg":"https://cdn.sofifa.net/players/notfound_0_60.png","name":"Salva Sevilla","teamlogo":"./data/mallorca/flags-es@3x.png"},{"left":"50.08%","top":"47.5%","img":"./data/mallorca/players-245-598-22_180.png","href":"/player/245598/iddrisu-baba/","defaultimg":"https://cdn.sofifa.net/players/notfound_0_60.png","name":"Baba","teamlogo":"./data/mallorca/flags-gh@3x.png"},{"left":"-1.4%","top":"65%","img":"./data/mallorca/players-193-171-22_180.png","href":"/player/193171/jaume-vicent-costa-jorda/","defaultimg":"https://cdn.sofifa.net/players/notfound_0_60.png","name":"Jaume Costa","teamlogo":"./data/mallorca/flags-es@3x.png"},{"left":"23.68%","top":"70.5%","img":"./data/mallorca/players-228-805-22_180.png","href":"/player/228805/antonio-jose-raillo-arenas/","defaultimg":"https://cdn.sofifa.net/players/notfound_0_60.png","name":"Raillo","teamlogo":"./data/mallorca/flags-es@3x.png"},{"left":"51.4%","top":"70%","img":"./data/mallorca/players-219-585-22_180.png","href":"/player/219585/martin-valjent/","defaultimg":"https://cdn.sofifa.net/players/notfound_0_60.png","name":"Valjent","teamlogo":"./data/mallorca/flags-sk@3x.png"},{"left":"73.4%","top":"65%","img":"./data/mallorca/players-221-342-22_180.png","href":"/player/221342/pablo-maffeo-becerra/","defaultimg":"https://cdn.sofifa.net/players/notfound_0_60.png","name":"Pablo Maffeo","teamlogo":"./data/mallorca/flags-es@3x.png"},{"left":"36%","top":"83.25%","img":"./data/mallorca/players-206-652-22_180.png","href":"/player/206652/sergio-rico-gonzalez/","defaultimg":"https://cdn.sofifa.net/players/notfound_0_60.png","name":"Sergio Rico","teamlogo":"./data/mallorca/flags-es@3x.png"}],"teamname":"mallorca"}