{"notionLogo":"./data/celta/teams-450-180.png","notionName":"塞尔塔","players":[{"left":"26.32%","top":"-2.5%","img":"./data/celta/players-199-561-22_180.png","href":"/player/199561/manuel-agudo-duran/","defaultimg":"https://cdn.sofifa.net/players/notfound_0_60.png","name":"Nolito","teamlogo":"./data/celta/flags-es@3x.png"},{"left":"44.8%","top":"-2.5%","img":"./data/celta/players-192-629-22_180.png","href":"/player/192629/iago-aspas-juncal/","defaultimg":"https://cdn.sofifa.net/players/notfound_0_60.png","name":"Iago Aspas","teamlogo":"./data/celta/flags-es@3x.png"},{"left":"-1.4%","top":"26.25%","img":"./data/celta/players-223-061-22_180.png","href":"/player/223061/franco-cervi/","defaultimg":"https://cdn.sofifa.net/players/notfound_0_60.png","name":"Cervi","teamlogo":"./data/celta/flags-ar@3x.png"},{"left":"36.264%","top":"30%","img":"./data/celta/players-205-192-22_180.png","href":"/player/205192/denis-suarez-fernandez/","defaultimg":"https://cdn.sofifa.net/players/notfound_0_60.png","name":"Denis Suárez","teamlogo":"./data/celta/flags-es@3x.png"},{"left":"73.4%","top":"26.25%","img":"./data/celta/players-235-944-22_180.png","href":"/player/235944/brais-mendez-portela/","defaultimg":"https://cdn.sofifa.net/players/notfound_0_60.png","name":"Brais Méndez","teamlogo":"./data/celta/flags-es@3x.png"},{"left":"36%","top":"51.25%","img":"./data/celta/players-235-997-22_180.png","href":"/player/235997/francisco-jose-beltran-peinado/","defaultimg":"https://cdn.sofifa.net/players/notfound_0_60.png","name":"Fran Beltrán","teamlogo":"./data/celta/flags-es@3x.png"},{"left":"-1.4%","top":"65%","img":"./data/celta/players-231-591-22_180.png","href":"/player/231591/javier-galan-gil/","defaultimg":"https://cdn.sofifa.net/players/notfound_0_60.png","name":"Javi Galán","teamlogo":"./data/celta/flags-es@3x.png"},{"left":"20.6%","top":"70%","img":"./data/celta/players-192-041-22_180.png","href":"/player/192041/nestor-araujo/","defaultimg":"https://cdn.sofifa.net/players/notfound_0_60.png","name":"Araújo","teamlogo":"./data/celta/flags-mx@3x.png"},{"left":"51.4%","top":"70%","img":"./data/celta/players-230-021-22_180.png","href":"/player/230021/joseph-aidoo/","defaultimg":"https://cdn.sofifa.net/players/notfound_0_60.png","name":"Aidoo","teamlogo":"./data/celta/flags-gh@3x.png"},{"left":"73.4%","top":"65%","img":"./data/celta/players-228-716-22_180.png","href":"/player/228716/kevin-vazquez-comesana/","defaultimg":"https://cdn.sofifa.net/players/notfound_0_60.png","name":"Kevin","teamlogo":"./data/celta/flags-es@3x.png"},{"left":"36%","top":"83.25%","img":"./data/celta/players-211-101-22_180.png","href":"/player/211101/ruben-blanco-veiga/","defaultimg":"https://cdn.sofifa.net/players/notfound_0_60.png","name":"Rubén Blanco","teamlogo":"./data/celta/flags-es@3x.png"}],"teamname":"celta"}