{"notionLogo":"./data/hebei/teams-112978-180.png","notionName":"河北 FC","players":[{"left":"35.956%","top":"-2.5%","img":"./data/hebei/players-252-332-22_180.png","href":"/player/252332/wei-zhang/","defaultimg":"https://cdn.sofifa.net/players/notfound_0_60.png","name":"Zhang Wei","teamlogo":"./data/hebei/flags-cn@3x.png"},{"left":"36%","top":"18.75%","img":"./data/hebei/players-253-963-22_180.png","href":"/player/253963/wei-ren/","defaultimg":"https://cdn.sofifa.net/players/notfound_0_60.png","name":"Ren Wei","teamlogo":"./data/hebei/flags-cn@3x.png"},{"left":"-1.4%","top":"26.25%","img":"./data/hebei/players-233-948-22_180.png","href":"/player/233948/huaze-gao/","defaultimg":"https://cdn.sofifa.net/players/notfound_0_60.png","name":"Gao Huaze","teamlogo":"./data/hebei/flags-cn@3x.png"},{"left":"73.4%","top":"26.25%","img":"./data/hebei/players-241-471-22_180.png","href":"/player/241471/tianyuan-xu/","defaultimg":"https://cdn.sofifa.net/players/notfound_0_60.png","name":"Xu Tianyuan","teamlogo":"./data/hebei/flags-cn@3x.png"},{"left":"22.8%","top":"51.25%","img":"./data/hebei/players-268-968-22_180.png","href":"/player/268968/yixuan-yang/","defaultimg":"https://cdn.sofifa.net/players/notfound_0_60.png","name":"Yang Yixuan","teamlogo":"./data/hebei/flags-cn@3x.png"},{"left":"49.2%","top":"51.25%","img":"./data/hebei/players-257-691-22_180.png","href":"/player/257691/wei-liao/","defaultimg":"https://cdn.sofifa.net/players/notfound_0_60.png","name":"Liao Wei","teamlogo":"./data/hebei/flags-cn@3x.png"},{"left":"-1.4%","top":"65%","img":"./data/hebei/players-222-306-22_180.png","href":"/player/222306/haifeng-ding/","defaultimg":"https://cdn.sofifa.net/players/notfound_0_60.png","name":"Ding Haifeng","teamlogo":"./data/hebei/flags-cn@3x.png"},{"left":"20.6%","top":"70%","img":"./data/hebei/players-233-449-22_180.png","href":"/player/233449/ximing-pan/","defaultimg":"https://cdn.sofifa.net/players/notfound_0_60.png","name":"Pan Ximing","teamlogo":"./data/hebei/flags-cn@3x.png"},{"left":"51.4%","top":"70%","img":"./data/hebei/players-241-594-22_180.png","href":"/player/241594/daogang-yao/","defaultimg":"https://cdn.sofifa.net/players/notfound_0_60.png","name":"Yao Daogang","teamlogo":"./data/hebei/flags-cn@3x.png"},{"left":"72.8632%","top":"62.5%","img":"./data/hebei/players-243-107-22_180.png","href":"/player/243107/lin-cui/","defaultimg":"https://cdn.sofifa.net/players/notfound_0_60.png","name":"Cui Lin","teamlogo":"./data/hebei/flags-cn@3x.png"},{"left":"36%","top":"83.25%","img":"./data/hebei/players-248-735-22_180.png","href":"/player/248735/yaxiong-bao/","defaultimg":"https://cdn.sofifa.net/players/notfound_0_60.png","name":"Bao Yaxiong","teamlogo":"./data/hebei/flags-cn@3x.png"}],"teamname":"hebei"}