{"notionLogo":"./data/norway/teams-1352-180.png","notionName":"挪威","players":[{"left":"35.956%","top":"-2.5%","img":"./data/norway/players-239-085-22_180.png","href":"/player/239085/erling-haaland/","defaultimg":"https://cdn.sofifa.net/players/notfound_0_60.png","name":"Haaland","teamlogo":"./data/norway/teams-10-180.png","pac":88,"sho":91,"pas":65,"dri":81,"def":48,"phy":88,"rating":"88","pos":"ST"},{"left":"0.2016%","top":"26.25%","img":"./data/norway/players-203-362-22_180.png","href":"/player/203362/mohamed-elyounoussi/","defaultimg":"https://cdn.sofifa.net/players/notfound_0_60.png","name":"Elyounoussi","teamlogo":"./data/norway/teams-17-180.png","pac":77,"sho":74,"pas":71,"dri":78,"def":55,"phy":69,"rating":"75","pos":"LM"},{"left":"23.68%","top":"35.37%","img":"./data/norway/players-228-092-22_180.png","href":"/player/228092/sander-berge/","defaultimg":"https://cdn.sofifa.net/players/notfound_0_60.png","name":"Berge","teamlogo":"./data/norway/teams-1794-180.png","pac":64,"sho":58,"pas":71,"dri":72,"def":73,"phy":83,"rating":"75","pos":"CDM"},{"left":"48.32%","top":"35.66%","img":"./data/norway/players-222-665-22_180.png","href":"/player/222665/martin-odegaard/","defaultimg":"https://cdn.sofifa.net/players/notfound_0_60.png","name":"Ødegaard","teamlogo":"./data/norway/teams-1-180.png","pac":77,"sho":75,"pas":84,"dri":84,"def":58,"phy":63,"rating":"83","pos":"CAM"},{"left":"73.4%","top":"26.25%","img":"./data/norway/players-216-549-22_180.png","href":"/player/216549/alexander-sorloth/","defaultimg":"https://cdn.sofifa.net/players/notfound_0_60.png","name":"Sørloth","teamlogo":"./data/norway/teams-112172-180.png","pac":82,"sho":75,"pas":66,"dri":70,"def":36,"phy":83,"rating":"77","pos":"ST"},{"left":"36%","top":"51.25%","img":"./data/norway/players-231-913-22_180.png","href":"/player/231913/fredrik-aursnes/","defaultimg":"https://cdn.sofifa.net/players/notfound_0_60.png","name":"Aursnes","teamlogo":"./data/norway/teams-246-180.png","pac":74,"sho":65,"pas":74,"dri":76,"def":73,"phy":75,"rating":"76","pos":"CDM"},{"left":"-1.4%","top":"65%","img":"./data/norway/players-219-466-22_180.png","href":"/player/219466/birger-meling/","defaultimg":"https://cdn.sofifa.net/players/notfound_0_60.png","name":"Meling","teamlogo":"./data/norway/teams-74-180.png","pac":84,"sho":55,"pas":71,"dri":75,"def":70,"phy":68,"rating":"76","pos":"LB"},{"left":"20.6%","top":"70%","img":"./data/norway/players-238-516-22_180.png","href":"/player/238516/leo-ostigard/","defaultimg":"https://cdn.sofifa.net/players/notfound_0_60.png","name":"Østigård","teamlogo":"./data/norway/teams-48-180.png","pac":69,"sho":37,"pas":48,"dri":57,"def":69,"phy":78,"rating":"71","pos":"CB"},{"left":"51.4%","top":"70%","img":"./data/norway/players-224-258-22_180.png","href":"/player/224258/kristoffer-ajer/","defaultimg":"https://cdn.sofifa.net/players/notfound_0_60.png","name":"Ajer","teamlogo":"./data/norway/teams-1925-180.png","pac":73,"sho":55,"pas":61,"dri":68,"def":75,"phy":81,"rating":"75","pos":"CB"},{"left":"73.4%","top":"65%","img":"./data/norway/players-243-481-22_180.png","href":"/player/243481/marcus-holmgren-pedersen/","defaultimg":"https://cdn.sofifa.net/players/notfound_0_60.png","name":"Pedersen","teamlogo":"./data/norway/teams-246-180.png","pac":90,"sho":48,"pas":68,"dri":71,"def":64,"phy":70,"rating":"73","pos":"RB"},{"left":"36%","top":"83.25%","img":"./data/norway/players-185-427-22_180.png","href":"/player/185427/orjan-nyland/","defaultimg":"https://cdn.sofifa.net/players/notfound_0_60.png","name":"Nyland","teamlogo":"./data/norway/teams-1793-180.png","pac":69,"sho":68,"pas":72,"dri":70,"def":47,"phy":68,"rating":"69","pos":"GK"}],"teamname":"norway"}