{"notionLogo":"./data/Flamengo/teams-1043-180.png","notionName":"弗拉门戈","players":[{"left":"20.16%","top":"-2.5%","img":"./data/Flamengo/players-212-823-22_180.png","href":"/player/212823/gabriel-barbosa-almeida/","defaultimg":"https://cdn.sofifa.net/players/notfound_0_60.png","name":"Gabriel Barbosa","teamlogo":"./data/Flamengo/flags-br@3x.png"},{"left":"51.84%","top":"-2.5%","img":"./data/Flamengo/players-208-008-22_180.png","href":"/player/208008/victor-vinicius-coelho-dos-santos/","defaultimg":"https://cdn.sofifa.net/players/notfound_0_60.png","name":"Vitinho","teamlogo":"./data/Flamengo/flags-br@3x.png"},{"left":"-3.6%","top":"28.83%","img":"./data/Flamengo/players-222-716-22_180.png","href":"/player/222716/everton-sousa-soares/","defaultimg":"https://cdn.sofifa.net/players/notfound_0_60.png","name":"Everton","teamlogo":"./data/Flamengo/flags-br@3x.png"},{"left":"36%","top":"30%","img":"./data/Flamengo/players-188-152-22_180.png","href":"/player/188152/oscar-dos-santos-emboaba/","defaultimg":"https://cdn.sofifa.net/players/notfound_0_60.png","name":"Oscar","teamlogo":"./data/Flamengo/flags-br@3x.png"},{"left":"75.6%","top":"29%","img":"./data/Flamengo/players-181-019-22_180.png","href":"/player/181019/everton-augusto-de-barros-ribeiro/","defaultimg":"https://cdn.sofifa.net/players/notfound_0_60.png","name":"Éverton Ribeiro","teamlogo":"./data/Flamengo/flags-br@3x.png"},{"left":"31.6%","top":"40%","img":"./data/Flamengo/players-181-872-22_180.png","href":"/player/181872/arturo-vidal/","defaultimg":"https://cdn.sofifa.net/players/notfound_0_60.png","name":"Vidal","teamlogo":"./data/Flamengo/flags-cl@3x.png"},{"left":"-3.16%","top":"62.5%","img":"./data/Flamengo/players-164-169-22_180.png","href":"/player/164169/filipe-luis-kasmirski/","defaultimg":"https://cdn.sofifa.net/players/notfound_0_60.png","name":"Filipe Luís","teamlogo":"./data/Flamengo/flags-br@3x.png"},{"left":"20.16%","top":"70%","img":"./data/Flamengo/players-201-315-22_180.png","href":"/player/201315/pablo-nascimento-castro/","defaultimg":"https://cdn.sofifa.net/players/notfound_0_60.png","name":"Pablo","teamlogo":"./data/Flamengo/flags-br@3x.png"},{"left":"51.84%","top":"70%","img":"./data/Flamengo/players-179-944-22_180.png","href":"/player/179944/david-luiz-moreira-marinho/","defaultimg":"https://cdn.sofifa.net/players/notfound_0_60.png","name":"David Luiz","teamlogo":"./data/Flamengo/flags-br@3x.png"},{"left":"75.16%","top":"62.5%","img":"./data/Flamengo/players-168-607-22_180.png","href":"/player/168607/marcio-rafael-ferreira-de-souza/","defaultimg":"https://cdn.sofifa.net/players/notfound_0_60.png","name":"Rafinha","teamlogo":"./data/Flamengo/flags-br@3x.png"},{"left":"36%","top":"83.5%","img":"./data/Flamengo/players-165-580-22_180.png","href":"/player/165580/diego-alves-carreira/","defaultimg":"https://cdn.sofifa.net/players/notfound_0_60.png","name":"Diego Alves","teamlogo":"./data/Flamengo/flags-br@3x.png"}],"teamname":"Flamengo"}