{"notionLogo":"./data/marseille/teams-219-180.png","notionName":"马赛","players":[{"left":"-1.4%","top":"2.5%","img":"./data/marseille/players-177-388-22_180.png","href":"/player/177388/dimitri-payet/","defaultimg":"https://cdn.sofifa.net/players/notfound_0_60.png","name":"Payet","teamlogo":"./data/marseille/flags-fr@3x.png"},{"left":"35.956%","top":"-2.5%","img":"./data/marseille/players-205-175-22_180.png","href":"/player/205175/arkadiusz-milik/","defaultimg":"https://cdn.sofifa.net/players/notfound_0_60.png","name":"Milik","teamlogo":"./data/marseille/flags-pl@3x.png"},{"left":"73.4%","top":"2.5%","img":"./data/marseille/players-235-889-22_180.png","href":"/player/235889/cengiz-under/","defaultimg":"https://cdn.sofifa.net/players/notfound_0_60.png","name":"Ünder","teamlogo":"./data/marseille/flags-tr@3x.png"},{"left":"22.536%","top":"30%","img":"./data/marseille/players-229-927-22_180.png","href":"/player/229927/gerson-santos-da-silva/","defaultimg":"https://cdn.sofifa.net/players/notfound_0_60.png","name":"Gerson","teamlogo":"./data/marseille/flags-br@3x.png"},{"left":"49.2%","top":"33.75%","img":"./data/marseille/players-236-496-22_180.png","href":"/player/236496/matteo-guendouzi/","defaultimg":"https://cdn.sofifa.net/players/notfound_0_60.png","name":"Guendouzi","teamlogo":"./data/marseille/flags-fr@3x.png"},{"left":"36%","top":"51.25%","img":"./data/marseille/players-236-987-22_180.png","href":"/player/236987/boubacar-kamara/","defaultimg":"https://cdn.sofifa.net/players/notfound_0_60.png","name":"Kamara","teamlogo":"./data/marseille/flags-fr@3x.png"},{"left":"-1.4%","top":"65%","img":"./data/marseille/players-234-791-22_180.png","href":"/player/234791/luan-peres-petroni/","defaultimg":"https://cdn.sofifa.net/players/notfound_0_60.png","name":"Luan Peres","teamlogo":"./data/marseille/flags-br@3x.png"},{"left":"19.7024%","top":"69.84%","img":"./data/marseille/players-225-263-22_180.png","href":"/player/225263/duje-caleta-car/","defaultimg":"https://cdn.sofifa.net/players/notfound_0_60.png","name":"Ćaleta-Car","teamlogo":"./data/marseille/flags-hr@3x.png"},{"left":"53.0984%","top":"70.64%","img":"./data/marseille/players-243-715-22_180.png","href":"/player/243715/william-saliba/","defaultimg":"https://cdn.sofifa.net/players/notfound_0_60.png","name":"Saliba","teamlogo":"./data/marseille/flags-fr@3x.png"},{"left":"73.4%","top":"65%","img":"./data/marseille/players-223-874-22_180.png","href":"/player/223874/valentin-rongier/","defaultimg":"https://cdn.sofifa.net/players/notfound_0_60.png","name":"Rongier","teamlogo":"./data/marseille/flags-fr@3x.png"},{"left":"36%","top":"83.25%","img":"./data/marseille/players-221-087-22_180.png","href":"/player/221087/pau-lopez-sabata/","defaultimg":"https://cdn.sofifa.net/players/notfound_0_60.png","name":"Pau López","teamlogo":"./data/marseille/flags-es@3x.png"}],"teamname":"marseille"}