{"notionLogo":"./data/yatai/teams-111769-180.png","notionName":"长春亚泰","players":[{"left":"35.956%","top":"-2.5%","img":"./data/yatai/players-189-224-22_180.png","href":"/player/189224/gleidionor-junior/","defaultimg":"https://cdn.sofifa.net/players/notfound_0_60.png","name":"Júnior Negão","teamlogo":"./data/yatai/flags-br@3x.png"},{"left":"36%","top":"18.75%","img":"./data/yatai/players-225-478-22_180.png","href":"/player/225478/sergio-antonio-soler-oliveira-jr/","defaultimg":"https://cdn.sofifa.net/players/notfound_0_60.png","name":"Serginho","teamlogo":"./data/yatai/flags-br@3x.png"},{"left":"-1.4%","top":"26.25%","img":"./data/yatai/players-202-855-22_180.png","href":"/player/202855/long-tan/","defaultimg":"https://cdn.sofifa.net/players/notfound_0_60.png","name":"Tan Long","teamlogo":"./data/yatai/flags-cn@3x.png"},{"left":"73.4%","top":"26.25%","img":"./data/yatai/players-216-391-22_180.png","href":"/player/216391/erik-nascimento-de-lima/","defaultimg":"https://cdn.sofifa.net/players/notfound_0_60.png","name":"Erik","teamlogo":"./data/yatai/flags-br@3x.png"},{"left":"22.8%","top":"51.25%","img":"./data/yatai/players-221-978-22_180.png","href":"/player/221978/guangwen-li/","defaultimg":"https://cdn.sofifa.net/players/notfound_0_60.png","name":"Li Guangwen","teamlogo":"./data/yatai/flags-cn@3x.png"},{"left":"49.2%","top":"51.25%","img":"./data/yatai/players-224-673-22_180.png","href":"/player/224673/li-zhang/","defaultimg":"https://cdn.sofifa.net/players/notfound_0_60.png","name":"Zhang Li","teamlogo":"./data/yatai/flags-cn@3x.png"},{"left":"-1.4%","top":"65%","img":"./data/yatai/players-224-556-22_180.png","href":"/player/224556/weihui-rao/","defaultimg":"https://cdn.sofifa.net/players/notfound_0_60.png","name":"Rao Weihui","teamlogo":"./data/yatai/flags-cn@3x.png"},{"left":"23.9%","top":"68.51%","img":"./data/yatai/players-221-972-22_180.png","href":"/player/221972/jie-sun/","defaultimg":"https://cdn.sofifa.net/players/notfound_0_60.png","name":"Sun Jie","teamlogo":"./data/yatai/flags-cn@3x.png"},{"left":"51.664%","top":"67.5%","img":"./data/yatai/players-204-163-22_180.png","href":"/player/204163/jores-okore/","defaultimg":"https://cdn.sofifa.net/players/notfound_0_60.png","name":"Okore","teamlogo":"./data/yatai/flags-dk@3x.png"},{"left":"73.4%","top":"65%","img":"./data/yatai/players-261-919-22_180.png","href":"/player/261919/qi-cui/","defaultimg":"https://cdn.sofifa.net/players/notfound_0_60.png","name":"Cui Qi","teamlogo":"./data/yatai/flags-cn@3x.png"},{"left":"36%","top":"83.25%","img":"./data/yatai/players-221-964-22_180.png","href":"/player/221964/yake-wu/","defaultimg":"https://cdn.sofifa.net/players/notfound_0_60.png","name":"Wu Yake","teamlogo":"./data/yatai/flags-cn@3x.png"}],"teamname":"yatai"}