{"notionLogo":"./data/valencia/teams-461-180.png","notionName":"瓦伦西亚","players":[{"left":"26.32%","top":"-2.5%","img":"./data/valencia/players-224-411-22_180.png","href":"/player/224411/goncalo-manuel-ganchinho-guedes/","defaultimg":"https://cdn.sofifa.net/players/notfound_0_60.png","name":"Gonçalo Guedes","teamlogo":"./data/valencia/flags-pt@3x.png"},{"left":"44.8%","top":"-2.5%","img":"./data/valencia/players-239-207-22_180.png","href":"/player/239207/maximiliano-gomez/","defaultimg":"https://cdn.sofifa.net/players/notfound_0_60.png","name":"Gómez","teamlogo":"./data/valencia/flags-uy@3x.png"},{"left":"0.8%","top":"20%","img":"./data/valencia/players-246-785-22_180.png","href":"/player/246785/bryan-gil-salvatierra/","defaultimg":"https://cdn.sofifa.net/players/notfound_0_60.png","name":"Bryan Gil","teamlogo":"./data/valencia/flags-es@3x.png"},{"left":"21.92%","top":"37.5%","img":"./data/valencia/players-259-233-22_180.png","href":"/player/259233/ilaix-moriba/","defaultimg":"https://cdn.sofifa.net/players/notfound_0_60.png","name":"Moriba","teamlogo":"./data/valencia/flags-gn@3x.png"},{"left":"50.08%","top":"37.5%","img":"./data/valencia/players-234-153-22_180.png","href":"/player/234153/carlos-soler-barragan/","defaultimg":"https://cdn.sofifa.net/players/notfound_0_60.png","name":"Carlos Soler","teamlogo":"./data/valencia/flags-es@3x.png"},{"left":"71.2%","top":"20%","img":"./data/valencia/players-247-832-22_180.png","href":"/player/247832/thierry-rendall-correia/","defaultimg":"https://cdn.sofifa.net/players/notfound_0_60.png","name":"Thierry Correia","teamlogo":"./data/valencia/flags-pt@3x.png"},{"left":"-1.4%","top":"65%","img":"./data/valencia/players-211-688-22_180.png","href":"/player/211688/jose-luis-gaya-pena/","defaultimg":"https://cdn.sofifa.net/players/notfound_0_60.png","name":"Gayà","teamlogo":"./data/valencia/flags-es@3x.png"},{"left":"17.3%","top":"67.5%","img":"./data/valencia/players-240-359-22_180.png","href":"/player/240359/omar-alderete/","defaultimg":"https://cdn.sofifa.net/players/notfound_0_60.png","name":"Alderete","teamlogo":"./data/valencia/flags-py@3x.png"},{"left":"54.7%","top":"67.66%","img":"./data/valencia/players-201-305-22_180.png","href":"/player/201305/gabriel-armando-de-abreu/","defaultimg":"https://cdn.sofifa.net/players/notfound_0_60.png","name":"Gabriel Paulista","teamlogo":"./data/valencia/flags-br@3x.png"},{"left":"73.4%","top":"65%","img":"./data/valencia/players-203-177-22_180.png","href":"/player/203177/dimitri-foulquier/","defaultimg":"https://cdn.sofifa.net/players/notfound_0_60.png","name":"Foulquier","teamlogo":"./data/valencia/flags-fr@3x.png"},{"left":"36%","top":"83.25%","img":"./data/valencia/players-262-621-22_180.png","href":"/player/262621/giorgi-mamardashvili/","defaultimg":"https://cdn.sofifa.net/players/notfound_0_60.png","name":"Mamardashvili","teamlogo":"./data/valencia/flags-ge@3x.png"}],"teamname":"valencia"}