{"notionLogo":"./data/strasbourg/teams-76-180.png","notionName":"斯特拉斯堡","players":[{"left":"26.056%","top":"-1.7%","img":"./data/strasbourg/players-219-733-22_180.png","href":"/player/219733/ludovic-ajorque/","defaultimg":"https://cdn.sofifa.net/players/notfound_0_60.png","name":"Ajorque","teamlogo":"./data/strasbourg/flags-fr@3x.png"},{"left":"45.68%","top":"-1.7%","img":"./data/strasbourg/players-176-600-22_180.png","href":"/player/176600/kevin-gameiro/","defaultimg":"https://cdn.sofifa.net/players/notfound_0_60.png","name":"Gameiro","teamlogo":"./data/strasbourg/flags-fr@3x.png"},{"left":"21.92%","top":"35.45%","img":"./data/strasbourg/players-235-456-22_180.png","href":"/player/235456/jean-ricner-bellegarde/","defaultimg":"https://cdn.sofifa.net/players/notfound_0_60.png","name":"Bellegarde","teamlogo":"./data/strasbourg/flags-fr@3x.png"},{"left":"35.736%","top":"35.24%","img":"./data/strasbourg/players-206-167-22_180.png","href":"/player/206167/sanjin-prcic/","defaultimg":"https://cdn.sofifa.net/players/notfound_0_60.png","name":"Prcić","teamlogo":"./data/strasbourg/flags-ba@3x.png"},{"left":"50.08%","top":"35.66%","img":"./data/strasbourg/players-208-787-22_180.png","href":"/player/208787/adrien-thomasson/","defaultimg":"https://cdn.sofifa.net/players/notfound_0_60.png","name":"Thomasson","teamlogo":"./data/strasbourg/flags-fr@3x.png"},{"left":"-1.4%","top":"57.5%","img":"./data/strasbourg/players-235-042-22_180.png","href":"/player/235042/dimitri-lienard/","defaultimg":"https://cdn.sofifa.net/players/notfound_0_60.png","name":"Liénard","teamlogo":"./data/strasbourg/flags-fr@3x.png"},{"left":"19.5352%","top":"70%","img":"./data/strasbourg/players-212-219-22_180.png","href":"/player/212219/alexander-djiku/","defaultimg":"https://cdn.sofifa.net/players/notfound_0_60.png","name":"Djiku","teamlogo":"./data/strasbourg/flags-gh@3x.png"},{"left":"36%","top":"70%","img":"./data/strasbourg/players-239-575-22_180.png","href":"/player/239575/gerzino-nyamsi/","defaultimg":"https://cdn.sofifa.net/players/notfound_0_60.png","name":"Nyamsi","teamlogo":"./data/strasbourg/flags-fr@3x.png"},{"left":"53.2656%","top":"69.79%","img":"./data/strasbourg/players-243-449-22_180.png","href":"/player/243449/lucas-perrin/","defaultimg":"https://cdn.sofifa.net/players/notfound_0_60.png","name":"Perrin","teamlogo":"./data/strasbourg/flags-fr@3x.png"},{"left":"73.4%","top":"57.5%","img":"./data/strasbourg/players-227-222-22_180.png","href":"/player/227222/frederic-guilbert/","defaultimg":"https://cdn.sofifa.net/players/notfound_0_60.png","name":"Guilbert","teamlogo":"./data/strasbourg/flags-fr@3x.png"},{"left":"36%","top":"83.25%","img":"./data/strasbourg/players-199-641-22_180.png","href":"/player/199641/matz-sels/","defaultimg":"https://cdn.sofifa.net/players/notfound_0_60.png","name":"Sels","teamlogo":"./data/strasbourg/flags-be@3x.png"}],"teamname":"strasbourg"}