{"notionLogo":"./data/milan/teams-47-180.png","notionName":"AC米兰","players":[{"left":"35.956%","top":"-2.5%","img":"./data/milan/players-178-509-22_180.png","href":"/player/178509/olivier-giroud/","defaultimg":"https://cdn.sofifa.net/players/notfound_0_60.png","name":"Giroud","teamlogo":"./data/milan/flags-fr@3x.png"},{"left":"36%","top":"18.75%","img":"./data/milan/players-231-410-22_180.png","href":"/player/231410/brahim-diaz/","defaultimg":"https://cdn.sofifa.net/players/notfound_0_60.png","name":"Brahim","teamlogo":"./data/milan/flags-es@3x.png"},{"left":"-1.4%","top":"26.25%","img":"./data/milan/players-241-721-22_180.png","href":"/player/241721/rafael-da-conceicao-leao/","defaultimg":"https://cdn.sofifa.net/players/notfound_0_60.png","name":"Rafael Leão","teamlogo":"./data/milan/flags-pt@3x.png"},{"left":"73.4%","top":"26.25%","img":"./data/milan/players-240-938-22_180.png","href":"/player/240938/junior-messias/","defaultimg":"https://cdn.sofifa.net/players/notfound_0_60.png","name":"Junior Messias","teamlogo":"./data/milan/flags-br@3x.png"},{"left":"21.92%","top":"47.5%","img":"./data/milan/players-230-938-22_180.png","href":"/player/230938/franck-yannick-kessie/","defaultimg":"https://cdn.sofifa.net/players/notfound_0_60.png","name":"Kessié","teamlogo":"./data/milan/flags-ci@3x.png"},{"left":"50.08%","top":"47.5%","img":"./data/milan/players-241-096-22_180.png","href":"/player/241096/sandro-tonali/","defaultimg":"https://cdn.sofifa.net/players/notfound_0_60.png","name":"Tonali","teamlogo":"./data/milan/flags-it@3x.png"},{"left":"-3.6%","top":"62.5%","img":"./data/milan/players-232-656-22_180.png","href":"/player/232656/theo-hernandez/","defaultimg":"https://cdn.sofifa.net/players/notfound_0_60.png","name":"Hernández","teamlogo":"./data/milan/flags-fr@3x.png"},{"left":"23.9%","top":"67.5%","img":"./data/milan/players-232-756-22_180.png","href":"/player/232756/fikayo-tomori/","defaultimg":"https://cdn.sofifa.net/players/notfound_0_60.png","name":"Tomori","teamlogo":"./data/milan/flags-gb-eng@3x.png"},{"left":"48.1%","top":"67.5%","img":"./data/milan/players-255-654-22_180.png","href":"/player/255654/pierre-kalulu/","defaultimg":"https://cdn.sofifa.net/players/notfound_0_60.png","name":"Kalulu","teamlogo":"./data/milan/flags-fr@3x.png"},{"left":"75.6%","top":"62.5%","img":"./data/milan/players-228-881-22_180.png","href":"/player/228881/davide-calabria/","defaultimg":"https://cdn.sofifa.net/players/notfound_0_60.png","name":"Calabria","teamlogo":"./data/milan/flags-it@3x.png"},{"left":"36%","top":"83.25%","img":"./data/milan/players-215-698-22_180.png","href":"/player/215698/mike-maignan/","defaultimg":"https://cdn.sofifa.net/players/notfound_0_60.png","name":"Maignan","teamlogo":"./data/milan/flags-fr@3x.png"}],"teamname":"milan"}