{"notionLogo":"./data/bournemouth/teams-1943-180.png","notionName":"伯恩茅斯","players":[{"left":"-1.4%","top":"2.5%","img":"./data/bournemouth/players-243-669-22_180.png","href":"/player/243669/jaidon-anthony/","defaultimg":"https://cdn.sofifa.net/players/notfound_0_60.png","name":"Anthony","teamlogo":"./data/bournemouth/flags-gb-eng@3x.png"},{"left":"35.956%","top":"-2.5%","img":"./data/bournemouth/players-225-539-22_180.png","href":"/player/225539/dominic-solanke/","defaultimg":"https://cdn.sofifa.net/players/notfound_0_60.png","name":"Solanke","teamlogo":"./data/bournemouth/flags-gb-eng@3x.png"},{"left":"73.4%","top":"2.5%","img":"./data/bournemouth/players-213-884-22_180.png","href":"/player/213884/ryan-christie/","defaultimg":"https://cdn.sofifa.net/players/notfound_0_60.png","name":"Christie","teamlogo":"./data/bournemouth/flags-gb-sct@3x.png"},{"left":"22.8%","top":"33.75%","img":"./data/bournemouth/players-220-714-22_180.png","href":"/player/220714/philip-billing/","defaultimg":"https://cdn.sofifa.net/players/notfound_0_60.png","name":"Billing","teamlogo":"./data/bournemouth/flags-dk@3x.png"},{"left":"49.2%","top":"33.75%","img":"./data/bournemouth/players-213-991-22_180.png","href":"/player/213991/jefferson-lerma/","defaultimg":"https://cdn.sofifa.net/players/notfound_0_60.png","name":"Lerma","teamlogo":"./data/bournemouth/flags-co@3x.png"},{"left":"36%","top":"51.25%","img":"./data/bournemouth/players-224-294-22_180.png","href":"/player/224294/lewis-cook/","defaultimg":"https://cdn.sofifa.net/players/notfound_0_60.png","name":"Cook","teamlogo":"./data/bournemouth/flags-gb-eng@3x.png"},{"left":"-1.4%","top":"65%","img":"./data/bournemouth/players-259-634-22_180.png","href":"/player/259634/jordan-zemura/","defaultimg":"https://cdn.sofifa.net/players/notfound_0_60.png","name":"Zemura","teamlogo":"./data/bournemouth/flags-zw@3x.png"},{"left":"22.8352%","top":"68.14%","img":"./data/bournemouth/players-231-512-22_180.png","href":"/player/231512/lloyd-kelly/","defaultimg":"https://cdn.sofifa.net/players/notfound_0_60.png","name":"Kelly","teamlogo":"./data/bournemouth/flags-gb-eng@3x.png"},{"left":"49.1648%","top":"68.14%","img":"./data/bournemouth/players-240-926-22_180.png","href":"/player/240926/nathaniel-phillips/","defaultimg":"https://cdn.sofifa.net/players/notfound_0_60.png","name":"Phillips","teamlogo":"./data/bournemouth/flags-gb-eng@3x.png"},{"left":"73.4%","top":"65%","img":"./data/bournemouth/players-221-282-22_180.png","href":"/player/221282/jack-stacey/","defaultimg":"https://cdn.sofifa.net/players/notfound_0_60.png","name":"Stacey","teamlogo":"./data/bournemouth/flags-gb-eng@3x.png"},{"left":"36%","top":"83.25%","img":"./data/bournemouth/players-232-284-22_180.png","href":"/player/232284/mark-travers/","defaultimg":"https://cdn.sofifa.net/players/notfound_0_60.png","name":"Travers","teamlogo":"./data/bournemouth/flags-ie@3x.png"}],"teamname":"bournemouth"}