{"notionLogo":"./data/Netherlands/teams-105035-180.png","notionName":"荷兰","players":[{"left":"25.44%","top":"-1.22%","img":"./data/Netherlands/players-202-556-22_180.png","href":"/player/202556/memphis-depay/","defaultimg":"https://cdn.sofifa.net/players/notfound_0_60.png","name":"Depay","teamlogo":"./data/Netherlands/teams-241-180.png","pac":83,"sho":84,"pas":82,"dri":86,"def":30,"phy":79,"rating":"85","pos":"CF"},{"left":"45.68%","top":"0%","img":"./data/Netherlands/players-225-953-22_180.png","href":"/player/225953/steven-bergwijn/","defaultimg":"https://cdn.sofifa.net/players/notfound_0_60.png","name":"Bergwijn","teamlogo":"./data/Netherlands/teams-245-180.png","pac":86,"sho":78,"pas":75,"dri":83,"def":42,"phy":70,"rating":"80","pos":"LW"},{"left":"36%","top":"16.62%","img":"./data/Netherlands/players-200-260-22_180.png","href":"/player/200260/steven-berghuis/","defaultimg":"https://cdn.sofifa.net/players/notfound_0_60.png","name":"Berghuis","teamlogo":"./data/Netherlands/teams-245-180.png","pac":80,"sho":82,"pas":83,"dri":82,"def":38,"phy":67,"rating":"82","pos":"CAM"},{"left":"22.4568%","top":"34.68%","img":"./data/Netherlands/players-228-702-22_180.png","href":"/player/228702/frenkie-de-jong/","defaultimg":"https://cdn.sofifa.net/players/notfound_0_60.png","name":"de Jong","teamlogo":"./data/Netherlands/teams-241-180.png","pac":81,"sho":69,"pas":85,"dri":87,"def":77,"phy":78,"rating":"87","pos":"CM"},{"left":"48.584%","top":"37.5%","img":"./data/Netherlands/players-240-679-22_180.png","href":"/player/240679/teun-koopmeiners/","defaultimg":"https://cdn.sofifa.net/players/notfound_0_60.png","name":"Koopmeiners","teamlogo":"./data/Netherlands/teams-39-180.png","pac":65,"sho":72,"pas":79,"dri":75,"def":76,"phy":77,"rating":"79","pos":"CM"},{"left":"-1.4%","top":"57.5%","img":"./data/Netherlands/players-190-815-22_180.png","href":"/player/190815/daley-blind/","defaultimg":"https://cdn.sofifa.net/players/notfound_0_60.png","name":"Blind","teamlogo":"./data/Netherlands/teams-245-180.png","pac":45,"sho":62,"pas":82,"dri":78,"def":82,"phy":71,"rating":"81","pos":"LB"},{"left":"17.3%","top":"67.5%","img":"./data/Netherlands/players-208-920-22_180.png","href":"/player/208920/nathan-ake/","defaultimg":"https://cdn.sofifa.net/players/notfound_0_60.png","name":"Aké","teamlogo":"./data/Netherlands/teams-10-180.png","pac":76,"sho":53,"pas":70,"dri":71,"def":79,"phy":75,"rating":"78","pos":"CB"},{"left":"36%","top":"70%","img":"./data/Netherlands/players-203-376-22_180.png","href":"/player/203376/virgil-van-dijk/","defaultimg":"https://cdn.sofifa.net/players/notfound_0_60.png","name":"van Dijk","teamlogo":"./data/Netherlands/teams-9-180.png","pac":81,"sho":60,"pas":71,"dri":72,"def":91,"phy":86,"rating":"90","pos":"CB"},{"left":"54.4272%","top":"67.5%","img":"./data/Netherlands/players-235-243-22_180.png","href":"/player/235243/matthijs-de-ligt/","defaultimg":"https://cdn.sofifa.net/players/notfound_0_60.png","name":"de Ligt","teamlogo":"./data/Netherlands/teams-21-180.png","pac":75,"sho":59,"pas":61,"dri":69,"def":84,"phy":87,"rating":"85","pos":"CB"},{"left":"73.4%","top":"57.5%","img":"./data/Netherlands/players-233-096-22_180.png","href":"/player/233096/denzel-dumfries/","defaultimg":"https://cdn.sofifa.net/players/notfound_0_60.png","name":"Dumfries","teamlogo":"./data/Netherlands/teams-44-180.png","pac":80,"sho":62,"pas":66,"dri":72,"def":78,"phy":89,"rating":"81","pos":"RWB"},{"left":"36%","top":"83.25%","img":"./data/Netherlands/players-211-738-22_180.png","href":"/player/211738/mark-flekken/","defaultimg":"https://cdn.sofifa.net/players/notfound_0_60.png","name":"Flekken","teamlogo":"./data/Netherlands/teams-25-180.png","pac":79,"sho":75,"pas":80,"dri":81,"def":31,"phy":78,"rating":"79","pos":"GK"}],"teamname":"Netherlands"}