{"notionLogo":"./data/tianjin/teams-111774-180.png","notionName":"天津津门虎","players":[{"left":"35.956%","top":"-2.5%","img":"./data/tianjin/players-212-023-22_180.png","href":"/player/212023/robert-beric/","defaultimg":"https://cdn.sofifa.net/players/notfound_0_60.png","name":"Berić","teamlogo":"./data/tianjin/flags-si@3x.png"},{"left":"-1.4%","top":"26.25%","img":"./data/tianjin/players-222-188-22_180.png","href":"/player/222188/tong-zhou/","defaultimg":"https://cdn.sofifa.net/players/notfound_0_60.png","name":"Zhou Tong","teamlogo":"./data/tianjin/flags-cn@3x.png"},{"left":"22.8%","top":"33.75%","img":"./data/tianjin/players-233-451-22_180.png","href":"/player/233451/yingjie-zhao/","defaultimg":"https://cdn.sofifa.net/players/notfound_0_60.png","name":"Zhao Yingjie","teamlogo":"./data/tianjin/flags-cn@3x.png"},{"left":"49.2%","top":"33.75%","img":"./data/tianjin/players-241-342-22_180.png","href":"/player/241342/yuanjie-su/","defaultimg":"https://cdn.sofifa.net/players/notfound_0_60.png","name":"Su Yuanjie","teamlogo":"./data/tianjin/flags-cn@3x.png"},{"left":"73.4%","top":"26.25%","img":"./data/tianjin/players-224-466-22_180.png","href":"/player/224466/dun-ba/","defaultimg":"https://cdn.sofifa.net/players/notfound_0_60.png","name":"Ba Dun","teamlogo":"./data/tianjin/flags-cn@3x.png"},{"left":"-1.4%","top":"57.5%","img":"./data/tianjin/players-224-602-22_180.png","href":"/player/224602/wei-zhang/","defaultimg":"https://cdn.sofifa.net/players/notfound_0_60.png","name":"Zhang Wei","teamlogo":"./data/tianjin/flags-cn@3x.png"},{"left":"20.6%","top":"70%","img":"./data/tianjin/players-242-874-22_180.png","href":"/player/242874/fan-yang/","defaultimg":"https://cdn.sofifa.net/players/notfound_0_60.png","name":"Yang Fan","teamlogo":"./data/tianjin/flags-cn@3x.png"},{"left":"36%","top":"70%","img":"./data/tianjin/players-241-343-22_180.png","href":"/player/241343/tianyi-qiu/","defaultimg":"https://cdn.sofifa.net/players/notfound_0_60.png","name":"Qiu Tianyi","teamlogo":"./data/tianjin/flags-cn@3x.png"},{"left":"51.4%","top":"70%","img":"./data/tianjin/players-224-554-22_180.png","href":"/player/224554/jiarun-gao/","defaultimg":"https://cdn.sofifa.net/players/notfound_0_60.png","name":"Gao Jiarun","teamlogo":"./data/tianjin/flags-cn@3x.png"},{"left":"73.4%","top":"57.5%","img":"./data/tianjin/players-241-622-22_180.png","href":"/player/241622/yumiao-qian/","defaultimg":"https://cdn.sofifa.net/players/notfound_0_60.png","name":"Qian Yumiao","teamlogo":"./data/tianjin/flags-cn@3x.png"},{"left":"36%","top":"83.25%","img":"./data/tianjin/players-221-798-22_180.png","href":"/player/221798/jingqi-fang/","defaultimg":"https://cdn.sofifa.net/players/notfound_0_60.png","name":"Fang Jingqi","teamlogo":"./data/tianjin/flags-cn@3x.png"}],"teamname":"tianjin"}