{"notionLogo":"./data/norwich/teams-1792-180.png","notionName":"诺维奇","players":[{"left":"35.956%","top":"-2.5%","img":"./data/norwich/players-190-362-22_180.png","href":"/player/190362/teemu-pukki/","defaultimg":"https://cdn.sofifa.net/players/notfound_0_60.png","name":"Pukki","teamlogo":"./data/norwich/flags-fi@3x.png"},{"left":"-1.4%","top":"26.25%","img":"./data/norwich/players-229-167-22_180.png","href":"/player/229167/milot-rashica/","defaultimg":"https://cdn.sofifa.net/players/notfound_0_60.png","name":"Rashica","teamlogo":"./data/norwich/flags-xk@3x.png"},{"left":"22.8%","top":"33.75%","img":"./data/norwich/players-230-020-22_180.png","href":"/player/230020/pierre-lees-melou/","defaultimg":"https://cdn.sofifa.net/players/notfound_0_60.png","name":"Lees-Melou","teamlogo":"./data/norwich/flags-fr@3x.png"},{"left":"36%","top":"33.75%","img":"./data/norwich/players-222-404-22_180.png","href":"/player/222404/mathias-normann/","defaultimg":"https://cdn.sofifa.net/players/notfound_0_60.png","name":"Normann","teamlogo":"./data/norwich/flags-no@3x.png"},{"left":"49.2%","top":"33.75%","img":"./data/norwich/players-245-992-22_180.png","href":"/player/245992/billy-gilmour/","defaultimg":"https://cdn.sofifa.net/players/notfound_0_60.png","name":"Gilmour","teamlogo":"./data/norwich/flags-gb-sct@3x.png"},{"left":"73.4%","top":"26.25%","img":"./data/norwich/players-242-075-22_180.png","href":"/player/242075/josh-sargent/","defaultimg":"https://cdn.sofifa.net/players/notfound_0_60.png","name":"Sargent","teamlogo":"./data/norwich/flags-us@3x.png"},{"left":"-1.4%","top":"65%","img":"./data/norwich/players-243-414-22_180.png","href":"/player/243414/brandon-williams/","defaultimg":"https://cdn.sofifa.net/players/notfound_0_60.png","name":"Williams","teamlogo":"./data/norwich/flags-gb-eng@3x.png"},{"left":"20.6%","top":"70%","img":"./data/norwich/players-200-408-22_180.png","href":"/player/200408/ben-gibson/","defaultimg":"https://cdn.sofifa.net/players/notfound_0_60.png","name":"Gibson","teamlogo":"./data/norwich/flags-gb-eng@3x.png"},{"left":"51.4%","top":"70%","img":"./data/norwich/players-198-904-22_180.png","href":"/player/198904/grant-hanley/","defaultimg":"https://cdn.sofifa.net/players/notfound_0_60.png","name":"Hanley","teamlogo":"./data/norwich/flags-gb-sct@3x.png"},{"left":"73.4%","top":"65%","img":"./data/norwich/players-240-060-22_180.png","href":"/player/240060/max-aarons/","defaultimg":"https://cdn.sofifa.net/players/notfound_0_60.png","name":"Aarons","teamlogo":"./data/norwich/flags-gb-eng@3x.png"},{"left":"36%","top":"83.25%","img":"./data/norwich/players-170-597-22_180.png","href":"/player/170597/tim-krul/","defaultimg":"https://cdn.sofifa.net/players/notfound_0_60.png","name":"Krul","teamlogo":"./data/norwich/flags-nl@3x.png"}],"teamname":"norwich"}