{"notionLogo":"./data/hamburger/teams-28-180.png","notionName":"汉堡","players":[{"left":"0.536%","top":"3.35%","img":"./data/hamburger/players-199-912-22_180.png","href":"/player/199912/sonny-kittel/","defaultimg":"https://cdn.sofifa.net/players/notfound_0_60.png","name":"Kittel","teamlogo":"./data/hamburger/flags-de@3x.png"},{"left":"36.4928%","top":"-3.78%","img":"./data/hamburger/players-236-533-22_180.png","href":"/player/236533/robert-glatzel/","defaultimg":"https://cdn.sofifa.net/players/notfound_0_60.png","name":"Glatzel","teamlogo":"./data/hamburger/flags-de@3x.png"},{"left":"73.4%","top":"2.5%","img":"./data/hamburger/players-234-640-22_180.png","href":"/player/234640/bakery-jatta/","defaultimg":"https://cdn.sofifa.net/players/notfound_0_60.png","name":"Jatta","teamlogo":"./data/hamburger/flags-gm@3x.png"},{"left":"22.8%","top":"33.75%","img":"./data/hamburger/players-240-683-22_180.png","href":"/player/240683/ludovit-reis/","defaultimg":"https://cdn.sofifa.net/players/notfound_0_60.png","name":"Reis","teamlogo":"./data/hamburger/flags-nl@3x.png"},{"left":"50.08%","top":"33.32%","img":"./data/hamburger/players-212-625-22_180.png","href":"/player/212625/david-kinsombi/","defaultimg":"https://cdn.sofifa.net/players/notfound_0_60.png","name":"Kinsombi","teamlogo":"./data/hamburger/flags-de@3x.png"},{"left":"36%","top":"51.25%","img":"./data/hamburger/players-212-321-22_180.png","href":"/player/212321/jonas-meffert/","defaultimg":"https://cdn.sofifa.net/players/notfound_0_60.png","name":"Meffert","teamlogo":"./data/hamburger/flags-de@3x.png"},{"left":"-1.4%","top":"65%","img":"./data/hamburger/players-242-602-22_180.png","href":"/player/242602/josha-vagnoman/","defaultimg":"https://cdn.sofifa.net/players/notfound_0_60.png","name":"Vagnoman","teamlogo":"./data/hamburger/flags-de@3x.png"},{"left":"23.1696%","top":"67.71%","img":"./data/hamburger/players-214-948-22_180.png","href":"/player/214948/sebastian-schonlau/","defaultimg":"https://cdn.sofifa.net/players/notfound_0_60.png","name":"Schonlau","teamlogo":"./data/hamburger/flags-de@3x.png"},{"left":"51.7696%","top":"68.35%","img":"./data/hamburger/players-262-578-22_180.png","href":"/player/262578/mario-vuskovic/","defaultimg":"https://cdn.sofifa.net/players/notfound_0_60.png","name":"Vušković","teamlogo":"./data/hamburger/flags-hr@3x.png"},{"left":"73.4%","top":"65%","img":"./data/hamburger/players-238-593-22_180.png","href":"/player/238593/moritz-heyer/","defaultimg":"https://cdn.sofifa.net/players/notfound_0_60.png","name":"Heyer","teamlogo":"./data/hamburger/flags-de@3x.png"},{"left":"36%","top":"83.25%","img":"./data/hamburger/players-212-197-22_180.png","href":"/player/212197/daniel-heuer-fernandes/","defaultimg":"https://cdn.sofifa.net/players/notfound_0_60.png","name":"Heuer Fernandes","teamlogo":"./data/hamburger/flags-pt@3x.png"}],"teamname":"hamburger"}