{"notionLogo":"./data/ireland/teams-1355-180.png","notionName":"爱尔兰","players":[{"left":"-1.4%","top":"2.5%","img":"./data/ireland/players-225-872-22_180.png","href":"/player/225872/jamie-mcgrath/","defaultimg":"https://cdn.sofifa.net/players/notfound_0_60.png","name":"McGrath","teamlogo":"./data/ireland/teams-1917-180.png","pac":76,"sho":63,"pas":64,"dri":69,"def":57,"phy":64,"rating":"67","pos":"CM"},{"left":"35.956%","top":"-2.5%","img":"./data/ireland/players-206-518-22_180.png","href":"/player/206518/callum-robinson/","defaultimg":"https://cdn.sofifa.net/players/notfound_0_60.png","name":"Robinson","teamlogo":"./data/ireland/teams-109-180.png","pac":79,"sho":72,"pas":65,"dri":74,"def":32,"phy":62,"rating":"72","pos":"ST"},{"left":"73.4%","top":"2.5%","img":"./data/ireland/players-231-005-22_180.png","href":"/player/231005/chiedozie-ogbene/","defaultimg":"https://cdn.sofifa.net/players/notfound_0_60.png","name":"Ogbene","teamlogo":"./data/ireland/teams-1797-180.png","pac":91,"sho":58,"pas":62,"dri":70,"def":56,"phy":73,"rating":"69","pos":"RWB"},{"left":"21.92%","top":"30%","img":"./data/ireland/players-228-151-22_180.png","href":"/player/228151/josh-cullen/","defaultimg":"https://cdn.sofifa.net/players/notfound_0_60.png","name":"Cullen","teamlogo":"./data/ireland/teams-1796-180.png","pac":69,"sho":56,"pas":73,"dri":71,"def":72,"phy":71,"rating":"75","pos":"CDM"},{"left":"48.32%","top":"30%","img":"./data/ireland/players-200-478-22_180.png","href":"/player/200478/jeff-hendrick/","defaultimg":"https://cdn.sofifa.net/players/notfound_0_60.png","name":"Hendrick","teamlogo":"./data/ireland/teams-13-180.png","pac":64,"sho":68,"pas":72,"dri":71,"def":69,"phy":73,"rating":"71","pos":"CM"},{"left":"-1.4%","top":"57.5%","img":"./data/ireland/players-192-546-22_180.png","href":"/player/192546/enda-stevens/","defaultimg":"https://cdn.sofifa.net/players/notfound_0_60.png","name":"Stevens","teamlogo":"./data/ireland/teams-1794-180.png","pac":67,"sho":45,"pas":64,"dri":70,"def":69,"phy":72,"rating":"72","pos":"LWB"},{"left":"20.6%","top":"70%","img":"./data/ireland/players-192-622-22_180.png","href":"/player/192622/shane-duffy/","defaultimg":"https://cdn.sofifa.net/players/notfound_0_60.png","name":"Duffy","teamlogo":"./data/ireland/teams-1808-180.png","pac":42,"sho":47,"pas":50,"dri":48,"def":74,"phy":79,"rating":"74","pos":"CB"},{"left":"36%","top":"70%","img":"./data/ireland/players-204-936-22_180.png","href":"/player/204936/john-egan/","defaultimg":"https://cdn.sofifa.net/players/notfound_0_60.png","name":"Egan","teamlogo":"./data/ireland/teams-1794-180.png","pac":64,"sho":46,"pas":54,"dri":61,"def":76,"phy":77,"rating":"75","pos":"CB"},{"left":"51.4%","top":"70%","img":"./data/ireland/players-180-216-22_180.png","href":"/player/180216/seamus-coleman/","defaultimg":"https://cdn.sofifa.net/players/notfound_0_60.png","name":"Coleman","teamlogo":"./data/ireland/teams-7-180.png","pac":66,"sho":65,"pas":72,"dri":76,"def":78,"phy":71,"rating":"78","pos":"RB"},{"left":"73.4%","top":"57.5%","img":"./data/ireland/players-201-417-22_180.png","href":"/player/201417/matt-doherty/","defaultimg":"https://cdn.sofifa.net/players/notfound_0_60.png","name":"Doherty","teamlogo":"./data/ireland/teams-18-180.png","pac":68,"sho":65,"pas":73,"dri":73,"def":74,"phy":75,"rating":"77","pos":"RWB"},{"left":"36%","top":"83.25%","img":"./data/ireland/players-243-585-22_180.png","href":"/player/243585/gavin-bazunu/","defaultimg":"https://cdn.sofifa.net/players/notfound_0_60.png","name":"Bazunu","teamlogo":"./data/ireland/teams-17-180.png","pac":69,"sho":67,"pas":70,"dri":72,"def":30,"phy":66,"rating":"69","pos":"GK"}],"teamname":"ireland"}