{"notionLogo":"./data/juventus/teams-45-180.png","notionName":"尤文图斯","players":[{"left":"-1.18%","top":"0%","img":"./data/juventus/players-208-574-22_180.png","href":"/player/208574/filip-kostic/","defaultimg":"https://cdn.sofifa.net/players/notfound_0_60.png","name":"Kostić","teamlogo":"./data/juventus/flags-rs@3x.png"},{"left":"36%","top":"-2.5%","img":"./data/juventus/players-246-430-22_180.png","href":"/player/11896319/dusan-vlahovic/","defaultimg":"https://cdn.sofifa.net/players/notfound_0_60.png","name":"Vlahović","teamlogo":"./data/juventus/flags-rs@3x.png"},{"left":"74.06%","top":"0%","img":"./data/juventus/players-183-898-22_180.png","href":"/player/183898/angel-di-maria/","defaultimg":"https://cdn.sofifa.net/players/notfound_0_60.png","name":"Di María","teamlogo":"./data/juventus/flags-ar@3x.png"},{"left":"20.16%","top":"33.75%","img":"./data/juventus/players-195-864-22_180.png","href":"/player/195864/paul-pogba/","defaultimg":"https://cdn.sofifa.net/players/notfound_0_60.png","name":"Pogba","teamlogo":"./data/juventus/flags-fr@3x.png"},{"left":"51.84%","top":"33.75%","img":"./data/juventus/players-229-261-22_180.png","href":"/player/229261/denis-zakaria/","defaultimg":"https://cdn.sofifa.net/players/notfound_0_60.png","name":"Zakaria","teamlogo":"./data/juventus/flags-ch@3x.png"},{"left":"36%","top":"47.5%","img":"./data/juventus/players-222-077-22_180.png","href":"/player/222077/manuel-locatelli/","defaultimg":"https://cdn.sofifa.net/players/notfound_0_60.png","name":"Locatelli","teamlogo":"./data/juventus/flags-it@3x.png"},{"left":"-3.16%","top":"62.5%","img":"./data/juventus/players-191-043-22_180.png","href":"/player/191043/alex-sandro-lobo-silva/","defaultimg":"https://cdn.sofifa.net/players/notfound_0_60.png","name":"Alex Sandro","teamlogo":"./data/juventus/flags-br@3x.png"},{"left":"20.16%","top":"70%","img":"./data/juventus/players-239-580-22_180.png","href":"/player/11948526/gleison-bremer-silva-nascimento/","defaultimg":"https://cdn.sofifa.net/players/notfound_0_60.png","name":"Bremer","teamlogo":"./data/juventus/flags-br@3x.png"},{"left":"51.84%","top":"70%","img":"./data/juventus/players-184-344-22_180.png","href":"/player/11955343/leonardo-bonucci/","defaultimg":"https://cdn.sofifa.net/players/notfound_0_60.png","name":"Bonucci","teamlogo":"./data/juventus/flags-it@3x.png"},{"left":"75.16%","top":"62.5%","img":"./data/juventus/players-199-304-22_180.png","href":"/player/11896312/danilo-luiz-da-silva/","defaultimg":"https://cdn.sofifa.net/players/notfound_0_60.png","name":"Danilo","teamlogo":"./data/juventus/flags-br@3x.png"},{"left":"36%","top":"83.5%","img":"./data/juventus/players-186-153-22_180.png","href":"/player/186153/wojciech-szczesny/","defaultimg":"https://cdn.sofifa.net/players/notfound_0_60.png","name":"Szczęsny","teamlogo":"./data/juventus/flags-pl@3x.png"}],"teamname":"juventus"}