{"notionLogo":"./data/sparta/teams-267-180.png","notionName":"布拉格斯巴达","players":[{"left":"35.956%","top":"-2.5%","img":"./data/sparta/players-246-919-22_180.png","href":"/player/246919/tomas-cvancara/","defaultimg":"https://cdn.sofifa.net/players/notfound_0_60.png","name":"Čvančara","teamlogo":"./data/sparta/flags-cz@3x.png"},{"left":"36%","top":"18.75%","img":"./data/sparta/players-256-970-22_180.png","href":"/player/256970/adam-karabec/","defaultimg":"https://cdn.sofifa.net/players/notfound_0_60.png","name":"Karabec","teamlogo":"./data/sparta/flags-cz@3x.png"},{"left":"-1.4%","top":"26.25%","img":"./data/sparta/players-246-618-22_180.png","href":"/player/246618/adam-hlozek/","defaultimg":"https://cdn.sofifa.net/players/notfound_0_60.png","name":"Hložek","teamlogo":"./data/sparta/flags-cz@3x.png"},{"left":"73.4%","top":"26.25%","img":"./data/sparta/players-263-288-22_180.png","href":"/player/263288/jakub-pesek/","defaultimg":"https://cdn.sofifa.net/players/notfound_0_60.png","name":"Pešek","teamlogo":"./data/sparta/flags-cz@3x.png"},{"left":"22.8%","top":"51.25%","img":"./data/sparta/players-252-064-22_180.png","href":"/player/252064/ladislav-krejci/","defaultimg":"https://cdn.sofifa.net/players/notfound_0_60.png","name":"Krejčí","teamlogo":"./data/sparta/flags-cz@3x.png"},{"left":"49.2%","top":"51.25%","img":"./data/sparta/players-239-808-22_180.png","href":"/player/239808/michal-sacek/","defaultimg":"https://cdn.sofifa.net/players/notfound_0_60.png","name":"Sáček","teamlogo":"./data/sparta/flags-cz@3x.png"},{"left":"-1.4%","top":"65%","img":"./data/sparta/players-212-045-22_180.png","href":"/player/212045/casper-hojer/","defaultimg":"https://cdn.sofifa.net/players/notfound_0_60.png","name":"Højer","teamlogo":"./data/sparta/flags-dk@3x.png"},{"left":"20.6%","top":"70%","img":"./data/sparta/players-247-103-22_180.png","href":"/player/247103/david-hancko/","defaultimg":"https://cdn.sofifa.net/players/notfound_0_60.png","name":"Hancko","teamlogo":"./data/sparta/flags-sk@3x.png"},{"left":"51.4%","top":"70%","img":"./data/sparta/players-259-748-22_180.png","href":"/player/259748/martin-vitik/","defaultimg":"https://cdn.sofifa.net/players/notfound_0_60.png","name":"Vitík","teamlogo":"./data/sparta/flags-cz@3x.png"},{"left":"73.4%","top":"65%","img":"./data/sparta/players-246-183-22_180.png","href":"/player/246183/tomas-wiesner/","defaultimg":"https://cdn.sofifa.net/players/notfound_0_60.png","name":"Wiesner","teamlogo":"./data/sparta/flags-cz@3x.png"},{"left":"36%","top":"83.25%","img":"./data/sparta/players-193-512-22_180.png","href":"/player/193512/milan-heca/","defaultimg":"https://cdn.sofifa.net/players/notfound_0_60.png","name":"Heča","teamlogo":"./data/sparta/flags-cz@3x.png"}],"teamname":"sparta"}