{"notionLogo":"./data/bologna/teams-189-180.png","notionName":"博洛尼亚","players":[{"left":"35.956%","top":"-2.5%","img":"./data/bologna/players-184-200-22_180.png","href":"/player/184200/marko-arnautovic/","defaultimg":"https://cdn.sofifa.net/players/notfound_0_60.png","name":"Arnautović","teamlogo":"./data/bologna/flags-at@3x.png"},{"left":"17.3%","top":"10%","img":"./data/bologna/players-242-374-22_180.png","href":"/player/242374/musa-barrow/","defaultimg":"https://cdn.sofifa.net/players/notfound_0_60.png","name":"Barrow","teamlogo":"./data/bologna/flags-gm@3x.png"},{"left":"54.7%","top":"10%","img":"./data/bologna/players-193-361-22_180.png","href":"/player/193361/roberto-soriano/","defaultimg":"https://cdn.sofifa.net/players/notfound_0_60.png","name":"Soriano","teamlogo":"./data/bologna/flags-it@3x.png"},{"left":"-1.4%","top":"26.25%","img":"./data/bologna/players-248-808-22_180.png","href":"/player/248808/aaron-hickey/","defaultimg":"https://cdn.sofifa.net/players/notfound_0_60.png","name":"Hickey","teamlogo":"./data/bologna/flags-gb-sct@3x.png"},{"left":"22.8%","top":"33.75%","img":"./data/bologna/players-228-946-22_180.png","href":"/player/228946/mattias-svanberg/","defaultimg":"https://cdn.sofifa.net/players/notfound_0_60.png","name":"Svanberg","teamlogo":"./data/bologna/flags-se@3x.png"},{"left":"49.2%","top":"33.75%","img":"./data/bologna/players-237-819-22_180.png","href":"/player/237819/nicolas-dominguez/","defaultimg":"https://cdn.sofifa.net/players/notfound_0_60.png","name":"Domínguez","teamlogo":"./data/bologna/flags-ar@3x.png"},{"left":"73.4%","top":"26.25%","img":"./data/bologna/players-170-320-22_180.png","href":"/player/170320/lorenzo-de-silvestri/","defaultimg":"https://cdn.sofifa.net/players/notfound_0_60.png","name":"De Silvestri","teamlogo":"./data/bologna/flags-it@3x.png"},{"left":"17.3%","top":"67.5%","img":"./data/bologna/players-257-278-22_180.png","href":"/player/257278/arthur-theate/","defaultimg":"https://cdn.sofifa.net/players/notfound_0_60.png","name":"Theate","teamlogo":"./data/bologna/flags-be@3x.png"},{"left":"36%","top":"70%","img":"./data/bologna/players-193-532-22_180.png","href":"/player/193532/gary-medel/","defaultimg":"https://cdn.sofifa.net/players/notfound_0_60.png","name":"Medel","teamlogo":"./data/bologna/flags-cl@3x.png"},{"left":"54.7%","top":"67.5%","img":"./data/bologna/players-200-353-22_180.png","href":"/player/200353/adama-soumaoro/","defaultimg":"https://cdn.sofifa.net/players/notfound_0_60.png","name":"Soumaoro","teamlogo":"./data/bologna/flags-fr@3x.png"},{"left":"36%","top":"83.25%","img":"./data/bologna/players-189-908-22_180.png","href":"/player/189908/lukasz-skorupski/","defaultimg":"https://cdn.sofifa.net/players/notfound_0_60.png","name":"Skorupski","teamlogo":"./data/bologna/flags-pl@3x.png"}],"teamname":"bologna"}