{"notionLogo":"./data/roma/teams-52-180.png","notionName":"罗马","players":[{"left":"26.32%","top":"-2.5%","img":"./data/roma/players-231-352-22_180.png","href":"/player/231352/tammy-abraham/","defaultimg":"https://cdn.sofifa.net/players/notfound_0_60.png","name":"Abraham","teamlogo":"./data/roma/flags-gb-eng@3x.png"},{"left":"43.92%","top":"0%","img":"./data/roma/players-238-067-22_180.png","href":"/player/238067/nicolo-zaniolo/","defaultimg":"https://cdn.sofifa.net/players/notfound_0_60.png","name":"Zaniolo","teamlogo":"./data/roma/flags-it@3x.png"},{"left":"-3.6%","top":"32.5%","img":"./data/roma/players-262-113-22_180.png","href":"/player/262113/nicola-zalewski/","defaultimg":"https://cdn.sofifa.net/players/notfound_0_60.png","name":"Zalewski","teamlogo":"./data/roma/flags-pl@3x.png"},{"left":"22.8%","top":"33.75%","img":"./data/roma/players-192-883-22_180.png","href":"/player/192883/henrikh-mkhitaryan/","defaultimg":"https://cdn.sofifa.net/players/notfound_0_60.png","name":"Mkhitaryan","teamlogo":"./data/roma/flags-am@3x.png"},{"left":"49.2%","top":"33.75%","img":"./data/roma/players-228-251-22_180.png","href":"/player/228251/lorenzo-pellegrini/","defaultimg":"https://cdn.sofifa.net/players/notfound_0_60.png","name":"Pellegrini","teamlogo":"./data/roma/flags-it@3x.png"},{"left":"75.6%","top":"32.5%","img":"./data/roma/players-222-558-22_180.png","href":"/player/222558/rick-karsdorp/","defaultimg":"https://cdn.sofifa.net/players/notfound_0_60.png","name":"Karsdorp","teamlogo":"./data/roma/flags-nl@3x.png"},{"left":"36%","top":"51.25%","img":"./data/roma/players-208-268-22_180.png","href":"/player/208268/bryan-cristante/","defaultimg":"https://cdn.sofifa.net/players/notfound_0_60.png","name":"Cristante","teamlogo":"./data/roma/flags-it@3x.png"},{"left":"20.6%","top":"70%","img":"./data/roma/players-247-257-22_180.png","href":"/player/247257/roger-ibanez-da-silva/","defaultimg":"https://cdn.sofifa.net/players/notfound_0_60.png","name":"Ibañez","teamlogo":"./data/roma/flags-br@3x.png"},{"left":"36%","top":"70%","img":"./data/roma/players-189-881-22_180.png","href":"/player/189881/chris-smalling/","defaultimg":"https://cdn.sofifa.net/players/notfound_0_60.png","name":"Smalling","teamlogo":"./data/roma/flags-gb-eng@3x.png"},{"left":"51.4%","top":"70%","img":"./data/roma/players-229-582-22_180.png","href":"/player/229582/gianluca-mancini/","defaultimg":"https://cdn.sofifa.net/players/notfound_0_60.png","name":"Mancini","teamlogo":"./data/roma/flags-it@3x.png"},{"left":"36%","top":"83.25%","img":"./data/roma/players-178-005-22_180.png","href":"/player/178005/rui-pedro-dos-santos-patricio/","defaultimg":"https://cdn.sofifa.net/players/notfound_0_60.png","name":"Rui Patrício","teamlogo":"./data/roma/flags-pt@3x.png"}],"teamname":"roma"}