{"notionLogo":"./data/everton/teams-7-180.png","notionName":"埃弗顿","players":[{"left":"-1.4%","top":"2.5%","img":"./data/everton/players-231-943-22_180.png","href":"/player/231943/richarlison-de-andrade/","defaultimg":"https://cdn.sofifa.net/players/notfound_0_60.png","name":"Richarlison","teamlogo":"./data/everton/flags-br@3x.png"},{"left":"35.956%","top":"-2.5%","img":"./data/everton/players-221-479-22_180.png","href":"/player/221479/dominic-calvert-lewin/","defaultimg":"https://cdn.sofifa.net/players/notfound_0_60.png","name":"Calvert-Lewin","teamlogo":"./data/everton/flags-gb-eng@3x.png"},{"left":"73.4%","top":"2.5%","img":"./data/everton/players-242-964-22_180.png","href":"/player/242964/anthony-gordon/","defaultimg":"https://cdn.sofifa.net/players/notfound_0_60.png","name":"Gordon","teamlogo":"./data/everton/flags-gb-eng@3x.png"},{"left":"22.8%","top":"33.75%","img":"./data/everton/players-213-655-22_180.png","href":"/player/213655/alex-iwobi/","defaultimg":"https://cdn.sofifa.net/players/notfound_0_60.png","name":"Iwobi","teamlogo":"./data/everton/flags-ng@3x.png"},{"left":"49.2%","top":"33.75%","img":"./data/everton/players-208-135-22_180.png","href":"/player/208135/abdoulaye-doucoure/","defaultimg":"https://cdn.sofifa.net/players/notfound_0_60.png","name":"Doucouré","teamlogo":"./data/everton/flags-fr@3x.png"},{"left":"36%","top":"51.25%","img":"./data/everton/players-199-914-22_180.png","href":"/player/199914/allan-marques-loureiro/","defaultimg":"https://cdn.sofifa.net/players/notfound_0_60.png","name":"Allan","teamlogo":"./data/everton/flags-br@3x.png"},{"left":"-1.4%","top":"65%","img":"./data/everton/players-244-380-22_180.png","href":"/player/244380/vitaliy-mykolenko/","defaultimg":"https://cdn.sofifa.net/players/notfound_0_60.png","name":"Mykolenko","teamlogo":"./data/everton/flags-ua@3x.png"},{"left":"19.1656%","top":"69.67%","img":"./data/everton/players-207-599-22_180.png","href":"/player/207599/michael-keane/","defaultimg":"https://cdn.sofifa.net/players/notfound_0_60.png","name":"Keane","teamlogo":"./data/everton/flags-gb-eng@3x.png"},{"left":"52.0336%","top":"69.96%","img":"./data/everton/players-225-793-22_180.png","href":"/player/225793/ben-godfrey/","defaultimg":"https://cdn.sofifa.net/players/notfound_0_60.png","name":"Godfrey","teamlogo":"./data/everton/flags-gb-eng@3x.png"},{"left":"71.2%","top":"62.5%","img":"./data/everton/players-180-216-22_180.png","href":"/player/180216/seamus-coleman/","defaultimg":"https://cdn.sofifa.net/players/notfound_0_60.png","name":"Coleman","teamlogo":"./data/everton/flags-ie@3x.png"},{"left":"36%","top":"83.25%","img":"./data/everton/players-204-935-22_180.png","href":"/player/204935/jordan-pickford/","defaultimg":"https://cdn.sofifa.net/players/notfound_0_60.png","name":"Pickford","teamlogo":"./data/everton/flags-gb-eng@3x.png"}],"teamname":"everton"}