{"notionLogo":"./data/leverkusen/teams-32-180.png","notionName":"勒沃库森","players":[{"left":"36.792%","top":"-3.83%","img":"./data/leverkusen/players-234-236-22_180.png","href":"/player/234236/patrik-schick/","defaultimg":"https://cdn.sofifa.net/players/notfound_0_60.png","name":"Schick","teamlogo":"./data/leverkusen/flags-cz@3x.png"},{"left":"36%","top":"15%","img":"./data/leverkusen/players-213-955-22_180.png","href":"/player/213955/sardar-azmoun/","defaultimg":"https://cdn.sofifa.net/players/notfound_0_60.png","name":"Azmoun","teamlogo":"./data/leverkusen/flags-ir@3x.png"},{"left":"-1.4%","top":"26.25%","img":"./data/leverkusen/players-241-852-22_180.png","href":"/player/241852/moussa-diaby/","defaultimg":"https://cdn.sofifa.net/players/notfound_0_60.png","name":"Diaby","teamlogo":"./data/leverkusen/flags-fr@3x.png"},{"left":"73.4%","top":"26.25%","img":"./data/leverkusen/players-202-857-22_180.png","href":"/player/202857/karim-bellarabi/","defaultimg":"https://cdn.sofifa.net/players/notfound_0_60.png","name":"Bellarabi","teamlogo":"./data/leverkusen/flags-de@3x.png"},{"left":"23.68%","top":"47.5%","img":"./data/leverkusen/players-211-748-22_180.png","href":"/player/211748/kerem-demirbay/","defaultimg":"https://cdn.sofifa.net/players/notfound_0_60.png","name":"Demirbay","teamlogo":"./data/leverkusen/flags-de@3x.png"},{"left":"49.2%","top":"50.62%","img":"./data/leverkusen/players-212-242-22_180.png","href":"/player/212242/robert-andrich/","defaultimg":"https://cdn.sofifa.net/players/notfound_0_60.png","name":"Andrich","teamlogo":"./data/leverkusen/flags-de@3x.png"},{"left":"-2.4648%","top":"67.5%","img":"./data/leverkusen/players-239-368-22_180.png","href":"/player/239368/mitchel-bakker/","defaultimg":"https://cdn.sofifa.net/players/notfound_0_60.png","name":"Bakker","teamlogo":"./data/leverkusen/flags-nl@3x.png"},{"left":"22.3688%","top":"69.78%","img":"./data/leverkusen/players-247-263-22_180.png","href":"/player/247263/edmond-tapsoba/","defaultimg":"https://cdn.sofifa.net/players/notfound_0_60.png","name":"Tapsoba","teamlogo":"./data/leverkusen/flags-bf@3x.png"},{"left":"49.904%","top":"70%","img":"./data/leverkusen/players-213-331-22_180.png","href":"/player/213331/jonathan-tah/","defaultimg":"https://cdn.sofifa.net/players/notfound_0_60.png","name":"Tah","teamlogo":"./data/leverkusen/flags-de@3x.png"},{"left":"71.5344%","top":"67.5%","img":"./data/leverkusen/players-253-149-22_180.png","href":"/player/253149/jeremie-frimpong/","defaultimg":"https://cdn.sofifa.net/players/notfound_0_60.png","name":"Frimpong","teamlogo":"./data/leverkusen/flags-nl@3x.png"},{"left":"36%","top":"83.25%","img":"./data/leverkusen/players-190-941-22_180.png","href":"/player/190941/lukas-hradecky/","defaultimg":"https://cdn.sofifa.net/players/notfound_0_60.png","name":"Hrádecký","teamlogo":"./data/leverkusen/flags-fi@3x.png"}],"teamname":"leverkusen"}