{"notionLogo":"./data/aston/teams-2-180.png","notionName":"阿斯顿维拉","players":[{"left":"26.32%","top":"-2.5%","img":"./data/aston/players-195-859-22_180.png","href":"/player/195859/danny-ings/","defaultimg":"https://cdn.sofifa.net/players/notfound_0_60.png","name":"Ings","teamlogo":"./data/aston/flags-gb-eng@3x.png"},{"left":"44.8%","top":"-2.5%","img":"./data/aston/players-221-697-22_180.png","href":"/player/221697/ollie-watkins/","defaultimg":"https://cdn.sofifa.net/players/notfound_0_60.png","name":"Watkins","teamlogo":"./data/aston/flags-gb-eng@3x.png"},{"left":"36%","top":"18.75%","img":"./data/aston/players-189-242-22_180.png","href":"/player/189242/philippe-coutinho-correia/","defaultimg":"https://cdn.sofifa.net/players/notfound_0_60.png","name":"Coutinho","teamlogo":"./data/aston/flags-br@3x.png"},{"left":"22.8%","top":"33.75%","img":"./data/aston/players-246-923-22_180.png","href":"/player/246923/jacob-ramsey/","defaultimg":"https://cdn.sofifa.net/players/notfound_0_60.png","name":"Ramsey","teamlogo":"./data/aston/flags-gb-eng@3x.png"},{"left":"49.2%","top":"33.75%","img":"./data/aston/players-210-881-22_180.png","href":"/player/210881/john-mcginn/","defaultimg":"https://cdn.sofifa.net/players/notfound_0_60.png","name":"McGinn","teamlogo":"./data/aston/flags-gb-sct@3x.png"},{"left":"36%","top":"51.25%","img":"./data/aston/players-236-499-22_180.png","href":"/player/236499/douglas-luiz-soares-de-paulo/","defaultimg":"https://cdn.sofifa.net/players/notfound_0_60.png","name":"Douglas Luiz","teamlogo":"./data/aston/flags-br@3x.png"},{"left":"-1.4%","top":"65%","img":"./data/aston/players-200-458-22_180.png","href":"/player/200458/lucas-digne/","defaultimg":"https://cdn.sofifa.net/players/notfound_0_60.png","name":"Digne","teamlogo":"./data/aston/flags-fr@3x.png"},{"left":"20.864%","top":"67.87%","img":"./data/aston/players-212-419-22_180.png","href":"/player/212419/tyrone-mings/","defaultimg":"https://cdn.sofifa.net/players/notfound_0_60.png","name":"Mings","teamlogo":"./data/aston/flags-gb-eng@3x.png"},{"left":"51.4%","top":"67.5%","img":"./data/aston/players-227-678-22_180.png","href":"/player/227678/ezri-konsa/","defaultimg":"https://cdn.sofifa.net/players/notfound_0_60.png","name":"Konsa","teamlogo":"./data/aston/flags-gb-eng@3x.png"},{"left":"73.4%","top":"65%","img":"./data/aston/players-227-174-22_180.png","href":"/player/227174/matty-cash/","defaultimg":"https://cdn.sofifa.net/players/notfound_0_60.png","name":"Cash","teamlogo":"./data/aston/flags-pl@3x.png"},{"left":"36%","top":"83.25%","img":"./data/aston/players-202-811-22_180.png","href":"/player/202811/emiliano-martinez/","defaultimg":"https://cdn.sofifa.net/players/notfound_0_60.png","name":"Martínez","teamlogo":"./data/aston/flags-ar@3x.png"}],"teamname":"aston"}