{"notionLogo":"./data/leipzig/teams-112172-180.png","notionName":"莱比锡RB","players":[{"left":"35.956%","top":"-2.5%","img":"./data/leipzig/players-228-941-22_180.png","href":"/player/228941/andre-miguel-valente-da-silva/","defaultimg":"https://cdn.sofifa.net/players/notfound_0_60.png","name":"André Silva","teamlogo":"./data/leipzig/flags-pt@3x.png"},{"left":"17.3%","top":"10%","img":"./data/leipzig/players-208-448-22_180.png","href":"/player/208448/emil-forsberg/","defaultimg":"https://cdn.sofifa.net/players/notfound_0_60.png","name":"Forsberg","teamlogo":"./data/leipzig/flags-se@3x.png"},{"left":"54.7%","top":"10%","img":"./data/leipzig/players-232-411-22_180.png","href":"/player/232411/christopher-nkunku/","defaultimg":"https://cdn.sofifa.net/players/notfound_0_60.png","name":"Nkunku","teamlogo":"./data/leipzig/flags-fr@3x.png"},{"left":"0.8%","top":"28.38%","img":"./data/leipzig/players-220-651-22_180.png","href":"/player/220651/jose-angel-esmoris-tasende/","defaultimg":"https://cdn.sofifa.net/players/notfound_0_60.png","name":"Angeliño","teamlogo":"./data/leipzig/flags-es@3x.png"},{"left":"22.2632%","top":"36.3%","img":"./data/leipzig/players-195-365-22_180.png","href":"/player/195365/kevin-kampl/","defaultimg":"https://cdn.sofifa.net/players/notfound_0_60.png","name":"Kampl","teamlogo":"./data/leipzig/flags-si@3x.png"},{"left":"49.2%","top":"36.09%","img":"./data/leipzig/players-225-375-22_180.png","href":"/player/225375/konrad-laimer/","defaultimg":"https://cdn.sofifa.net/players/notfound_0_60.png","name":"Laimer","teamlogo":"./data/leipzig/flags-at@3x.png"},{"left":"71.2616%","top":"32.5%","img":"./data/leipzig/players-226-166-22_180.png","href":"/player/226166/nordi-mukiele/","defaultimg":"https://cdn.sofifa.net/players/notfound_0_60.png","name":"Mukiele","teamlogo":"./data/leipzig/flags-fr@3x.png"},{"left":"19.4384%","top":"68.78%","img":"./data/leipzig/players-251-517-22_180.png","href":"/player/251517/josko-gvardiol/","defaultimg":"https://cdn.sofifa.net/players/notfound_0_60.png","name":"Gvardiol","teamlogo":"./data/leipzig/flags-hr@3x.png"},{"left":"36%","top":"70%","img":"./data/leipzig/players-204-638-22_180.png","href":"/player/204638/willi-orban/","defaultimg":"https://cdn.sofifa.net/players/notfound_0_60.png","name":"Orban","teamlogo":"./data/leipzig/flags-hu@3x.png"},{"left":"53.8992%","top":"67.93%","img":"./data/leipzig/players-243-854-22_180.png","href":"/player/243854/mohamed-simakan/","defaultimg":"https://cdn.sofifa.net/players/notfound_0_60.png","name":"Simakan","teamlogo":"./data/leipzig/flags-fr@3x.png"},{"left":"36%","top":"83.25%","img":"./data/leipzig/players-185-122-22_180.png","href":"/player/185122/peter-gulacsi/","defaultimg":"https://cdn.sofifa.net/players/notfound_0_60.png","name":"Gulácsi","teamlogo":"./data/leipzig/flags-hu@3x.png"}],"teamname":"leipzig"}