{"notionLogo":"./data/bochum/teams-160-180.png","notionName":"波鸿","players":[{"left":"35.956%","top":"0%","img":"./data/bochum/players-192-660-22_180.png","href":"/player/192660/sebastian-polter/","defaultimg":"https://cdn.sofifa.net/players/notfound_0_60.png","name":"Polter","teamlogo":"./data/bochum/flags-de@3x.png"},{"left":"-1.6024%","top":"20%","img":"./data/bochum/players-228-614-22_180.png","href":"/player/228614/gerrit-holtmann/","defaultimg":"https://cdn.sofifa.net/players/notfound_0_60.png","name":"Holtmann","teamlogo":"./data/bochum/flags-ph@3x.png"},{"left":"22.8%","top":"33.75%","img":"./data/bochum/players-238-072-22_180.png","href":"/player/238072/eduard-lowen/","defaultimg":"https://cdn.sofifa.net/players/notfound_0_60.png","name":"Löwen","teamlogo":"./data/bochum/flags-de@3x.png"},{"left":"49.2%","top":"33.75%","img":"./data/bochum/players-240-193-22_180.png","href":"/player/240193/elvis-rexhbecaj/","defaultimg":"https://cdn.sofifa.net/players/notfound_0_60.png","name":"Rexhbeçaj","teamlogo":"./data/bochum/flags-xk@3x.png"},{"left":"75.6%","top":"20%","img":"./data/bochum/players-232-610-22_180.png","href":"/player/232610/takuma-asano/","defaultimg":"https://cdn.sofifa.net/players/notfound_0_60.png","name":"Asano","teamlogo":"./data/bochum/flags-jp@3x.png"},{"left":"36%","top":"51.25%","img":"./data/bochum/players-199-288-22_180.png","href":"/player/199288/anthony-losilla/","defaultimg":"https://cdn.sofifa.net/players/notfound_0_60.png","name":"Losilla","teamlogo":"./data/bochum/flags-fr@3x.png"},{"left":"-1.4%","top":"65%","img":"./data/bochum/players-216-283-22_180.png","href":"/player/216283/danilo-teodoro-soares/","defaultimg":"https://cdn.sofifa.net/players/notfound_0_60.png","name":"Danilo","teamlogo":"./data/bochum/flags-br@3x.png"},{"left":"19.9664%","top":"71.49%","img":"./data/bochum/players-234-843-22_180.png","href":"/player/234843/maxim-leitsch/","defaultimg":"https://cdn.sofifa.net/players/notfound_0_60.png","name":"Leitsch","teamlogo":"./data/bochum/flags-de@3x.png"},{"left":"54.7%","top":"70.69%","img":"./data/bochum/players-247-497-22_180.png","href":"/player/247497/armel-bella-kotchap/","defaultimg":"https://cdn.sofifa.net/players/notfound_0_60.png","name":"Bella Kotchap","teamlogo":"./data/bochum/flags-de@3x.png"},{"left":"73.4%","top":"65%","img":"./data/bochum/players-198-553-22_180.png","href":"/player/198553/cristian-gamboa/","defaultimg":"https://cdn.sofifa.net/players/notfound_0_60.png","name":"Gamboa","teamlogo":"./data/bochum/flags-cr@3x.png"},{"left":"36%","top":"83.25%","img":"./data/bochum/players-199-339-22_180.png","href":"/player/199339/manuel-riemann/","defaultimg":"https://cdn.sofifa.net/players/notfound_0_60.png","name":"Riemann","teamlogo":"./data/bochum/flags-de@3x.png"}],"teamname":"bochum"}