{"notionLogo":"./data/cagliari/teams-1842-180.png","notionName":"卡利亚里","players":[{"left":"26.32%","top":"-2.5%","img":"./data/cagliari/players-199-254-22_180.png","href":"/player/199254/joao-pedro-g-santos-galvao/","defaultimg":"https://cdn.sofifa.net/players/notfound_0_60.png","name":"João Pedro","teamlogo":"./data/cagliari/flags-it@3x.png"},{"left":"44.8%","top":"-2.5%","img":"./data/cagliari/players-229-636-22_180.png","href":"/player/229636/gaston-pereiro/","defaultimg":"https://cdn.sofifa.net/players/notfound_0_60.png","name":"Pereiro","teamlogo":"./data/cagliari/flags-uy@3x.png"},{"left":"-1.4%","top":"26.25%","img":"./data/cagliari/players-229-148-22_180.png","href":"/player/229148/dalbert-chagas-estevao/","defaultimg":"https://cdn.sofifa.net/players/notfound_0_60.png","name":"Dalbert","teamlogo":"./data/cagliari/flags-br@3x.png"},{"left":"22.8%","top":"33.75%","img":"./data/cagliari/players-235-813-22_180.png","href":"/player/235813/razvan-marin/","defaultimg":"https://cdn.sofifa.net/players/notfound_0_60.png","name":"Marin","teamlogo":"./data/cagliari/flags-ro@3x.png"},{"left":"49.2%","top":"33.75%","img":"./data/cagliari/players-230-965-22_180.png","href":"/player/230965/nahitan-nandez/","defaultimg":"https://cdn.sofifa.net/players/notfound_0_60.png","name":"Nández","teamlogo":"./data/cagliari/flags-uy@3x.png"},{"left":"73.4%","top":"26.25%","img":"./data/cagliari/players-247-229-22_180.png","href":"/player/247229/raoul-bellanova/","defaultimg":"https://cdn.sofifa.net/players/notfound_0_60.png","name":"Bellanova","teamlogo":"./data/cagliari/flags-it@3x.png"},{"left":"36%","top":"51.25%","img":"./data/cagliari/players-220-475-22_180.png","href":"/player/220475/alberto-grassi/","defaultimg":"https://cdn.sofifa.net/players/notfound_0_60.png","name":"Grassi","teamlogo":"./data/cagliari/flags-it@3x.png"},{"left":"17.3%","top":"69.57%","img":"./data/cagliari/players-257-000-22_180.png","href":"/player/257000/andrea-carboni/","defaultimg":"https://cdn.sofifa.net/players/notfound_0_60.png","name":"Carboni","teamlogo":"./data/cagliari/flags-it@3x.png"},{"left":"36%","top":"70%","img":"./data/cagliari/players-223-524-22_180.png","href":"/player/223524/edoardo-goldaniga/","defaultimg":"https://cdn.sofifa.net/players/notfound_0_60.png","name":"Goldaniga","teamlogo":"./data/cagliari/flags-it@3x.png"},{"left":"54.7%","top":"70%","img":"./data/cagliari/players-263-647-22_180.png","href":"/player/263647/giorgio-altare/","defaultimg":"https://cdn.sofifa.net/players/notfound_0_60.png","name":"Altare","teamlogo":"./data/cagliari/flags-it@3x.png"},{"left":"36%","top":"83.25%","img":"./data/cagliari/players-205-659-22_180.png","href":"/player/205659/alessio-cragno/","defaultimg":"https://cdn.sofifa.net/players/notfound_0_60.png","name":"Cragno","teamlogo":"./data/cagliari/flags-it@3x.png"}],"teamname":"cagliari"}