{"notionLogo":"./data/espanyol/teams-452-180.png","notionName":"西班牙人","players":[{"left":"35.956%","top":"-2.5%","img":"./data/espanyol/players-210-315-22_180.png","href":"/player/210315/raul-de-tomas-gomez/","defaultimg":"https://cdn.sofifa.net/players/notfound_0_60.png","name":"De Tomás","teamlogo":"./data/espanyol/flags-es@3x.png"},{"left":"0.8%","top":"20%","img":"./data/espanyol/players-203-535-22_180.png","href":"/player/203535/tonny-vilhena/","defaultimg":"https://cdn.sofifa.net/players/notfound_0_60.png","name":"Vilhena","teamlogo":"./data/espanyol/flags-nl@3x.png"},{"left":"22.8%","top":"33.75%","img":"./data/espanyol/players-202-648-22_180.png","href":"/player/202648/sergi-darder-moll/","defaultimg":"https://cdn.sofifa.net/players/notfound_0_60.png","name":"Sergi Darder","teamlogo":"./data/espanyol/flags-es@3x.png"},{"left":"49.2%","top":"33.75%","img":"./data/espanyol/players-234-060-22_180.png","href":"/player/234060/yangel-herrera/","defaultimg":"https://cdn.sofifa.net/players/notfound_0_60.png","name":"Herrera","teamlogo":"./data/espanyol/flags-ve@3x.png"},{"left":"71.2%","top":"20%","img":"./data/espanyol/players-244-622-22_180.png","href":"/player/244622/javier-puado-diaz/","defaultimg":"https://cdn.sofifa.net/players/notfound_0_60.png","name":"Puado","teamlogo":"./data/espanyol/flags-es@3x.png"},{"left":"36%","top":"51.25%","img":"./data/espanyol/players-237-184-22_180.png","href":"/player/237184/keidi-bare/","defaultimg":"https://cdn.sofifa.net/players/notfound_0_60.png","name":"Bare","teamlogo":"./data/espanyol/flags-al@3x.png"},{"left":"-1.4%","top":"65%","img":"./data/espanyol/players-246-113-22_180.png","href":"/player/246113/adria-giner-pedrosa/","defaultimg":"https://cdn.sofifa.net/players/notfound_0_60.png","name":"Adrià Pedrosa","teamlogo":"./data/espanyol/flags-es@3x.png"},{"left":"20.6%","top":"70%","img":"./data/espanyol/players-192-816-22_180.png","href":"/player/192816/leandro-cabrera/","defaultimg":"https://cdn.sofifa.net/players/notfound_0_60.png","name":"Cabrera","teamlogo":"./data/espanyol/flags-uy@3x.png"},{"left":"51.4%","top":"70%","img":"./data/espanyol/players-199-577-22_180.png","href":"/player/199577/sergi-gomez-sola/","defaultimg":"https://cdn.sofifa.net/players/notfound_0_60.png","name":"Sergi Gómez","teamlogo":"./data/espanyol/flags-es@3x.png"},{"left":"73.4%","top":"65%","img":"./data/espanyol/players-246-284-22_180.png","href":"/player/246284/oscar-gil-regano/","defaultimg":"https://cdn.sofifa.net/players/notfound_0_60.png","name":"Óscar Gil","teamlogo":"./data/espanyol/flags-es@3x.png"},{"left":"36%","top":"83.25%","img":"./data/espanyol/players-146-748-22_180.png","href":"/player/146748/diego-lopez-rodriguez/","defaultimg":"https://cdn.sofifa.net/players/notfound_0_60.png","name":"Diego López","teamlogo":"./data/espanyol/flags-es@3x.png"}],"teamname":"espanyol"}