{"notionLogo":"./data/zagreb/teams-211-180.png","notionName":"萨格勒布迪纳摩","players":[{"left":"-1.4%","top":"2.5%","img":"./data/zagreb/players-221-174-22_180.png","href":"/player/221174/mislav-orsic/","defaultimg":"https://cdn.sofifa.net/players/notfound_0_60.png","name":"Oršić","teamlogo":"./data/zagreb/flags-hr@3x.png"},{"left":"35.956%","top":"-2.5%","img":"./data/zagreb/players-215-455-22_180.png","href":"/player/215455/bruno-petkovic/","defaultimg":"https://cdn.sofifa.net/players/notfound_0_60.png","name":"Petković","teamlogo":"./data/zagreb/flags-hr@3x.png"},{"left":"73.4%","top":"2.5%","img":"./data/zagreb/players-261-145-22_180.png","href":"/player/261145/dario-spikic/","defaultimg":"https://cdn.sofifa.net/players/notfound_0_60.png","name":"Špikić","teamlogo":"./data/zagreb/flags-hr@3x.png"},{"left":"36%","top":"18.75%","img":"./data/zagreb/players-252-931-22_180.png","href":"/player/252931/luka-ivanusec/","defaultimg":"https://cdn.sofifa.net/players/notfound_0_60.png","name":"Ivanušec","teamlogo":"./data/zagreb/flags-hr@3x.png"},{"left":"22.8%","top":"33.75%","img":"./data/zagreb/players-216-350-22_180.png","href":"/player/216350/arijan-ademi/","defaultimg":"https://cdn.sofifa.net/players/notfound_0_60.png","name":"Ademi","teamlogo":"./data/zagreb/flags-mk@3x.png"},{"left":"49.2%","top":"33.75%","img":"./data/zagreb/players-231-007-22_180.png","href":"/player/231007/josip-misic/","defaultimg":"https://cdn.sofifa.net/players/notfound_0_60.png","name":"Mišić","teamlogo":"./data/zagreb/flags-hr@3x.png"},{"left":"-1.4%","top":"65%","img":"./data/zagreb/players-266-063-22_180.png","href":"/player/266063/petar-bockaj/","defaultimg":"https://cdn.sofifa.net/players/notfound_0_60.png","name":"Bočkaj","teamlogo":"./data/zagreb/flags-hr@3x.png"},{"left":"20.6%","top":"70%","img":"./data/zagreb/players-225-948-22_180.png","href":"/player/225948/rasmus-lauritsen/","defaultimg":"https://cdn.sofifa.net/players/notfound_0_60.png","name":"Lauritsen","teamlogo":"./data/zagreb/flags-dk@3x.png"},{"left":"51.4%","top":"70%","img":"./data/zagreb/players-256-325-22_180.png","href":"/player/256325/josip-sutalo/","defaultimg":"https://cdn.sofifa.net/players/notfound_0_60.png","name":"Šutalo","teamlogo":"./data/zagreb/flags-hr@3x.png"},{"left":"73.4%","top":"65%","img":"./data/zagreb/players-205-965-22_180.png","href":"/player/205965/stefan-ristovski/","defaultimg":"https://cdn.sofifa.net/players/notfound_0_60.png","name":"Ristovski","teamlogo":"./data/zagreb/flags-mk@3x.png"},{"left":"36.264%","top":"83.25%","img":"./data/zagreb/players-241-671-22_180.png","href":"/player/241671/dominik-livakovic/","defaultimg":"https://cdn.sofifa.net/players/notfound_0_60.png","name":"Livaković","teamlogo":"./data/zagreb/flags-hr@3x.png"}],"teamname":"zagreb"}