{"notionLogo":"./data/verona/teams-206-180.png","notionName":"维罗纳","players":[{"left":"35.956%","top":"-2.5%","img":"./data/verona/players-216-816-22_180.png","href":"/player/216816/giovanni-simeone/","defaultimg":"https://cdn.sofifa.net/players/notfound_0_60.png","name":"Simeone","teamlogo":"./data/verona/flags-ar@3x.png"},{"left":"14%","top":"12.5%","img":"./data/verona/players-202-848-22_180.png","href":"/player/202848/gianluca-caprari/","defaultimg":"https://cdn.sofifa.net/players/notfound_0_60.png","name":"Caprari","teamlogo":"./data/verona/flags-it@3x.png"},{"left":"58%","top":"12.5%","img":"./data/verona/players-236-791-22_180.png","href":"/player/236791/antonin-barak/","defaultimg":"https://cdn.sofifa.net/players/notfound_0_60.png","name":"Barák","teamlogo":"./data/verona/flags-cz@3x.png"},{"left":"-3.6%","top":"32.5%","img":"./data/verona/players-212-127-22_180.png","href":"/player/212127/darko-lazovic/","defaultimg":"https://cdn.sofifa.net/players/notfound_0_60.png","name":"Lazović","teamlogo":"./data/verona/flags-rs@3x.png"},{"left":"21.92%","top":"35.37%","img":"./data/verona/players-178-007-22_180.png","href":"/player/178007/miguel-luis-pinto-veloso/","defaultimg":"https://cdn.sofifa.net/players/notfound_0_60.png","name":"Miguel Veloso","teamlogo":"./data/verona/flags-pt@3x.png"},{"left":"50.08%","top":"36.22%","img":"./data/verona/players-258-683-22_180.png","href":"/player/258683/ivan-ilic/","defaultimg":"https://cdn.sofifa.net/players/notfound_0_60.png","name":"Ilić","teamlogo":"./data/verona/flags-rs@3x.png"},{"left":"75.6%","top":"32.5%","img":"./data/verona/players-195-272-22_180.png","href":"/player/195272/marco-davide-faraoni/","defaultimg":"https://cdn.sofifa.net/players/notfound_0_60.png","name":"Faraoni","teamlogo":"./data/verona/flags-it@3x.png"},{"left":"17.3%","top":"67.5%","img":"./data/verona/players-239-770-22_180.png","href":"/player/239770/nicolo-casale/","defaultimg":"https://cdn.sofifa.net/players/notfound_0_60.png","name":"Casale","teamlogo":"./data/verona/flags-it@3x.png"},{"left":"35.868%","top":"71.65%","img":"./data/verona/players-204-451-22_180.png","href":"/player/204451/koray-gunter/","defaultimg":"https://cdn.sofifa.net/players/notfound_0_60.png","name":"Günter","teamlogo":"./data/verona/flags-de@3x.png"},{"left":"54.7%","top":"67.5%","img":"./data/verona/players-210-964-22_180.png","href":"/player/210964/federico-ceccherini/","defaultimg":"https://cdn.sofifa.net/players/notfound_0_60.png","name":"Ceccherini","teamlogo":"./data/verona/flags-it@3x.png"},{"left":"35.5952%","top":"83%","img":"./data/verona/players-215-363-22_180.png","href":"/player/215363/lorenzo-montipo/","defaultimg":"https://cdn.sofifa.net/players/notfound_0_60.png","name":"Montipò","teamlogo":"./data/verona/flags-it@3x.png"}],"teamname":"verona"}