{"notionLogo":"./data/rennais/teams-74-180.png","notionName":"雷恩","players":[{"left":"-1.4%","top":"2.5%","img":"./data/rennais/players-236-786-22_180.png","href":"/player/236786/martin-terrier/","defaultimg":"https://cdn.sofifa.net/players/notfound_0_60.png","name":"Terrier","teamlogo":"./data/rennais/flags-fr@3x.png"},{"left":"35.956%","top":"-2.5%","img":"./data/rennais/players-209-519-22_180.png","href":"/player/209519/gaetan-laborde/","defaultimg":"https://cdn.sofifa.net/players/notfound_0_60.png","name":"Laborde","teamlogo":"./data/rennais/flags-fr@3x.png"},{"left":"73.4%","top":"2.5%","img":"./data/rennais/players-214-097-22_180.png","href":"/player/214097/benjamin-bourigeaud/","defaultimg":"https://cdn.sofifa.net/players/notfound_0_60.png","name":"Bourigeaud","teamlogo":"./data/rennais/flags-fr@3x.png"},{"left":"22.7208%","top":"30%","img":"./data/rennais/players-244-261-22_180.png","href":"/player/244261/lovro-majer/","defaultimg":"https://cdn.sofifa.net/players/notfound_0_60.png","name":"Majer","teamlogo":"./data/rennais/flags-hr@3x.png"},{"left":"49.3848%","top":"30.9%","img":"./data/rennais/players-213-388-22_180.png","href":"/player/213388/flavien-tait/","defaultimg":"https://cdn.sofifa.net/players/notfound_0_60.png","name":"Tait","teamlogo":"./data/rennais/flags-fr@3x.png"},{"left":"36%","top":"51.25%","img":"./data/rennais/players-219-792-22_180.png","href":"/player/219792/baptiste-santamaria/","defaultimg":"https://cdn.sofifa.net/players/notfound_0_60.png","name":"Santamaria","teamlogo":"./data/rennais/flags-fr@3x.png"},{"left":"-1.4%","top":"65%","img":"./data/rennais/players-219-466-22_180.png","href":"/player/219466/birger-meling/","defaultimg":"https://cdn.sofifa.net/players/notfound_0_60.png","name":"Meling","teamlogo":"./data/rennais/flags-no@3x.png"},{"left":"20.5032%","top":"68.56%","img":"./data/rennais/players-244-749-22_180.png","href":"/player/244749/nayef-aguerd/","defaultimg":"https://cdn.sofifa.net/players/notfound_0_60.png","name":"Aguerd","teamlogo":"./data/rennais/flags-ma@3x.png"},{"left":"51.4968%","top":"68.78%","img":"./data/rennais/players-256-854-22_180.png","href":"/player/256854/warmed-omari/","defaultimg":"https://cdn.sofifa.net/players/notfound_0_60.png","name":"Omari","teamlogo":"./data/rennais/flags-fr@3x.png"},{"left":"73.4%","top":"65%","img":"./data/rennais/players-219-789-22_180.png","href":"/player/219789/hamari-traore/","defaultimg":"https://cdn.sofifa.net/players/notfound_0_60.png","name":"Traoré","teamlogo":"./data/rennais/flags-ml@3x.png"},{"left":"36%","top":"83.25%","img":"./data/rennais/players-201-976-22_180.png","href":"/player/201976/alfred-gomis/","defaultimg":"https://cdn.sofifa.net/players/notfound_0_60.png","name":"Gomis","teamlogo":"./data/rennais/flags-sn@3x.png"}],"teamname":"rennais"}