{"notionLogo":"./data/shijiazhuang/teams-112985-180.png","notionName":"石家庄永光","players":[{"left":"26.32%","top":"-2.5%","img":"./data/shijiazhuang/players-268-919-22_180.png","href":"/player/268919/stefan-mihajlovic/","defaultimg":"https://cdn.sofifa.net/players/notfound_0_60.png","name":"Mihajlovic","teamlogo":"./data/shijiazhuang/flags-rs@3x.png"},{"left":"44.8%","top":"-2.5%","img":"./data/shijiazhuang/players-257-518-22_180.png","href":"/player/257518/oscar-taty-maritu/","defaultimg":"https://cdn.sofifa.net/players/notfound_0_60.png","name":"Maritu","teamlogo":"./data/shijiazhuang/flags-cd@3x.png"},{"left":"-1.4%","top":"26.25%","img":"./data/shijiazhuang/players-222-351-22_180.png","href":"/player/222351/jing-luo/","defaultimg":"https://cdn.sofifa.net/players/notfound_0_60.png","name":"Luo Jing","teamlogo":"./data/shijiazhuang/flags-cn@3x.png"},{"left":"22.8%","top":"33.75%","img":"./data/shijiazhuang/players-224-618-22_180.png","href":"/player/224618/chuangyi-lin/","defaultimg":"https://cdn.sofifa.net/players/notfound_0_60.png","name":"Lin Chuangyi","teamlogo":"./data/shijiazhuang/flags-cn@3x.png"},{"left":"49.2%","top":"33.75%","img":"./data/shijiazhuang/players-222-199-22_180.png","href":"/player/222199/kaimu-zheng/","defaultimg":"https://cdn.sofifa.net/players/notfound_0_60.png","name":"Zheng Kaimu","teamlogo":"./data/shijiazhuang/flags-cn@3x.png"},{"left":"73.4%","top":"26.25%","img":"./data/shijiazhuang/players-261-904-22_180.png","href":"/player/261904/sabit-abdusalam/","defaultimg":"https://cdn.sofifa.net/players/notfound_0_60.png","name":"Abdusalam","teamlogo":"./data/shijiazhuang/flags-cn@3x.png"},{"left":"-1.4%","top":"65%","img":"./data/shijiazhuang/players-222-236-22_180.png","href":"/player/222236/xiaotian-yang/","defaultimg":"https://cdn.sofifa.net/players/notfound_0_60.png","name":"Yang Xiaotian","teamlogo":"./data/shijiazhuang/flags-cn@3x.png"},{"left":"20.6%","top":"70%","img":"./data/shijiazhuang/players-221-852-22_180.png","href":"/player/221852/yang-liu/","defaultimg":"https://cdn.sofifa.net/players/notfound_0_60.png","name":"Liu Yang","teamlogo":"./data/shijiazhuang/flags-cn@3x.png"},{"left":"51.4%","top":"70%","img":"./data/shijiazhuang/players-190-276-22_180.png","href":"/player/190276/stoppila-sunzu/","defaultimg":"https://cdn.sofifa.net/players/notfound_0_60.png","name":"Sunzu","teamlogo":"./data/shijiazhuang/flags-zm@3x.png"},{"left":"73.4%","top":"65%","img":"./data/shijiazhuang/players-233-719-22_180.png","href":"/player/233719/shihao-piao/","defaultimg":"https://cdn.sofifa.net/players/notfound_0_60.png","name":"Piao Shihao","teamlogo":"./data/shijiazhuang/flags-cn@3x.png"},{"left":"36%","top":"83.25%","img":"./data/shijiazhuang/players-221-844-22_180.png","href":"/player/221844/puliang-shao/","defaultimg":"https://cdn.sofifa.net/players/notfound_0_60.png","name":"Shao Puliang","teamlogo":"./data/shijiazhuang/flags-cn@3x.png"}],"teamname":"shijiazhuang"}