{"notionLogo":"./data/barcelona/teams-241-180.png","notionName":"巴塞罗那","players":[{"left":"-1.18%","top":"0%","img":"./data/barcelona/players-231-443-22_180.png","href":"/player/231443/ousmane-dembele/","defaultimg":"https://cdn.sofifa.net/players/notfound_0_60.png","name":"Dembélé","teamlogo":"./data/barcelona/flags-fr@3x.png"},{"left":"36%","top":"-2.5%","img":"./data/barcelona/players-188-545-22_180.png","href":"/player/188545/robert-lewandowski/","defaultimg":"https://cdn.sofifa.net/players/notfound_0_60.png","name":"Lewandowski","teamlogo":"./data/barcelona/flags-pl@3x.png"},{"left":"74.06%","top":"0%","img":"./data/barcelona/players-233-419-22_180.png","href":"/player/233419/raphael-dias-belloli/","defaultimg":"https://cdn.sofifa.net/players/notfound_0_60.png","name":"Raphinha","teamlogo":"./data/barcelona/flags-br@3x.png"},{"left":"20.16%","top":"33.75%","img":"./data/barcelona/players-228-702-22_180.png","href":"/player/228702/frenkie-de-jong/","defaultimg":"https://cdn.sofifa.net/players/notfound_0_60.png","name":"de Jong","teamlogo":"./data/barcelona/flags-nl@3x.png"},{"left":"51.84%","top":"33.75%","img":"./data/barcelona/players-251-854-22_180.png","href":"/player/251854/pedro-gonzalez-lopez/","defaultimg":"https://cdn.sofifa.net/players/notfound_0_60.png","name":"Pedri","teamlogo":"./data/barcelona/flags-es@3x.png"},{"left":"36%","top":"47.5%","img":"./data/barcelona/players-189-511-22_180.png","href":"/player/189511/sergio-busquets-burgos/","defaultimg":"https://cdn.sofifa.net/players/notfound_0_60.png","name":"Sergio Busquets","teamlogo":"./data/barcelona/flags-es@3x.png"},{"left":"-3.16%","top":"62.5%","img":"./data/barcelona/players-189-332-22_180.png","href":"/player/189332/jordi-alba-ramos/","defaultimg":"https://cdn.sofifa.net/players/notfound_0_60.png","name":"Jordi Alba","teamlogo":"./data/barcelona/flags-es@3x.png"},{"left":"20.16%","top":"70%","img":"./data/barcelona/players-241-486-22_180.png","href":"/player/241486/jules-kounde/","defaultimg":"https://cdn.sofifa.net/players/notfound_0_60.png","name":"Koundé","teamlogo":"./data/barcelona/flags-fr@3x.png"},{"left":"51.84%","top":"70%","img":"./data/barcelona/players-253-163-22_180.png","href":"/player/253163/ronald-araujo/","defaultimg":"https://cdn.sofifa.net/players/notfound_0_60.png","name":"Araujo","teamlogo":"./data/barcelona/flags-uy@3x.png"},{"left":"75.16%","top":"62.5%","img":"./data/barcelona/players-251-804-22_180.png","href":"/player/251804/sergino-dest/","defaultimg":"https://cdn.sofifa.net/players/notfound_0_60.png","name":"Dest","teamlogo":"./data/barcelona/flags-us@3x.png"},{"left":"36%","top":"83.5%","img":"./data/barcelona/players-192-448-22_180.png","href":"/player/192448/marc-andre-ter-stegen/","defaultimg":"https://cdn.sofifa.net/players/notfound_0_60.png","name":"ter Stegen","teamlogo":"./data/barcelona/flags-de@3x.png"}],"teamname":"barcelona"}