{"notionLogo":"./data/feyenoord/teams-246-180.png","notionName":"费耶诺德","players":[{"left":"0.8%","top":"5.79%","img":"./data/feyenoord/players-233-500-22_180.png","href":"/player/233500/luis-sinisterra/","defaultimg":"https://cdn.sofifa.net/players/notfound_0_60.png","name":"Sinisterra","teamlogo":"./data/feyenoord/flags-co@3x.png"},{"left":"35.12%","top":"-5%","img":"./data/feyenoord/players-222-262-22_180.png","href":"/player/222262/cyriel-dessers/","defaultimg":"https://cdn.sofifa.net/players/notfound_0_60.png","name":"Dessers","teamlogo":"./data/feyenoord/flags-ng@3x.png"},{"left":"71.2%","top":"7.5%","img":"./data/feyenoord/players-231-448-22_180.png","href":"/player/231448/reiss-nelson/","defaultimg":"https://cdn.sofifa.net/players/notfound_0_60.png","name":"Nelson","teamlogo":"./data/feyenoord/flags-gb-eng@3x.png"},{"left":"36%","top":"20.88%","img":"./data/feyenoord/players-235-663-22_180.png","href":"/player/235663/guus-til/","defaultimg":"https://cdn.sofifa.net/players/notfound_0_60.png","name":"Til","teamlogo":"./data/feyenoord/flags-nl@3x.png"},{"left":"22.184%","top":"36.17%","img":"./data/feyenoord/players-243-245-22_180.png","href":"/player/243245/orkun-kokcu/","defaultimg":"https://cdn.sofifa.net/players/notfound_0_60.png","name":"Kökçü","teamlogo":"./data/feyenoord/flags-tr@3x.png"},{"left":"48.584%","top":"37.5%","img":"./data/feyenoord/players-231-913-22_180.png","href":"/player/231913/fredrik-aursnes/","defaultimg":"https://cdn.sofifa.net/players/notfound_0_60.png","name":"Aursnes","teamlogo":"./data/feyenoord/flags-no@3x.png"},{"left":"-1.4%","top":"65%","img":"./data/feyenoord/players-238-041-22_180.png","href":"/player/238041/tyrell-malacia/","defaultimg":"https://cdn.sofifa.net/players/notfound_0_60.png","name":"Malacia","teamlogo":"./data/feyenoord/flags-nl@3x.png"},{"left":"20.6%","top":"70%","img":"./data/feyenoord/players-236-506-22_180.png","href":"/player/236506/marcos-senesi/","defaultimg":"https://cdn.sofifa.net/players/notfound_0_60.png","name":"Senesi","teamlogo":"./data/feyenoord/flags-ar@3x.png"},{"left":"51.4%","top":"70%","img":"./data/feyenoord/players-199-813-22_180.png","href":"/player/199813/gernot-trauner/","defaultimg":"https://cdn.sofifa.net/players/notfound_0_60.png","name":"Trauner","teamlogo":"./data/feyenoord/flags-at@3x.png"},{"left":"73.4%","top":"65%","img":"./data/feyenoord/players-241-187-22_180.png","href":"/player/241187/lutsharel-geertruida/","defaultimg":"https://cdn.sofifa.net/players/notfound_0_60.png","name":"Geertruida","teamlogo":"./data/feyenoord/flags-nl@3x.png"},{"left":"36%","top":"83.25%","img":"./data/feyenoord/players-220-314-22_180.png","href":"/player/220314/ofir-marciano/","defaultimg":"https://cdn.sofifa.net/players/notfound_0_60.png","name":"Marciano","teamlogo":"./data/feyenoord/flags-il@3x.png"}],"teamname":"feyenoord"}