{"notionLogo":"./data/juniors/teams-1877-180.png","notionName":"博卡青年","players":[{"left":"35.956%","top":"-2.5%","img":"./data/juniors/players-215-061-22_180.png","href":"/player/215061/dario-benedetto/","defaultimg":"https://cdn.sofifa.net/players/notfound_0_60.png","name":"Benedetto","teamlogo":"./data/juniors/flags-ar@3x.png"},{"left":"-1.4%","top":"26.25%","img":"./data/juniors/players-214-665-22_180.png","href":"/player/214665/juan-ramirez/","defaultimg":"https://cdn.sofifa.net/players/notfound_0_60.png","name":"Ramírez","teamlogo":"./data/juniors/flags-ar@3x.png"},{"left":"22.8%","top":"35.03%","img":"./data/juniors/players-211-269-22_180.png","href":"/player/211269/guillermo-fernandez/","defaultimg":"https://cdn.sofifa.net/players/notfound_0_60.png","name":"Fernández","teamlogo":"./data/juniors/flags-ar@3x.png"},{"left":"49.2792%","top":"30.56%","img":"./data/juniors/players-256-502-22_180.png","href":"/player/256502/aaron-molinas/","defaultimg":"https://cdn.sofifa.net/players/notfound_0_60.png","name":"Molinas","teamlogo":"./data/juniors/flags-ar@3x.png"},{"left":"73.4%","top":"26.25%","img":"./data/juniors/players-220-334-22_180.png","href":"/player/220334/oscar-romero/","defaultimg":"https://cdn.sofifa.net/players/notfound_0_60.png","name":"Romero","teamlogo":"./data/juniors/flags-py@3x.png"},{"left":"36.264%","top":"48.7%","img":"./data/juniors/players-242-267-22_180.png","href":"/player/242267/jorman-campuzano/","defaultimg":"https://cdn.sofifa.net/players/notfound_0_60.png","name":"Campuzano","teamlogo":"./data/juniors/flags-co@3x.png"},{"left":"0.8%","top":"63.51%","img":"./data/juniors/players-214-040-22_180.png","href":"/player/214040/frank-fabra/","defaultimg":"https://cdn.sofifa.net/players/notfound_0_60.png","name":"Fabra","teamlogo":"./data/juniors/flags-co@3x.png"},{"left":"22.8968%","top":"68.35%","img":"./data/juniors/players-201-862-22_180.png","href":"/player/201862/marcos-rojo/","defaultimg":"https://cdn.sofifa.net/players/notfound_0_60.png","name":"Rojo","teamlogo":"./data/juniors/flags-ar@3x.png"},{"left":"50.432%","top":"67.93%","img":"./data/juniors/players-214-766-22_180.png","href":"/player/214766/carlos-izquierdoz/","defaultimg":"https://cdn.sofifa.net/players/notfound_0_60.png","name":"Izquierdoz","teamlogo":"./data/juniors/flags-ar@3x.png"},{"left":"72.8632%","top":"63.3%","img":"./data/juniors/players-204-539-22_180.png","href":"/player/204539/luis-advincula/","defaultimg":"https://cdn.sofifa.net/players/notfound_0_60.png","name":"Advíncula","teamlogo":"./data/juniors/flags-pe@3x.png"},{"left":"36%","top":"83.25%","img":"./data/juniors/players-227-275-22_180.png","href":"/player/227275/agustin-rossi/","defaultimg":"https://cdn.sofifa.net/players/notfound_0_60.png","name":"Rossi","teamlogo":"./data/juniors/flags-ar@3x.png"}],"teamname":"juniors"}