{"notionLogo":"./data/jeonbuk/teams-1477-180.png","notionName":"全北现代","players":[{"left":"35.956%","top":"-2.5%","img":"./data/jeonbuk/players-222-729-22_180.png","href":"/player/222729/gustavo-da-silva-sousa/","defaultimg":"https://cdn.sofifa.net/players/notfound_0_60.png","name":"Gustavo","teamlogo":"./data/jeonbuk/flags-br@3x.png"},{"left":"-1.4%","top":"26.25%","img":"./data/jeonbuk/players-207-645-22_180.png","href":"/player/207645/modou-barrow/","defaultimg":"https://cdn.sofifa.net/players/notfound_0_60.png","name":"Barrow","teamlogo":"./data/jeonbuk/flags-gm@3x.png"},{"left":"22.8%","top":"33.75%","img":"./data/jeonbuk/players-232-985-22_180.png","href":"/player/232985/takahiro-kunimoto/","defaultimg":"https://cdn.sofifa.net/players/notfound_0_60.png","name":"Kunimoto","teamlogo":"./data/jeonbuk/flags-jp@3x.png"},{"left":"49.2%","top":"33.75%","img":"./data/jeonbuk/players-237-424-22_180.png","href":"/player/237424/seung-ho-paik/","defaultimg":"https://cdn.sofifa.net/players/notfound_0_60.png","name":"Paik Seung Ho","teamlogo":"./data/jeonbuk/flags-kr@3x.png"},{"left":"73.4%","top":"26.25%","img":"./data/jeonbuk/players-202-994-22_180.png","href":"/player/202994/kyo-won-han/","defaultimg":"https://cdn.sofifa.net/players/notfound_0_60.png","name":"Han Kyo Won","teamlogo":"./data/jeonbuk/flags-kr@3x.png"},{"left":"36%","top":"51.25%","img":"./data/jeonbuk/players-228-461-22_180.png","href":"/player/228461/jae-moon-ryu/","defaultimg":"https://cdn.sofifa.net/players/notfound_0_60.png","name":"Ryu Jae Moon","teamlogo":"./data/jeonbuk/flags-kr@3x.png"},{"left":"-1.4%","top":"65%","img":"./data/jeonbuk/players-213-317-22_180.png","href":"/player/213317/jin-su-kim/","defaultimg":"https://cdn.sofifa.net/players/notfound_0_60.png","name":"Kim Jin Su","teamlogo":"./data/jeonbuk/flags-kr@3x.png"},{"left":"22.5624%","top":"70%","img":"./data/jeonbuk/players-200-588-22_180.png","href":"/player/200588/jeong-ho-hong/","defaultimg":"https://cdn.sofifa.net/players/notfound_0_60.png","name":"Hong Jeong Ho","teamlogo":"./data/jeonbuk/flags-kr@3x.png"},{"left":"51.4%","top":"70%","img":"./data/jeonbuk/players-243-673-22_180.png","href":"/player/243673/jin-sub-park/","defaultimg":"https://cdn.sofifa.net/players/notfound_0_60.png","name":"Park Jin Sub","teamlogo":"./data/jeonbuk/flags-kr@3x.png"},{"left":"73.4%","top":"65%","img":"./data/jeonbuk/players-244-800-22_180.png","href":"/player/244800/moon-hwan-kim/","defaultimg":"https://cdn.sofifa.net/players/notfound_0_60.png","name":"Kim Moon Hwan","teamlogo":"./data/jeonbuk/flags-kr@3x.png"},{"left":"36%","top":"83.25%","img":"./data/jeonbuk/players-238-570-22_180.png","href":"/player/238570/bum-keun-song/","defaultimg":"https://cdn.sofifa.net/players/notfound_0_60.png","name":"Song Bum Keun","teamlogo":"./data/jeonbuk/flags-kr@3x.png"}],"teamname":"jeonbuk"}