{"notionLogo":"./data/wanderers/teams-110-180.png","notionName":"狼队","players":[{"left":"-1.4%","top":"2.5%","img":"./data/wanderers/players-226-380-22_180.png","href":"/player/226380/hee-chan-hwang/","defaultimg":"https://cdn.sofifa.net/players/notfound_0_60.png","name":"Hwang Hee Chan","teamlogo":"./data/wanderers/flags-kr@3x.png"},{"left":"35.956%","top":"-2.5%","img":"./data/wanderers/players-204-838-22_180.png","href":"/player/204838/raul-jimenez/","defaultimg":"https://cdn.sofifa.net/players/notfound_0_60.png","name":"Jiménez","teamlogo":"./data/wanderers/flags-mx@3x.png"},{"left":"73.4%","top":"2.5%","img":"./data/wanderers/players-226-766-22_180.png","href":"/player/226766/daniel-castelo-podence/","defaultimg":"https://cdn.sofifa.net/players/notfound_0_60.png","name":"Daniel Podence","teamlogo":"./data/wanderers/flags-pt@3x.png"},{"left":"21.92%","top":"30%","img":"./data/wanderers/players-162-347-22_180.png","href":"/player/162347/joao-filipe-moutinho/","defaultimg":"https://cdn.sofifa.net/players/notfound_0_60.png","name":"João Moutinho","teamlogo":"./data/wanderers/flags-pt@3x.png"},{"left":"50.08%","top":"30%","img":"./data/wanderers/players-212-501-22_180.png","href":"/player/212501/leander-dendoncker/","defaultimg":"https://cdn.sofifa.net/players/notfound_0_60.png","name":"Dendoncker","teamlogo":"./data/wanderers/flags-be@3x.png"},{"left":"-3.6%","top":"52.5%","img":"./data/wanderers/players-210-455-22_180.png","href":"/player/210455/jonathan-castro-otto/","defaultimg":"https://cdn.sofifa.net/players/notfound_0_60.png","name":"Jonny","teamlogo":"./data/wanderers/flags-es@3x.png"},{"left":"17.3%","top":"67.5%","img":"./data/wanderers/players-208-295-22_180.png","href":"/player/208295/romain-saiss/","defaultimg":"https://cdn.sofifa.net/players/notfound_0_60.png","name":"Saïss","teamlogo":"./data/wanderers/flags-ma@3x.png"},{"left":"36%","top":"72.5%","img":"./data/wanderers/players-202-048-22_180.png","href":"/player/202048/conor-coady/","defaultimg":"https://cdn.sofifa.net/players/notfound_0_60.png","name":"Coady","teamlogo":"./data/wanderers/flags-gb-eng@3x.png"},{"left":"54.7%","top":"67.5%","img":"./data/wanderers/players-245-336-22_180.png","href":"/player/245336/max-kilman/","defaultimg":"https://cdn.sofifa.net/players/notfound_0_60.png","name":"Kilman","teamlogo":"./data/wanderers/flags-gb-eng@3x.png"},{"left":"75.6%","top":"52.5%","img":"./data/wanderers/players-227-928-22_180.png","href":"/player/227928/nelson-cabral-semedo/","defaultimg":"https://cdn.sofifa.net/players/notfound_0_60.png","name":"Nélson Semedo","teamlogo":"./data/wanderers/flags-pt@3x.png"},{"left":"36%","top":"83.25%","img":"./data/wanderers/players-212-442-22_180.png","href":"/player/212442/jose-pedro-malheiro-de-sa/","defaultimg":"https://cdn.sofifa.net/players/notfound_0_60.png","name":"José Sá","teamlogo":"./data/wanderers/flags-pt@3x.png"}],"teamname":"wanderers"}