{"notionLogo":"./data/czech/teams-1330-180.png","notionName":"捷克","players":[{"left":"35.956%","top":"-2.5%","img":"./data/czech/players-257-536-22_180.png","href":"/player/257536/jan-kuchta/","defaultimg":"https://cdn.sofifa.net/players/notfound_0_60.png","name":"Kuchta","teamlogo":"./data/czech/teams-100765-180.png","pac":79,"sho":75,"pas":65,"dri":74,"def":35,"phy":82,"rating":"77","pos":"ST"},{"left":"17.3%","top":"10%","img":"./data/czech/players-246-618-22_180.png","href":"/player/246618/adam-hlozek/","defaultimg":"https://cdn.sofifa.net/players/notfound_0_60.png","name":"Hložek","teamlogo":"./data/czech/teams-32-180.png","pac":78,"sho":75,"pas":72,"dri":77,"def":31,"phy":79,"rating":"77","pos":"CAM"},{"left":"54.7%","top":"10%","img":"./data/czech/players-236-791-22_180.png","href":"/player/236791/antonin-barak/","defaultimg":"https://cdn.sofifa.net/players/notfound_0_60.png","name":"Barák","teamlogo":"./data/czech/teams-206-180.png","pac":70,"sho":78,"pas":80,"dri":81,"def":63,"phy":74,"rating":"80","pos":"CF"},{"left":"0.536%","top":"24.55%","img":"./data/czech/players-226-592-22_180.png","href":"/player/226592/jakub-jankto/","defaultimg":"https://cdn.sofifa.net/players/notfound_0_60.png","name":"Jankto","teamlogo":"./data/czech/teams-1860-180.png","pac":75,"sho":71,"pas":71,"dri":74,"def":67,"phy":63,"rating":"74","pos":"LM"},{"left":"22.8%","top":"33.75%","img":"./data/czech/players-245-209-22_180.png","href":"/player/245209/michal-sadilek/","defaultimg":"https://cdn.sofifa.net/players/notfound_0_60.png","name":"Sadílek","teamlogo":"./data/czech/teams-1908-180.png","pac":73,"sho":60,"pas":69,"dri":72,"def":69,"phy":77,"rating":"73","pos":"CDM"},{"left":"49.2%","top":"33.75%","img":"./data/czech/players-236-792-22_180.png","href":"/player/236792/tomas-soucek/","defaultimg":"https://cdn.sofifa.net/players/notfound_0_60.png","name":"Souček","teamlogo":"./data/czech/teams-19-180.png","pac":59,"sho":72,"pas":73,"dri":74,"def":82,"phy":85,"rating":"82","pos":"CDM"},{"left":"73.4%","top":"26.25%","img":"./data/czech/players-243-007-22_180.png","href":"/player/243007/lukas-masopust/","defaultimg":"https://cdn.sofifa.net/players/notfound_0_60.png","name":"Masopust","teamlogo":"./data/czech/teams-266-180.png","pac":86,"sho":64,"pas":68,"dri":76,"def":68,"phy":79,"rating":"75","pos":"RM"},{"left":"20.6%","top":"70%","img":"./data/czech/players-251-116-22_180.png","href":"/player/251116/tomas-holes/","defaultimg":"https://cdn.sofifa.net/players/notfound_0_60.png","name":"Holeš","teamlogo":"./data/czech/teams-266-180.png","pac":77,"sho":70,"pas":70,"dri":73,"def":77,"phy":82,"rating":"78","pos":"CDM"},{"left":"36%","top":"70%","img":"./data/czech/players-204-121-22_180.png","href":"/player/204121/jakub-brabec/","defaultimg":"https://cdn.sofifa.net/players/notfound_0_60.png","name":"Brabec","teamlogo":"./data/czech/teams-110468-180.png","pac":68,"sho":51,"pas":62,"dri":63,"def":73,"phy":77,"rating":"74","pos":"CB"},{"left":"51.4%","top":"70%","img":"./data/czech/players-255-687-22_180.png","href":"/player/255687/david-zima/","defaultimg":"https://cdn.sofifa.net/players/notfound_0_60.png","name":"Zima","teamlogo":"./data/czech/teams-54-180.png","pac":74,"sho":38,"pas":54,"dri":63,"def":76,"phy":76,"rating":"74","pos":"CB"},{"left":"36%","top":"83.25%","img":"./data/czech/players-204-120-22_180.png","href":"/player/204120/tomas-vaclik/","defaultimg":"https://cdn.sofifa.net/players/notfound_0_60.png","name":"Vaclík","teamlogo":"./data/czech/teams-280-180.png","pac":80,"sho":75,"pas":74,"dri":83,"def":40,"phy":80,"rating":"80","pos":"GK"}],"teamname":"czech"}