{"notionLogo":"./data/betis/teams-449-180.png","notionName":"皇家贝蒂斯","players":[{"left":"35.956%","top":"-5%","img":"./data/betis/players-224-179-22_180.png","href":"/player/224179/borja-iglesias-quintas/","defaultimg":"https://cdn.sofifa.net/players/notfound_0_60.png","name":"Borja Iglesias","teamlogo":"./data/betis/flags-es@3x.png"},{"left":"36%","top":"18.75%","img":"./data/betis/players-216-594-22_180.png","href":"/player/216594/nabil-fekir/","defaultimg":"https://cdn.sofifa.net/players/notfound_0_60.png","name":"Fekir","teamlogo":"./data/betis/flags-fr@3x.png"},{"left":"0.8%","top":"20%","img":"./data/betis/players-197-891-22_180.png","href":"/player/197891/juan-miguel-jimenez-lopez/","defaultimg":"https://cdn.sofifa.net/players/notfound_0_60.png","name":"Juanmi","teamlogo":"./data/betis/flags-es@3x.png"},{"left":"71.2%","top":"20%","img":"./data/betis/players-190-286-22_180.png","href":"/player/190286/sergio-canales-madrazo/","defaultimg":"https://cdn.sofifa.net/players/notfound_0_60.png","name":"Canales","teamlogo":"./data/betis/flags-es@3x.png"},{"left":"21.92%","top":"47.5%","img":"./data/betis/players-171-897-22_180.png","href":"/player/171897/andres-guardado/","defaultimg":"https://cdn.sofifa.net/players/notfound_0_60.png","name":"Guardado","teamlogo":"./data/betis/flags-mx@3x.png"},{"left":"50.08%","top":"47.5%","img":"./data/betis/players-225-659-22_180.png","href":"/player/225659/guido-rodriguez/","defaultimg":"https://cdn.sofifa.net/players/notfound_0_60.png","name":"Rodríguez","teamlogo":"./data/betis/flags-ar@3x.png"},{"left":"0.7296%","top":"62.5%","img":"./data/betis/players-217-036-22_180.png","href":"/player/217036/alexandre-moreno-lopera/","defaultimg":"https://cdn.sofifa.net/players/notfound_0_60.png","name":"Álex Moreno","teamlogo":"./data/betis/flags-es@3x.png"},{"left":"21.0312%","top":"67.5%","img":"./data/betis/players-198-141-22_180.png","href":"/player/198141/marc-bartra-aregall/","defaultimg":"https://cdn.sofifa.net/players/notfound_0_60.png","name":"Bartra","teamlogo":"./data/betis/flags-es@3x.png"},{"left":"49.3672%","top":"67.71%","img":"./data/betis/players-193-601-22_180.png","href":"/player/193601/german-pezzella/","defaultimg":"https://cdn.sofifa.net/players/notfound_0_60.png","name":"Pezzella","teamlogo":"./data/betis/flags-ar@3x.png"},{"left":"73.4704%","top":"62.5%","img":"./data/betis/players-203-747-22_180.png","href":"/player/203747/hector-bellerin-moruno/","defaultimg":"https://cdn.sofifa.net/players/notfound_0_60.png","name":"Héctor Bellerín","teamlogo":"./data/betis/flags-es@3x.png"},{"left":"36%","top":"83.25%","img":"./data/betis/players-174-543-22_180.png","href":"/player/174543/claudio-bravo/","defaultimg":"https://cdn.sofifa.net/players/notfound_0_60.png","name":"Bravo","teamlogo":"./data/betis/flags-cl@3x.png"}],"teamname":"betis"}