{"notionLogo":"./data/lyonnais/teams-66-180.png","notionName":"里昂","players":[{"left":"-1.4%","top":"2.5%","img":"./data/lyonnais/players-224-069-22_180.png","href":"/player/224069/karl-toko-ekambi/","defaultimg":"https://cdn.sofifa.net/players/notfound_0_60.png","name":"Toko Ekambi","teamlogo":"./data/lyonnais/flags-cm@3x.png"},{"left":"35.956%","top":"-2.5%","img":"./data/lyonnais/players-211-591-22_180.png","href":"/player/211591/moussa-dembele/","defaultimg":"https://cdn.sofifa.net/players/notfound_0_60.png","name":"Dembélé","teamlogo":"./data/lyonnais/flags-fr@3x.png"},{"left":"73.4%","top":"2.5%","img":"./data/lyonnais/players-247-641-22_180.png","href":"/player/247641/mateus-tete/","defaultimg":"https://cdn.sofifa.net/players/notfound_0_60.png","name":"Tetê","teamlogo":"./data/lyonnais/flags-br@3x.png"},{"left":"22.8%","top":"32.26%","img":"./data/lyonnais/players-233-927-22_180.png","href":"/player/233927/lucas-tolentino-coelho-de-lima/","defaultimg":"https://cdn.sofifa.net/players/notfound_0_60.png","name":"Lucas Paquetá","teamlogo":"./data/lyonnais/flags-br@3x.png"},{"left":"49.2%","top":"33.75%","img":"./data/lyonnais/players-234-906-22_180.png","href":"/player/234906/houssem-aouar/","defaultimg":"https://cdn.sofifa.net/players/notfound_0_60.png","name":"Aouar","teamlogo":"./data/lyonnais/flags-fr@3x.png"},{"left":"36%","top":"51.25%","img":"./data/lyonnais/players-213-874-22_180.png","href":"/player/213874/thiago-henrique-mendes-ribeiro/","defaultimg":"https://cdn.sofifa.net/players/notfound_0_60.png","name":"Thiago Mendes","teamlogo":"./data/lyonnais/flags-br@3x.png"},{"left":"-1.4%","top":"65%","img":"./data/lyonnais/players-210-736-22_180.png","href":"/player/210736/emerson-palmieri-dos-santos/","defaultimg":"https://cdn.sofifa.net/players/notfound_0_60.png","name":"Emerson","teamlogo":"./data/lyonnais/flags-it@3x.png"},{"left":"20.4944%","top":"67.5%","img":"./data/lyonnais/players-262-138-22_180.png","href":"/player/262138/castello-lukeba/","defaultimg":"https://cdn.sofifa.net/players/notfound_0_60.png","name":"Lukeba","teamlogo":"./data/lyonnais/flags-fr@3x.png"},{"left":"51.2328%","top":"67.5%","img":"./data/lyonnais/players-183-907-22_180.png","href":"/player/183907/jerome-boateng/","defaultimg":"https://cdn.sofifa.net/players/notfound_0_60.png","name":"Boateng","teamlogo":"./data/lyonnais/flags-de@3x.png"},{"left":"73.4%","top":"65%","img":"./data/lyonnais/players-259-307-22_180.png","href":"/player/259307/malo-gusto/","defaultimg":"https://cdn.sofifa.net/players/notfound_0_60.png","name":"Gusto","teamlogo":"./data/lyonnais/flags-fr@3x.png"},{"left":"36%","top":"83.25%","img":"./data/lyonnais/players-199-482-22_180.png","href":"/player/199482/anthony-lopes/","defaultimg":"https://cdn.sofifa.net/players/notfound_0_60.png","name":"Lopes","teamlogo":"./data/lyonnais/flags-pt@3x.png"}],"teamname":"lyonnais"}