{"notionLogo":"./data/middlesbrough/teams-12-180.png","notionName":"米德尔斯堡","players":[{"left":"26.32%","top":"-2.5%","img":"./data/middlesbrough/players-216-268-22_180.png","href":"/player/216268/duncan-watmore/","defaultimg":"https://cdn.sofifa.net/players/notfound_0_60.png","name":"Watmore","teamlogo":"./data/middlesbrough/flags-gb-eng@3x.png"},{"left":"44.8%","top":"-2.5%","img":"./data/middlesbrough/players-231-786-22_180.png","href":"/player/231786/andraz-sporar/","defaultimg":"https://cdn.sofifa.net/players/notfound_0_60.png","name":"Šporar","teamlogo":"./data/middlesbrough/flags-si@3x.png"},{"left":"22.8%","top":"33.75%","img":"./data/middlesbrough/players-237-477-22_180.png","href":"/player/237477/marcus-tavernier/","defaultimg":"https://cdn.sofifa.net/players/notfound_0_60.png","name":"Tavernier","teamlogo":"./data/middlesbrough/flags-gb-eng@3x.png"},{"left":"36%","top":"33.75%","img":"./data/middlesbrough/players-183-422-22_180.png","href":"/player/183422/jonny-howson/","defaultimg":"https://cdn.sofifa.net/players/notfound_0_60.png","name":"Howson","teamlogo":"./data/middlesbrough/flags-gb-eng@3x.png"},{"left":"49.2%","top":"33.75%","img":"./data/middlesbrough/players-202-693-22_180.png","href":"/player/202693/matt-crooks/","defaultimg":"https://cdn.sofifa.net/players/notfound_0_60.png","name":"Crooks","teamlogo":"./data/middlesbrough/flags-gb-eng@3x.png"},{"left":"-1.4%","top":"57.5%","img":"./data/middlesbrough/players-173-735-22_180.png","href":"/player/173735/neil-taylor/","defaultimg":"https://cdn.sofifa.net/players/notfound_0_60.png","name":"Taylor","teamlogo":"./data/middlesbrough/flags-gb-wls@3x.png"},{"left":"17.3%","top":"67.5%","img":"./data/middlesbrough/players-213-697-22_180.png","href":"/player/213697/paddy-mcnair/","defaultimg":"https://cdn.sofifa.net/players/notfound_0_60.png","name":"McNair","teamlogo":"./data/middlesbrough/flags-gb-nir@3x.png"},{"left":"36%","top":"70%","img":"./data/middlesbrough/players-229-682-22_180.png","href":"/player/229682/dael-fry/","defaultimg":"https://cdn.sofifa.net/players/notfound_0_60.png","name":"Fry","teamlogo":"./data/middlesbrough/flags-gb-eng@3x.png"},{"left":"54.7%","top":"67.5%","img":"./data/middlesbrough/players-232-413-22_180.png","href":"/player/232413/anfernee-dijksteel/","defaultimg":"https://cdn.sofifa.net/players/notfound_0_60.png","name":"Dijksteel","teamlogo":"./data/middlesbrough/flags-nl@3x.png"},{"left":"73.4%","top":"57.5%","img":"./data/middlesbrough/players-253-055-22_180.png","href":"/player/253055/isaiah-jones/","defaultimg":"https://cdn.sofifa.net/players/notfound_0_60.png","name":"Jones","teamlogo":"./data/middlesbrough/flags-gb-eng@3x.png"},{"left":"36%","top":"83.25%","img":"./data/middlesbrough/players-217-096-22_180.png","href":"/player/217096/joe-lumley/","defaultimg":"https://cdn.sofifa.net/players/notfound_0_60.png","name":"Lumley","teamlogo":"./data/middlesbrough/flags-gb-eng@3x.png"}],"teamname":"middlesbrough"}