{"notionLogo":"./data/crystal/teams-1799-180.png","notionName":"水晶宫","players":[{"left":"-1.4%","top":"2.5%","img":"./data/crystal/players-198-717-22_180.png","href":"/player/198717/wilfried-zaha/","defaultimg":"https://cdn.sofifa.net/players/notfound_0_60.png","name":"Zaha","teamlogo":"./data/crystal/flags-ci@3x.png"},{"left":"35.956%","top":"-2.5%","img":"./data/crystal/players-236-461-22_180.png","href":"/player/236461/jean-philippe-mateta/","defaultimg":"https://cdn.sofifa.net/players/notfound_0_60.png","name":"Mateta","teamlogo":"./data/crystal/flags-fr@3x.png"},{"left":"73.4%","top":"2.5%","img":"./data/crystal/players-197-756-22_180.png","href":"/player/197756/jordan-ayew/","defaultimg":"https://cdn.sofifa.net/players/notfound_0_60.png","name":"Ayew","teamlogo":"./data/crystal/flags-gh@3x.png"},{"left":"21.92%","top":"34.31%","img":"./data/crystal/players-200-759-22_180.png","href":"/player/200759/jeffrey-schlupp/","defaultimg":"https://cdn.sofifa.net/players/notfound_0_60.png","name":"Schlupp","teamlogo":"./data/crystal/flags-gh@3x.png"},{"left":"50.08%","top":"33.83%","img":"./data/crystal/players-238-216-22_180.png","href":"/player/238216/conor-gallagher/","defaultimg":"https://cdn.sofifa.net/players/notfound_0_60.png","name":"Gallagher","teamlogo":"./data/crystal/flags-gb-eng@3x.png"},{"left":"36%","top":"51.25%","img":"./data/crystal/players-186-801-22_180.png","href":"/player/186801/cheikhou-kouyate/","defaultimg":"https://cdn.sofifa.net/players/notfound_0_60.png","name":"Kouyaté","teamlogo":"./data/crystal/flags-sn@3x.png"},{"left":"-1.4%","top":"65%","img":"./data/crystal/players-240-947-22_180.png","href":"/player/240947/tyrick-mitchell/","defaultimg":"https://cdn.sofifa.net/players/notfound_0_60.png","name":"Mitchell","teamlogo":"./data/crystal/flags-gb-eng@3x.png"},{"left":"17.8368%","top":"70%","img":"./data/crystal/players-241-159-22_180.png","href":"/player/241159/marc-guehi/","defaultimg":"https://cdn.sofifa.net/players/notfound_0_60.png","name":"Guéhi","teamlogo":"./data/crystal/flags-gb-eng@3x.png"},{"left":"54.1632%","top":"69.79%","img":"./data/crystal/players-224-221-22_180.png","href":"/player/224221/joachim-andersen/","defaultimg":"https://cdn.sofifa.net/players/notfound_0_60.png","name":"Andersen","teamlogo":"./data/crystal/flags-dk@3x.png"},{"left":"73.4%","top":"65%","img":"./data/crystal/players-190-456-22_180.png","href":"/player/190456/nathaniel-clyne/","defaultimg":"https://cdn.sofifa.net/players/notfound_0_60.png","name":"Clyne","teamlogo":"./data/crystal/flags-gb-eng@3x.png"},{"left":"36%","top":"83.25%","img":"./data/crystal/players-189-690-22_180.png","href":"/player/189690/vicente-guaita-panadero/","defaultimg":"https://cdn.sofifa.net/players/notfound_0_60.png","name":"Guaita","teamlogo":"./data/crystal/flags-es@3x.png"}],"teamname":"crystal"}