{"notionLogo":"./data/montpellier/teams-70-180.png","notionName":"蒙彼利埃","players":[{"left":"35.956%","top":"-2.5%","img":"./data/montpellier/players-260-407-22_180.png","href":"/player/260407/elye-wahi/","defaultimg":"https://cdn.sofifa.net/players/notfound_0_60.png","name":"Wahi","teamlogo":"./data/montpellier/flags-fr@3x.png"},{"left":"36%","top":"18.75%","img":"./data/montpellier/players-205-686-22_180.png","href":"/player/205686/teji-savanier/","defaultimg":"https://cdn.sofifa.net/players/notfound_0_60.png","name":"Savanier","teamlogo":"./data/montpellier/flags-fr@3x.png"},{"left":"-0.0624%","top":"20.5%","img":"./data/montpellier/players-225-783-22_180.png","href":"/player/225783/stephy-mavididi/","defaultimg":"https://cdn.sofifa.net/players/notfound_0_60.png","name":"Mavididi","teamlogo":"./data/montpellier/flags-gb-eng@3x.png"},{"left":"71.2%","top":"20%","img":"./data/montpellier/players-209-288-22_180.png","href":"/player/209288/florent-mollet/","defaultimg":"https://cdn.sofifa.net/players/notfound_0_60.png","name":"Mollet","teamlogo":"./data/montpellier/flags-fr@3x.png"},{"left":"22.8%","top":"51.25%","img":"./data/montpellier/players-252-541-22_180.png","href":"/player/252541/joris-chotard/","defaultimg":"https://cdn.sofifa.net/players/notfound_0_60.png","name":"Chotard","teamlogo":"./data/montpellier/flags-fr@3x.png"},{"left":"48.32%","top":"47.5%","img":"./data/montpellier/players-206-306-22_180.png","href":"/player/206306/jordan-ferri/","defaultimg":"https://cdn.sofifa.net/players/notfound_0_60.png","name":"Ferri","teamlogo":"./data/montpellier/flags-fr@3x.png"},{"left":"-0.3352%","top":"62.5%","img":"./data/montpellier/players-218-540-22_180.png","href":"/player/218540/ambroise-oyongo/","defaultimg":"https://cdn.sofifa.net/players/notfound_0_60.png","name":"Oyongo","teamlogo":"./data/montpellier/flags-cm@3x.png"},{"left":"20.5032%","top":"67.87%","img":"./data/montpellier/players-183-285-22_180.png","href":"/player/183285/mamadou-sakho/","defaultimg":"https://cdn.sofifa.net/players/notfound_0_60.png","name":"Sakho","teamlogo":"./data/montpellier/flags-fr@3x.png"},{"left":"51.2328%","top":"68.08%","img":"./data/montpellier/players-262-042-22_180.png","href":"/player/262042/maxime-esteve/","defaultimg":"https://cdn.sofifa.net/players/notfound_0_60.png","name":"Estève","teamlogo":"./data/montpellier/flags-fr@3x.png"},{"left":"73.4%","top":"63.09%","img":"./data/montpellier/players-193-470-22_180.png","href":"/player/193470/arnaud-souquet/","defaultimg":"https://cdn.sofifa.net/players/notfound_0_60.png","name":"Souquet","teamlogo":"./data/montpellier/flags-fr@3x.png"},{"left":"36%","top":"83.25%","img":"./data/montpellier/players-223-550-22_180.png","href":"/player/223550/jonas-omlin/","defaultimg":"https://cdn.sofifa.net/players/notfound_0_60.png","name":"Omlin","teamlogo":"./data/montpellier/flags-ch@3x.png"}],"teamname":"montpellier"}