{"notionLogo":"./data/Corinthians/teams-1041-180.png","notionName":"科林蒂安","players":[{"left":"-1.18%","top":"0%","img":"./data/Corinthians/4jj8rx.png","href":"/player/11389247/roger-krug-guedes/","defaultimg":"https://cdn.sofifa.net/players/notfound_0_60.png","name":"Roger Guedes","teamlogo":"./data/Corinthians/flags-br@3x.png"},{"left":"36%","top":"-2.5%","img":"./data/Corinthians/players-243-238-22_180.png","href":"/player/11738288/aluisio-chaves-ribeiro-moraes-junior/","defaultimg":"https://cdn.sofifa.net/players/notfound_0_60.png","name":"Júnior Moraes","teamlogo":"./data/Corinthians/flags-ua@3x.png"},{"left":"74.06%","top":"0%","img":"./data/Corinthians/players-180-403-22_180.png","href":"/player/11391562/willian-borges-da-silva/","defaultimg":"https://cdn.sofifa.net/players/notfound_0_60.png","name":"Willian","teamlogo":"./data/Corinthians/flags-br@3x.png"},{"left":"20.16%","top":"33.75%","img":"./data/Corinthians/0q83fp.png","href":"/player/11391567/renato-soares-de-oliveira-augusto/","defaultimg":"https://cdn.sofifa.net/players/notfound_0_60.png","name":"Renato Augusto","teamlogo":"./data/Corinthians/flags-br@3x.png"},{"left":"51.84%","top":"33.75%","img":"./data/Corinthians/players-187-961-22_180.png","href":"/player/11477955/jose-paulo-bezerra-m-junior/","defaultimg":"https://cdn.sofifa.net/players/notfound_0_60.png","name":"Paulinho","teamlogo":"./data/Corinthians/flags-br@3x.png"},{"left":"36%","top":"47.5%","img":"./data/Corinthians/zhmg5s.png","href":"/player/11925456/eduardo-santos-queiroz/","defaultimg":"https://cdn.sofifa.net/players/notfound_0_60.png","name":"Du Queiroz","teamlogo":"./data/Corinthians/flags-br@3x.png"},{"left":"-3.16%","top":"62.5%","img":"./data/Corinthians/players-152-819-22_180.png","href":"/player/152819/fabio-santos-romeu/","defaultimg":"https://cdn.sofifa.net/players/notfound_0_60.png","name":"Fábio Santos","teamlogo":"./data/Corinthians/flags-br@3x.png"},{"left":"20.16%","top":"70%","img":"./data/Corinthians/players-228-229-22_180.png","href":"/player/12045846/fabian-balbuena/","defaultimg":"https://cdn.sofifa.net/players/notfound_0_60.png","name":"Balbuena","teamlogo":"./data/Corinthians/flags-py@3x.png"},{"left":"51.84%","top":"70%","img":"./data/Corinthians/players-193-869-22_180.png","href":"/player/193869/carlos-gilberto-do-nascimento-silva/","defaultimg":"https://cdn.sofifa.net/players/notfound_0_60.png","name":"Gil","teamlogo":"./data/Corinthians/flags-br@3x.png"},{"left":"75.16%","top":"62.5%","img":"./data/Corinthians/xqne95.png","href":"/player/11549992/fagner-conserva-lemos/","defaultimg":"https://cdn.sofifa.net/players/notfound_0_60.png","name":"Fagner","teamlogo":"./data/Corinthians/flags-br@3x.png"},{"left":"36%","top":"83.5%","img":"./data/Corinthians/xdds8r.png","href":"/player/11472029/cassio-ramos/","defaultimg":"https://cdn.sofifa.net/players/notfound_0_60.png","name":"Cássio","teamlogo":"./data/Corinthians/flags-br@3x.png"}],"teamname":"Corinthians"}