{"notionLogo":"./data/Palmeiras/teams-383-180.png","notionName":"帕尔梅拉斯","players":[{"left":"36%","top":"-2.5%","img":"./data/Palmeiras/3heqhl.png","href":"/player/11694966/ronielson-da-silva-barbosa/","defaultimg":"https://cdn.sofifa.net/players/notfound_0_60.png","name":"Rony","teamlogo":"./data/Palmeiras/flags-br@3x.png"},{"left":"36%","top":"18%","img":"./data/Palmeiras/5evct9.png","href":"/player/11693995/raphael-cavalcante-veiga/","defaultimg":"https://cdn.sofifa.net/players/notfound_0_60.png","name":"Raphael Veiga","teamlogo":"./data/Palmeiras/flags-br@3x.png"},{"left":"0.8%","top":"21.17%","img":"./data/Palmeiras/m3pity.png","href":"/player/11694624/gustavo-henrique-furtado-scarpa/","defaultimg":"https://cdn.sofifa.net/players/notfound_0_60.png","name":"Gustavo Scarpa","teamlogo":"./data/Palmeiras/flags-br@3x.png"},{"left":"20.16%","top":"33.75%","img":"./data/Palmeiras/3vqf54.png","href":"/player/11693978/jose-rafael-vivian/","defaultimg":"https://cdn.sofifa.net/players/notfound_0_60.png","name":"Zé Rafael","teamlogo":"./data/Palmeiras/flags-br@3x.png"},{"left":"51.84%","top":"33.75%","img":"./data/Palmeiras/lp8mu2.png","href":"/player/11693576/danilo-dos-santos-de-oliveira/","defaultimg":"https://cdn.sofifa.net/players/notfound_0_60.png","name":"Danilo","teamlogo":"./data/Palmeiras/flags-br@3x.png"},{"left":"71.2%","top":"21.16%","img":"./data/Palmeiras/6sdzws.png","href":"/player/11691553/eduardo-pereira-rodrigues/","defaultimg":"https://cdn.sofifa.net/players/notfound_0_60.png","name":"Dudu","teamlogo":"./data/Palmeiras/flags-br@3x.png"},{"left":"-3.16%","top":"62.5%","img":"./data/Palmeiras/1n5495.png","href":"/player/11693300/joaquin-piquerez-moreira/","defaultimg":"https://cdn.sofifa.net/players/notfound_0_60.png","name":"Piquerez","teamlogo":"./data/Palmeiras/flags-uy@3x.png"},{"left":"20.16%","top":"70%","img":"./data/Palmeiras/xe9ovf.png","href":"/player/11693238/murilo-cerqueira-paim/","defaultimg":"https://cdn.sofifa.net/players/notfound_0_60.png","name":"Murilo","teamlogo":"./data/Palmeiras/flags-br@3x.png"},{"left":"51.84%","top":"70%","img":"./data/Palmeiras/51r7ha.png","href":"/player/11694746/gustavo-raul-gomez-portillo/","defaultimg":"https://cdn.sofifa.net/players/notfound_0_60.png","name":"Gustavo Gómez","teamlogo":"./data/Palmeiras/flags-py@3x.png"},{"left":"75.16%","top":"62.5%","img":"./data/Palmeiras/le6j0p.png","href":"/player/11694908/marcos-luis-rocha-aquino/","defaultimg":"https://cdn.sofifa.net/players/notfound_0_60.png","name":"Marcos Rocha","teamlogo":"./data/Palmeiras/flags-br@3x.png"},{"left":"36%","top":"83.5%","img":"./data/Palmeiras/2hxsw2.png","href":"/player/11691290/weverton-pereira-da-silva/","defaultimg":"https://cdn.sofifa.net/players/notfound_0_60.png","name":"Weverton","teamlogo":"./data/Palmeiras/flags-br@3x.png"}],"teamname":"Palmeiras"}