{"notionLogo":"./data/plate/teams-1876-180.png","notionName":"河床","players":[{"left":"35.956%","top":"-2.5%","img":"./data/plate/players-246-191-22_180.png","href":"/player/246191/julian-alvarez/","defaultimg":"https://cdn.sofifa.net/players/notfound_0_60.png","name":"Álvarez","teamlogo":"./data/plate/flags-ar@3x.png"},{"left":"0.8%","top":"20%","img":"./data/plate/players-236-007-22_180.png","href":"/player/236007/esequiel-barco/","defaultimg":"https://cdn.sofifa.net/players/notfound_0_60.png","name":"Barco","teamlogo":"./data/plate/flags-ar@3x.png"},{"left":"22.8%","top":"33.75%","img":"./data/plate/players-240-699-22_180.png","href":"/player/240699/nicolas-de-la-cruz/","defaultimg":"https://cdn.sofifa.net/players/notfound_0_60.png","name":"De la Cruz","teamlogo":"./data/plate/flags-uy@3x.png"},{"left":"49.2%","top":"33.75%","img":"./data/plate/players-247-090-22_180.png","href":"/player/247090/enzo-fernandez/","defaultimg":"https://cdn.sofifa.net/players/notfound_0_60.png","name":"Fernández","teamlogo":"./data/plate/flags-ar@3x.png"},{"left":"71.2%","top":"20%","img":"./data/plate/players-256-408-22_180.png","href":"/player/256408/santiago-simon/","defaultimg":"https://cdn.sofifa.net/players/notfound_0_60.png","name":"Simón","teamlogo":"./data/plate/flags-ar@3x.png"},{"left":"36%","top":"51.25%","img":"./data/plate/players-196-432-22_180.png","href":"/player/196432/enzo-perez/","defaultimg":"https://cdn.sofifa.net/players/notfound_0_60.png","name":"Pérez","teamlogo":"./data/plate/flags-ar@3x.png"},{"left":"-1.4%","top":"65%","img":"./data/plate/players-215-071-22_180.png","href":"/player/215071/milton-casco/","defaultimg":"https://cdn.sofifa.net/players/notfound_0_60.png","name":"Casco","teamlogo":"./data/plate/flags-ar@3x.png"},{"left":"19.7024%","top":"67.5%","img":"./data/plate/players-241-569-22_180.png","href":"/player/241569/david-martinez/","defaultimg":"https://cdn.sofifa.net/players/notfound_0_60.png","name":"Martínez","teamlogo":"./data/plate/flags-py@3x.png"},{"left":"51.7696%","top":"67.5%","img":"./data/plate/players-214-436-22_180.png","href":"/player/214436/paulo-diaz/","defaultimg":"https://cdn.sofifa.net/players/notfound_0_60.png","name":"Díaz","teamlogo":"./data/plate/flags-cl@3x.png"},{"left":"73.4%","top":"65%","img":"./data/plate/players-246-106-22_180.png","href":"/player/246106/andres-herrera/","defaultimg":"https://cdn.sofifa.net/players/notfound_0_60.png","name":"Herrera","teamlogo":"./data/plate/flags-ar@3x.png"},{"left":"36%","top":"83.25%","img":"./data/plate/players-214-584-22_180.png","href":"/player/214584/franco-armani/","defaultimg":"https://cdn.sofifa.net/players/notfound_0_60.png","name":"Armani","teamlogo":"./data/plate/flags-ar@3x.png"}],"teamname":"plate"}