{"notionLogo":"./data/osasuna/teams-479-180.png","notionName":"奥萨苏纳","players":[{"left":"35.956%","top":"-2.5%","img":"./data/osasuna/players-188-335-22_180.png","href":"/player/188335/ante-budimir/","defaultimg":"https://cdn.sofifa.net/players/notfound_0_60.png","name":"Budimir","teamlogo":"./data/osasuna/flags-hr@3x.png"},{"left":"-0.5992%","top":"20%","img":"./data/osasuna/players-211-022-22_180.png","href":"/player/211022/ruben-garcia-santos/","defaultimg":"https://cdn.sofifa.net/players/notfound_0_60.png","name":"Rubén García","teamlogo":"./data/osasuna/flags-es@3x.png"},{"left":"22.8%","top":"33.75%","img":"./data/osasuna/players-236-221-22_180.png","href":"/player/236221/darko-brasanac/","defaultimg":"https://cdn.sofifa.net/players/notfound_0_60.png","name":"Brašanac","teamlogo":"./data/osasuna/flags-rs@3x.png"},{"left":"49.2%","top":"33.75%","img":"./data/osasuna/players-247-495-22_180.png","href":"/player/247495/jon-moncayola-tollar/","defaultimg":"https://cdn.sofifa.net/players/notfound_0_60.png","name":"Moncayola","teamlogo":"./data/osasuna/flags-es@3x.png"},{"left":"73.4%","top":"20%","img":"./data/osasuna/players-228-520-22_180.png","href":"/player/228520/ezequiel-avila/","defaultimg":"https://cdn.sofifa.net/players/notfound_0_60.png","name":"Ávila","teamlogo":"./data/osasuna/flags-ar@3x.png"},{"left":"36%","top":"51.25%","img":"./data/osasuna/players-208-137-22_180.png","href":"/player/208137/lucas-torro-marset/","defaultimg":"https://cdn.sofifa.net/players/notfound_0_60.png","name":"Lucas Torró","teamlogo":"./data/osasuna/flags-es@3x.png"},{"left":"-1.4%","top":"65%","img":"./data/osasuna/players-252-327-22_180.png","href":"/player/252327/manuel-sanchez-de-la-pena/","defaultimg":"https://cdn.sofifa.net/players/notfound_0_60.png","name":"Manu Sánchez","teamlogo":"./data/osasuna/flags-es@3x.png"},{"left":"17.3%","top":"70%","img":"./data/osasuna/players-206-219-22_180.png","href":"/player/206219/juan-cruz-alvaro-armada/","defaultimg":"https://cdn.sofifa.net/players/notfound_0_60.png","name":"Juan Cruz","teamlogo":"./data/osasuna/flags-es@3x.png"},{"left":"53.3624%","top":"69.58%","img":"./data/osasuna/players-225-341-22_180.png","href":"/player/225341/david-garcia-zubiria/","defaultimg":"https://cdn.sofifa.net/players/notfound_0_60.png","name":"David García","teamlogo":"./data/osasuna/flags-es@3x.png"},{"left":"73.4%","top":"65%","img":"./data/osasuna/players-238-305-22_180.png","href":"/player/238305/ignacio-vidal-miralles/","defaultimg":"https://cdn.sofifa.net/players/notfound_0_60.png","name":"Nacho Vidal","teamlogo":"./data/osasuna/flags-es@3x.png"},{"left":"36%","top":"83.25%","img":"./data/osasuna/players-224-003-22_180.png","href":"/player/224003/sergio-herrera-piron/","defaultimg":"https://cdn.sofifa.net/players/notfound_0_60.png","name":"Sergio Herrera","teamlogo":"./data/osasuna/flags-es@3x.png"}],"teamname":"osasuna"}