{"notionLogo":"./data/west ham/teams-19-180.png","notionName":"西汉姆联","players":[{"left":"35.956%","top":"-2.5%","img":"./data/west ham/players-190-717-22_180.png","href":"/player/190717/michail-antonio/","defaultimg":"https://cdn.sofifa.net/players/notfound_0_60.png","name":"Antonio","teamlogo":"./data/west ham/flags-jm@3x.png"},{"left":"36%","top":"18.75%","img":"./data/west ham/players-188-988-22_180.png","href":"/player/188988/manuel-lanzini/","defaultimg":"https://cdn.sofifa.net/players/notfound_0_60.png","name":"Lanzini","teamlogo":"./data/west ham/flags-ar@3x.png"},{"left":"0.8%","top":"20%","img":"./data/west ham/players-226-456-22_180.png","href":"/player/226456/pablo-fornals-malla/","defaultimg":"https://cdn.sofifa.net/players/notfound_0_60.png","name":"Pablo Fornals","teamlogo":"./data/west ham/flags-es@3x.png"},{"left":"71.2%","top":"21.91%","img":"./data/west ham/players-224-371-22_180.png","href":"/player/224371/jarrod-bowen/","defaultimg":"https://cdn.sofifa.net/players/notfound_0_60.png","name":"Bowen","teamlogo":"./data/west ham/flags-gb-eng@3x.png"},{"left":"22.8%","top":"51.25%","img":"./data/west ham/players-234-378-22_180.png","href":"/player/234378/declan-rice/","defaultimg":"https://cdn.sofifa.net/players/notfound_0_60.png","name":"Rice","teamlogo":"./data/west ham/flags-gb-eng@3x.png"},{"left":"49.2%","top":"47.5%","img":"./data/west ham/players-236-792-22_180.png","href":"/player/236792/tomas-soucek/","defaultimg":"https://cdn.sofifa.net/players/notfound_0_60.png","name":"Souček","teamlogo":"./data/west ham/flags-cz@3x.png"},{"left":"0.8%","top":"65.21%","img":"./data/west ham/players-189-615-22_180.png","href":"/player/189615/aaron-cresswell/","defaultimg":"https://cdn.sofifa.net/players/notfound_0_60.png","name":"Cresswell","teamlogo":"./data/west ham/flags-gb-eng@3x.png"},{"left":"19.1656%","top":"67.5%","img":"./data/west ham/players-231-633-22_180.png","href":"/player/231633/issa-diop/","defaultimg":"https://cdn.sofifa.net/players/notfound_0_60.png","name":"Diop","teamlogo":"./data/west ham/flags-fr@3x.png"},{"left":"48.1%","top":"67.5%","img":"./data/west ham/players-194-806-22_180.png","href":"/player/194806/craig-dawson/","defaultimg":"https://cdn.sofifa.net/players/notfound_0_60.png","name":"Dawson","teamlogo":"./data/west ham/flags-gb-eng@3x.png"},{"left":"73.4%","top":"65%","img":"./data/west ham/players-244-470-22_180.png","href":"/player/244470/vladimir-coufal/","defaultimg":"https://cdn.sofifa.net/players/notfound_0_60.png","name":"Coufal","teamlogo":"./data/west ham/flags-cz@3x.png"},{"left":"35.736%","top":"83%","img":"./data/west ham/players-164-835-22_180.png","href":"/player/164835/lukasz-fabianski/","defaultimg":"https://cdn.sofifa.net/players/notfound_0_60.png","name":"Fabiański","teamlogo":"./data/west ham/flags-pl@3x.png"}],"teamname":"west ham"}