{"notionLogo":"./data/elche/teams-468-180.png","notionName":"埃尔切","players":[{"left":"25.44%","top":"-1.27%","img":"./data/elche/players-222-041-22_180.png","href":"/player/222041/lucas-boye/","defaultimg":"https://cdn.sofifa.net/players/notfound_0_60.png","name":"Boyé","teamlogo":"./data/elche/flags-ar@3x.png"},{"left":"45.68%","top":"-1.22%","img":"./data/elche/players-225-926-22_180.png","href":"/player/225926/pere-milla-pena/","defaultimg":"https://cdn.sofifa.net/players/notfound_0_60.png","name":"Pere Milla","teamlogo":"./data/elche/flags-es@3x.png"},{"left":"-1.4%","top":"26.25%","img":"./data/elche/players-189-172-22_180.png","href":"/player/189172/fidel-chaves-de-la-torre/","defaultimg":"https://cdn.sofifa.net/players/notfound_0_60.png","name":"Fidel","teamlogo":"./data/elche/flags-es@3x.png"},{"left":"21.92%","top":"31.7%","img":"./data/elche/players-214-944-22_180.png","href":"/player/214944/gerard-gumbau-garriga/","defaultimg":"https://cdn.sofifa.net/players/notfound_0_60.png","name":"Gumbau","teamlogo":"./data/elche/flags-es@3x.png"},{"left":"50.08%","top":"31.91%","img":"./data/elche/players-208-620-22_180.png","href":"/player/208620/omar-mascarell-gonzalez/","defaultimg":"https://cdn.sofifa.net/players/notfound_0_60.png","name":"Omar Mascarell","teamlogo":"./data/elche/flags-es@3x.png"},{"left":"73.4%","top":"26.25%","img":"./data/elche/players-239-671-22_180.png","href":"/player/239671/jose-antonio-morente-oliva/","defaultimg":"https://cdn.sofifa.net/players/notfound_0_60.png","name":"Tete Morente","teamlogo":"./data/elche/flags-es@3x.png"},{"left":"-1.4%","top":"65%","img":"./data/elche/players-214-026-22_180.png","href":"/player/214026/johan-mojica/","defaultimg":"https://cdn.sofifa.net/players/notfound_0_60.png","name":"Mojica","teamlogo":"./data/elche/flags-co@3x.png"},{"left":"17.3%","top":"67.5%","img":"./data/elche/players-227-106-22_180.png","href":"/player/227106/diego-gonzalez-polanco/","defaultimg":"https://cdn.sofifa.net/players/notfound_0_60.png","name":"Diego González","teamlogo":"./data/elche/flags-es@3x.png"},{"left":"54.7%","top":"67.5%","img":"./data/elche/players-212-225-22_180.png","href":"/player/212225/enzo-roco/","defaultimg":"https://cdn.sofifa.net/players/notfound_0_60.png","name":"Roco","teamlogo":"./data/elche/flags-cl@3x.png"},{"left":"73.4%","top":"65%","img":"./data/elche/players-218-981-22_180.png","href":"/player/218981/helibelton-palacios/","defaultimg":"https://cdn.sofifa.net/players/notfound_0_60.png","name":"Palacios","teamlogo":"./data/elche/flags-co@3x.png"},{"left":"36%","top":"83.25%","img":"./data/elche/players-204-234-22_180.png","href":"/player/204234/edgar-badia-guardiola/","defaultimg":"https://cdn.sofifa.net/players/notfound_0_60.png","name":"Edgar Badia","teamlogo":"./data/elche/flags-es@3x.png"}],"teamname":"elche"}