{"notionLogo":"./data/vallecano/teams-480-180.png","notionName":"巴列卡诺","players":[{"left":"35.956%","top":"-2.5%","img":"./data/vallecano/players-229-624-22_180.png","href":"/player/229624/sergio-guardiola-navarro/","defaultimg":"https://cdn.sofifa.net/players/notfound_0_60.png","name":"Sergi Guardiola","teamlogo":"./data/vallecano/flags-es@3x.png"},{"left":"36%","top":"18.75%","img":"./data/vallecano/players-173-030-22_180.png","href":"/player/173030/oscar-trejo/","defaultimg":"https://cdn.sofifa.net/players/notfound_0_60.png","name":"Trejo","teamlogo":"./data/vallecano/flags-ar@3x.png"},{"left":"0.8%","top":"20%","img":"./data/vallecano/players-216-447-22_180.png","href":"/player/216447/alvaro-garcia-rivera/","defaultimg":"https://cdn.sofifa.net/players/notfound_0_60.png","name":"Álvaro García","teamlogo":"./data/vallecano/flags-es@3x.png"},{"left":"71.2%","top":"20%","img":"./data/vallecano/players-232-498-22_180.png","href":"/player/232498/isaac-palazon-camacho/","defaultimg":"https://cdn.sofifa.net/players/notfound_0_60.png","name":"Isi","teamlogo":"./data/vallecano/flags-es@3x.png"},{"left":"21.92%","top":"47.5%","img":"./data/vallecano/players-243-558-22_180.png","href":"/player/243558/oscar-valentin-martin-luengo/","defaultimg":"https://cdn.sofifa.net/players/notfound_0_60.png","name":"Óscar Valentín","teamlogo":"./data/vallecano/flags-es@3x.png"},{"left":"50.08%","top":"47.5%","img":"./data/vallecano/players-235-781-22_180.png","href":"/player/235781/santiago-comesana-veiga/","defaultimg":"https://cdn.sofifa.net/players/notfound_0_60.png","name":"Santi Comesaña","teamlogo":"./data/vallecano/flags-es@3x.png"},{"left":"-1.4%","top":"65%","img":"./data/vallecano/players-246-606-22_180.png","href":"/player/246606/francisco-jose-garcia-torres/","defaultimg":"https://cdn.sofifa.net/players/notfound_0_60.png","name":"Fran García","teamlogo":"./data/vallecano/flags-es@3x.png"},{"left":"20.6%","top":"70%","img":"./data/vallecano/players-243-976-22_180.png","href":"/player/243976/alejandro-catena-marugan/","defaultimg":"https://cdn.sofifa.net/players/notfound_0_60.png","name":"Catena","teamlogo":"./data/vallecano/flags-es@3x.png"},{"left":"51.4%","top":"70%","img":"./data/vallecano/players-241-070-22_180.png","href":"/player/241070/nikola-maras/","defaultimg":"https://cdn.sofifa.net/players/notfound_0_60.png","name":"Maraš","teamlogo":"./data/vallecano/flags-rs@3x.png"},{"left":"73.4%","top":"65%","img":"./data/vallecano/players-203-581-22_180.png","href":"/player/203581/ivan-balliu/","defaultimg":"https://cdn.sofifa.net/players/notfound_0_60.png","name":"Balliu","teamlogo":"./data/vallecano/flags-al@3x.png"},{"left":"36%","top":"83.25%","img":"./data/vallecano/players-211-348-22_180.png","href":"/player/211348/stole-dimitrievski/","defaultimg":"https://cdn.sofifa.net/players/notfound_0_60.png","name":"Dimitrievski","teamlogo":"./data/vallecano/flags-mk@3x.png"}],"teamname":"vallecano"}