{"notionLogo":"./data/Málaga/teams-573-180.png","notionName":"马拉加","players":[{"left":"26.32%","top":"-2.5%","img":"./data/Málaga/players-263-676-22_180.png","href":"/player/263676/roberto-fernandez-jaen/","defaultimg":"https://cdn.sofifa.net/players/notfound_0_60.png","name":"Roberto","teamlogo":"./data/Málaga/flags-es@3x.png"},{"left":"44.8%","top":"-2.5%","img":"./data/Málaga/players-212-261-22_180.png","href":"/player/212261/brandon-thomas-llamas/","defaultimg":"https://cdn.sofifa.net/players/notfound_0_60.png","name":"Brandon Thomas","teamlogo":"./data/Málaga/flags-es@3x.png"},{"left":"0.8%","top":"20%","img":"./data/Málaga/players-204-830-22_180.png","href":"/player/204830/alvaro-vadillo-cifuentes/","defaultimg":"https://cdn.sofifa.net/players/notfound_0_60.png","name":"Vadillo","teamlogo":"./data/Málaga/flags-es@3x.png"},{"left":"22.8%","top":"33.75%","img":"./data/Málaga/players-210-214-22_180.png","href":"/player/210214/jozabed-sanchez-ruiz/","defaultimg":"https://cdn.sofifa.net/players/notfound_0_60.png","name":"Jozabed","teamlogo":"./data/Málaga/flags-es@3x.png"},{"left":"49.2%","top":"33.75%","img":"./data/Málaga/players-240-873-22_180.png","href":"/player/240873/genaro-rodriguez-serrano/","defaultimg":"https://cdn.sofifa.net/players/notfound_0_60.png","name":"Genaro","teamlogo":"./data/Málaga/flags-es@3x.png"},{"left":"71.2%","top":"20%","img":"./data/Málaga/players-248-710-22_180.png","href":"/player/248710/paulino-de-la-fuente-gomez/","defaultimg":"https://cdn.sofifa.net/players/notfound_0_60.png","name":"Paulino","teamlogo":"./data/Málaga/flags-es@3x.png"},{"left":"-1.4%","top":"65%","img":"./data/Málaga/players-228-600-22_180.png","href":"/player/228600/javier-jimenez-moreno/","defaultimg":"https://cdn.sofifa.net/players/notfound_0_60.png","name":"Javi Jiménez","teamlogo":"./data/Málaga/flags-es@3x.png"},{"left":"20.6%","top":"70%","img":"./data/Málaga/players-189-701-22_180.png","href":"/player/189701/david-rodriguez-lomban/","defaultimg":"https://cdn.sofifa.net/players/notfound_0_60.png","name":"Lombán","teamlogo":"./data/Málaga/flags-es@3x.png"},{"left":"51.4%","top":"70%","img":"./data/Málaga/players-193-909-22_180.png","href":"/player/193909/alberto-escassi-oliva/","defaultimg":"https://cdn.sofifa.net/players/notfound_0_60.png","name":"Escassi","teamlogo":"./data/Málaga/flags-es@3x.png"},{"left":"73.4%","top":"65%","img":"./data/Málaga/players-252-930-22_180.png","href":"/player/252930/ismael-casas-casado/","defaultimg":"https://cdn.sofifa.net/players/notfound_0_60.png","name":"Ismael Casas","teamlogo":"./data/Málaga/flags-es@3x.png"},{"left":"36%","top":"83.25%","img":"./data/Málaga/players-241-119-22_180.png","href":"/player/241119/daniel-martin-fernandez/","defaultimg":"https://cdn.sofifa.net/players/notfound_0_60.png","name":"Dani Martín","teamlogo":"./data/Málaga/flags-es@3x.png"}],"teamname":"Málaga"}