{"notionLogo":"./data/demadrid/teams-240-180.png","notionName":"马德里竞技","players":[{"left":"26.32%","top":"-2.5%","img":"./data/demadrid/players-176-580-22_180.png","href":"/player/176580/luis-suarez/","defaultimg":"https://cdn.sofifa.net/players/notfound_0_60.png","name":"Suárez","teamlogo":"./data/demadrid/flags-uy@3x.png"},{"left":"44.8%","top":"-2.5%","img":"./data/demadrid/players-194-765-22_180.png","href":"/player/194765/antoine-griezmann/","defaultimg":"https://cdn.sofifa.net/players/notfound_0_60.png","name":"Griezmann","teamlogo":"./data/demadrid/flags-fr@3x.png"},{"left":"21.92%","top":"30%","img":"./data/demadrid/players-193-747-22_180.png","href":"/player/193747/jorge-resurreccion/","defaultimg":"https://cdn.sofifa.net/players/notfound_0_60.png","name":"Koke","teamlogo":"./data/demadrid/flags-es@3x.png"},{"left":"34.6624%","top":"37.5%","img":"./data/demadrid/players-201-455-22_180.png","href":"/player/201455/geoffrey-kondogbia/","defaultimg":"https://cdn.sofifa.net/players/notfound_0_60.png","name":"Kondogbia","teamlogo":"./data/demadrid/flags-cf@3x.png"},{"left":"50.08%","top":"30%","img":"./data/demadrid/players-212-616-22_180.png","href":"/player/212616/rodrigo-javier-de-paul/","defaultimg":"https://cdn.sofifa.net/players/notfound_0_60.png","name":"De Paul","teamlogo":"./data/demadrid/flags-ar@3x.png"},{"left":"-1.4%","top":"57.5%","img":"./data/demadrid/players-208-418-22_180.png","href":"/player/208418/yannick-carrasco/","defaultimg":"https://cdn.sofifa.net/players/notfound_0_60.png","name":"Carrasco","teamlogo":"./data/demadrid/flags-be@3x.png"},{"left":"17.3%","top":"67.5%","img":"./data/demadrid/players-236-045-22_180.png","href":"/player/236045/reinildo-isnard-mandava/","defaultimg":"https://cdn.sofifa.net/players/notfound_0_60.png","name":"Reinildo","teamlogo":"./data/demadrid/flags-mz@3x.png"},{"left":"36%","top":"70%","img":"./data/demadrid/players-216-460-22_180.png","href":"/player/216460/jose-maria-gimenez/","defaultimg":"https://cdn.sofifa.net/players/notfound_0_60.png","name":"Giménez","teamlogo":"./data/demadrid/flags-uy@3x.png"},{"left":"54.7%","top":"67.5%","img":"./data/demadrid/players-204-639-22_180.png","href":"/player/204639/stefan-savic/","defaultimg":"https://cdn.sofifa.net/players/notfound_0_60.png","name":"Savić","teamlogo":"./data/demadrid/flags-me@3x.png"},{"left":"73.4%","top":"57.5%","img":"./data/demadrid/players-226-161-22_180.png","href":"/player/226161/marcos-llorente-moreno/","defaultimg":"https://cdn.sofifa.net/players/notfound_0_60.png","name":"Marcos Llorente","teamlogo":"./data/demadrid/flags-es@3x.png"},{"left":"36%","top":"83.25%","img":"./data/demadrid/players-200-389-22_180.png","href":"/player/200389/jan-oblak/","defaultimg":"https://cdn.sofifa.net/players/notfound_0_60.png","name":"Oblak","teamlogo":"./data/demadrid/flags-si@3x.png"}],"teamname":"demadrid"}