{"notionLogo":"./data/germain/teams-73-180.png","notionName":"巴黎圣日耳曼","players":[{"left":"0.8%","top":"5.05%","img":"./data/germain/players-190-871-22_180.png","href":"/player/190871/neymar-da-silva-santos-jr/","defaultimg":"https://cdn.sofifa.net/players/notfound_0_60.png","name":"Neymar Jr","teamlogo":"./data/germain/flags-br@3x.png"},{"left":"35.956%","top":"-2.5%","img":"./data/germain/players-231-747-22_180.png","href":"/player/231747/kylian-mbappe/","defaultimg":"https://cdn.sofifa.net/players/notfound_0_60.png","name":"Mbappé","teamlogo":"./data/germain/flags-fr@3x.png"},{"left":"71.2%","top":"4.63%","img":"./data/germain/players-158-023-22_180.png","href":"/player/158023/lionel-messi/","defaultimg":"https://cdn.sofifa.net/players/notfound_0_60.png","name":"Messi","teamlogo":"./data/germain/flags-ar@3x.png"},{"left":"21.92%","top":"31.06%","img":"./data/germain/players-193-474-22_180.png","href":"/player/193474/idrissa-gueye/","defaultimg":"https://cdn.sofifa.net/players/notfound_0_60.png","name":"Gueye","teamlogo":"./data/germain/flags-sn@3x.png"},{"left":"35.736%","top":"35.24%","img":"./data/germain/players-199-556-22_180.png","href":"/player/199556/marco-verratti/","defaultimg":"https://cdn.sofifa.net/players/notfound_0_60.png","name":"Verratti","teamlogo":"./data/germain/flags-it@3x.png"},{"left":"50.08%","top":"32.55%","img":"./data/germain/players-200-888-22_180.png","href":"/player/200888/danilo-luis-helio-pereira/","defaultimg":"https://cdn.sofifa.net/players/notfound_0_60.png","name":"Danilo Pereira","teamlogo":"./data/germain/flags-pt@3x.png"},{"left":"0.8%","top":"62.5%","img":"./data/germain/players-252-145-22_180.png","href":"/player/252145/nuno-alexandre-tavares-mendes/","defaultimg":"https://cdn.sofifa.net/players/notfound_0_60.png","name":"Nuno Mendes","teamlogo":"./data/germain/flags-pt@3x.png"},{"left":"22.0344%","top":"67.5%","img":"./data/germain/players-225-850-22_180.png","href":"/player/225850/presnel-kimpembe/","defaultimg":"https://cdn.sofifa.net/players/notfound_0_60.png","name":"Kimpembe","teamlogo":"./data/germain/flags-fr@3x.png"},{"left":"50.0624%","top":"67.5%","img":"./data/germain/players-207-865-22_180.png","href":"/player/207865/marcos-aoas-correa/","defaultimg":"https://cdn.sofifa.net/players/notfound_0_60.png","name":"Marquinhos","teamlogo":"./data/germain/flags-br@3x.png"},{"left":"73.664%","top":"62.5%","img":"./data/germain/players-235-212-22_180.png","href":"/player/235212/achraf-hakimi/","defaultimg":"https://cdn.sofifa.net/players/notfound_0_60.png","name":"Hakimi","teamlogo":"./data/germain/flags-ma@3x.png"},{"left":"36%","top":"83.25%","img":"./data/germain/players-230-621-22_180.png","href":"/player/230621/gianluigi-donnarumma/","defaultimg":"https://cdn.sofifa.net/players/notfound_0_60.png","name":"Donnarumma","teamlogo":"./data/germain/flags-it@3x.png"}],"teamname":"germain"}