{"notionLogo":"./data/england/teams-1318-180.png","notionName":"英格兰","players":[{"left":"0.8%","top":"7.5%","img":"./data/england/players-202-652-22_180.png","href":"/player/202652/raheem-sterling/","defaultimg":"https://cdn.sofifa.net/players/notfound_0_60.png","name":"Sterling","teamlogo":"./data/england/teams-5-180.png","pac":91,"sho":80,"pas":79,"dri":87,"def":45,"phy":67,"rating":"87","pos":"LW"},{"left":"35.956%","top":"-2.5%","img":"./data/england/players-202-126-22_180.png","href":"/player/202126/harry-kane/","defaultimg":"https://cdn.sofifa.net/players/notfound_0_60.png","name":"Kane","teamlogo":"./data/england/teams-18-180.png","pac":68,"sho":92,"pas":83,"dri":82,"def":47,"phy":83,"rating":"89","pos":"ST"},{"left":"71.2%","top":"7.5%","img":"./data/england/players-237-692-22_180.png","href":"/player/237692/phil-foden/","defaultimg":"https://cdn.sofifa.net/players/notfound_0_60.png","name":"Foden","teamlogo":"./data/england/teams-10-180.png","pac":84,"sho":78,"pas":80,"dri":88,"def":56,"phy":59,"rating":"84","pos":"LW"},{"left":"36%","top":"18.75%","img":"./data/england/players-233-064-22_180.png","href":"/player/233064/mason-mount/","defaultimg":"https://cdn.sofifa.net/players/notfound_0_60.png","name":"Mount","teamlogo":"./data/england/teams-5-180.png","pac":75,"sho":80,"pas":84,"dri":83,"def":55,"phy":67,"rating":"83","pos":"CAM"},{"left":"23.68%","top":"37.5%","img":"./data/england/players-234-378-22_180.png","href":"/player/234378/declan-rice/","defaultimg":"https://cdn.sofifa.net/players/notfound_0_60.png","name":"Rice","teamlogo":"./data/england/teams-19-180.png","pac":72,"sho":64,"pas":74,"dri":76,"def":82,"phy":82,"rating":"83","pos":"CDM"},{"left":"50.0008%","top":"37.5%","img":"./data/england/players-183-711-22_180.png","href":"/player/183711/jordan-henderson/","defaultimg":"https://cdn.sofifa.net/players/notfound_0_60.png","name":"Henderson","teamlogo":"./data/england/teams-9-180.png","pac":66,"sho":74,"pas":83,"dri":79,"def":78,"phy":81,"rating":"83","pos":"CM"},{"left":"-1.4%","top":"65%","img":"./data/england/players-205-988-22_180.png","href":"/player/205988/luke-shaw/","defaultimg":"https://cdn.sofifa.net/players/notfound_0_60.png","name":"Shaw","teamlogo":"./data/england/teams-11-180.png","pac":78,"sho":54,"pas":78,"dri":78,"def":79,"phy":81,"rating":"82","pos":"LB"},{"left":"20.6%","top":"70%","img":"./data/england/players-203-263-22_180.png","href":"/player/203263/harry-maguire/","defaultimg":"https://cdn.sofifa.net/players/notfound_0_60.png","name":"Maguire","teamlogo":"./data/england/teams-11-180.png","pac":50,"sho":56,"pas":68,"dri":69,"def":81,"phy":85,"rating":"81","pos":"CB"},{"left":"51.4%","top":"70%","img":"./data/england/players-203-574-22_180.png","href":"/player/203574/john-stones/","defaultimg":"https://cdn.sofifa.net/players/notfound_0_60.png","name":"Stones","teamlogo":"./data/england/teams-10-180.png","pac":72,"sho":51,"pas":71,"dri":75,"def":84,"phy":78,"rating":"83","pos":"CB"},{"left":"73.4%","top":"65%","img":"./data/england/players-188-377-22_180.png","href":"/player/188377/kyle-walker/","defaultimg":"https://cdn.sofifa.net/players/notfound_0_60.png","name":"Walker","teamlogo":"./data/england/teams-10-180.png","pac":91,"sho":63,"pas":77,"dri":78,"def":80,"phy":82,"rating":"85","pos":"RB"},{"left":"36%","top":"83.25%","img":"./data/england/players-204-935-22_180.png","href":"/player/204935/jordan-pickford/","defaultimg":"https://cdn.sofifa.net/players/notfound_0_60.png","name":"Pickford","teamlogo":"./data/england/teams-7-180.png","pac":82,"sho":76,"pas":87,"dri":86,"def":49,"phy":78,"rating":"81","pos":"GK"}],"teamname":"england"}