{"notionLogo":"./data/fulham/teams-144-180.png","notionName":"富勒姆","players":[{"left":"35.956%","top":"-2.5%","img":"./data/fulham/players-215-716-22_180.png","href":"/player/215716/aleksandar-mitrovic/","defaultimg":"https://cdn.sofifa.net/players/notfound_0_60.png","name":"Mitrović","teamlogo":"./data/fulham/flags-rs@3x.png"},{"left":"36%","top":"18.75%","img":"./data/fulham/players-256-725-22_180.png","href":"/player/256725/fabio-leandro-carvalho/","defaultimg":"https://cdn.sofifa.net/players/notfound_0_60.png","name":"Fábio Carvalho","teamlogo":"./data/fulham/flags-pt@3x.png"},{"left":"-1.4%","top":"26.25%","img":"./data/fulham/players-202-940-22_180.png","href":"/player/202940/neeskens-kebano/","defaultimg":"https://cdn.sofifa.net/players/notfound_0_60.png","name":"Kebano","teamlogo":"./data/fulham/flags-cd@3x.png"},{"left":"73.4%","top":"26.25%","img":"./data/fulham/players-220-710-22_180.png","href":"/player/220710/harry-wilson/","defaultimg":"https://cdn.sofifa.net/players/notfound_0_60.png","name":"Wilson","teamlogo":"./data/fulham/flags-gb-wls@3x.png"},{"left":"22.8%","top":"51.25%","img":"./data/fulham/players-205-990-22_180.png","href":"/player/205990/harrison-reed/","defaultimg":"https://cdn.sofifa.net/players/notfound_0_60.png","name":"Reed","teamlogo":"./data/fulham/flags-gb-eng@3x.png"},{"left":"50.08%","top":"51.46%","img":"./data/fulham/players-195-202-22_180.png","href":"/player/195202/tom-cairney/","defaultimg":"https://cdn.sofifa.net/players/notfound_0_60.png","name":"Cairney","teamlogo":"./data/fulham/flags-gb-sct@3x.png"},{"left":"-1.4%","top":"65%","img":"./data/fulham/players-229-348-22_180.png","href":"/player/229348/antonee-robinson/","defaultimg":"https://cdn.sofifa.net/players/notfound_0_60.png","name":"Robinson","teamlogo":"./data/fulham/flags-us@3x.png"},{"left":"20.6%","top":"70%","img":"./data/fulham/players-198-261-22_180.png","href":"/player/198261/tim-ream/","defaultimg":"https://cdn.sofifa.net/players/notfound_0_60.png","name":"Ream","teamlogo":"./data/fulham/flags-us@3x.png"},{"left":"51.4%","top":"70%","img":"./data/fulham/players-222-104-22_180.png","href":"/player/222104/tosin-adarabioyo/","defaultimg":"https://cdn.sofifa.net/players/notfound_0_60.png","name":"Adarabioyo","teamlogo":"./data/fulham/flags-gb-eng@3x.png"},{"left":"73.4%","top":"65%","img":"./data/fulham/players-243-057-22_180.png","href":"/player/243057/neco-williams/","defaultimg":"https://cdn.sofifa.net/players/notfound_0_60.png","name":"Williams","teamlogo":"./data/fulham/flags-gb-wls@3x.png"},{"left":"36%","top":"83.25%","img":"./data/fulham/players-222-951-22_180.png","href":"/player/222951/marek-rodak/","defaultimg":"https://cdn.sofifa.net/players/notfound_0_60.png","name":"Rodák","teamlogo":"./data/fulham/flags-sk@3x.png"}],"teamname":"fulham"}