{"notionLogo":"./data/istanbul/teams-101014-180.png","notionName":"伊斯坦布尔","players":[{"left":"35.956%","top":"-2.5%","img":"./data/istanbul/players-178-091-22_180.png","href":"/player/178091/stefano-okaka/","defaultimg":"https://cdn.sofifa.net/players/notfound_0_60.png","name":"Okaka","teamlogo":"./data/istanbul/flags-it@3x.png"},{"left":"-0.4056%","top":"20%","img":"./data/istanbul/players-226-078-22_180.png","href":"/player/226078/mahmoud-hassan/","defaultimg":"https://cdn.sofifa.net/players/notfound_0_60.png","name":"Trezeguet","teamlogo":"./data/istanbul/flags-eg@3x.png"},{"left":"22.8%","top":"33.75%","img":"./data/istanbul/players-190-593-22_180.png","href":"/player/190593/danijel-aleksic/","defaultimg":"https://cdn.sofifa.net/players/notfound_0_60.png","name":"Aleksić","teamlogo":"./data/istanbul/flags-rs@3x.png"},{"left":"49.2%","top":"33.75%","img":"./data/istanbul/players-182-670-22_180.png","href":"/player/182670/mahmut-tekdemir/","defaultimg":"https://cdn.sofifa.net/players/notfound_0_60.png","name":"Tekdemir","teamlogo":"./data/istanbul/flags-tr@3x.png"},{"left":"72.1328%","top":"20%","img":"./data/istanbul/players-215-531-22_180.png","href":"/player/215531/deniz-turuc/","defaultimg":"https://cdn.sofifa.net/players/notfound_0_60.png","name":"Türüç","teamlogo":"./data/istanbul/flags-tr@3x.png"},{"left":"36%","top":"51.25%","img":"./data/istanbul/players-200-754-22_180.png","href":"/player/200754/tolga-cigerci/","defaultimg":"https://cdn.sofifa.net/players/notfound_0_60.png","name":"Ciğerci","teamlogo":"./data/istanbul/flags-tr@3x.png"},{"left":"-1.136%","top":"66.06%","img":"./data/istanbul/players-125-871-22_180.png","href":"/player/125871/hasan-ali-kaldirim/","defaultimg":"https://cdn.sofifa.net/players/notfound_0_60.png","name":"Kaldırım","teamlogo":"./data/istanbul/flags-tr@3x.png"},{"left":"20.6%","top":"70%","img":"./data/istanbul/players-255-533-22_180.png","href":"/player/255533/youssouf-ndayishimiye/","defaultimg":"https://cdn.sofifa.net/players/notfound_0_60.png","name":"Ndayishimiye","teamlogo":"./data/istanbul/flags-bi@3x.png"},{"left":"51.4%","top":"70%","img":"./data/istanbul/players-233-926-22_180.png","href":"/player/233926/leonardo-duarte-da-silva/","defaultimg":"https://cdn.sofifa.net/players/notfound_0_60.png","name":"Léo Duarte","teamlogo":"./data/istanbul/flags-br@3x.png"},{"left":"73.4%","top":"65.85%","img":"./data/istanbul/players-192-427-22_180.png","href":"/player/192427/uilson-de-souza-paula-junior/","defaultimg":"https://cdn.sofifa.net/players/notfound_0_60.png","name":"Júnior Caiçara","teamlogo":"./data/istanbul/flags-br@3x.png"},{"left":"36%","top":"83.25%","img":"./data/istanbul/players-188-524-22_180.png","href":"/player/188524/volkan-babacan/","defaultimg":"https://cdn.sofifa.net/players/notfound_0_60.png","name":"Babacan","teamlogo":"./data/istanbul/flags-tr@3x.png"}],"teamname":"istanbul"}