{"notionLogo":"./data/shanghai/teams-112540-180.png","notionName":"上海海港","players":[{"left":"26.32%","top":"-2.5%","img":"./data/shanghai/players-207-734-22_180.png","href":"/player/207734/paulo-henrique-soares-dos-santos/","defaultimg":"https://cdn.sofifa.net/players/notfound_0_60.png","name":"Paulinho","teamlogo":"./data/shanghai/flags-br@3x.png"},{"left":"44.8%","top":"-2.5%","img":"./data/shanghai/players-237-179-22_180.png","href":"/player/237179/cherif-ndiaye/","defaultimg":"https://cdn.sofifa.net/players/notfound_0_60.png","name":"Ndiaye","teamlogo":"./data/shanghai/flags-sn@3x.png"},{"left":"36%","top":"18.75%","img":"./data/shanghai/players-188-152-22_180.png","href":"/player/188152/oscar-dos-santos-emboaba/","defaultimg":"https://cdn.sofifa.net/players/notfound_0_60.png","name":"Oscar","teamlogo":"./data/shanghai/flags-br@3x.png"},{"left":"21.92%","top":"33.75%","img":"./data/shanghai/players-221-847-22_180.png","href":"/player/221847/muzepper-mirahmetjan/","defaultimg":"https://cdn.sofifa.net/players/notfound_0_60.png","name":"Mirahmetjan","teamlogo":"./data/shanghai/flags-cn@3x.png"},{"left":"36%","top":"37.5%","img":"./data/shanghai/players-194-958-22_180.png","href":"/player/194958/aaron-mooy/","defaultimg":"https://cdn.sofifa.net/players/notfound_0_60.png","name":"Mooy","teamlogo":"./data/shanghai/flags-au@3x.png"},{"left":"50.08%","top":"34.18%","img":"./data/shanghai/players-224-608-22_180.png","href":"/player/224608/huikang-cai/","defaultimg":"https://cdn.sofifa.net/players/notfound_0_60.png","name":"Cai Huikang","teamlogo":"./data/shanghai/flags-cn@3x.png"},{"left":"-1.4%","top":"65%","img":"./data/shanghai/players-224-604-22_180.png","href":"/player/224604/shenchao-wang/","defaultimg":"https://cdn.sofifa.net/players/notfound_0_60.png","name":"Wang Shenchao","teamlogo":"./data/shanghai/flags-cn@3x.png"},{"left":"20.6%","top":"70%","img":"./data/shanghai/players-224-633-22_180.png","href":"/player/224633/guan-he/","defaultimg":"https://cdn.sofifa.net/players/notfound_0_60.png","name":"He Guan","teamlogo":"./data/shanghai/flags-cn@3x.png"},{"left":"51.4%","top":"70%","img":"./data/shanghai/players-224-690-22_180.png","href":"/player/224690/ang-li/","defaultimg":"https://cdn.sofifa.net/players/notfound_0_60.png","name":"Li Ang","teamlogo":"./data/shanghai/flags-cn@3x.png"},{"left":"73.4%","top":"65%","img":"./data/shanghai/players-200-672-22_180.png","href":"/player/200672/linpeng-zhang/","defaultimg":"https://cdn.sofifa.net/players/notfound_0_60.png","name":"Zhang Linpeng","teamlogo":"./data/shanghai/flags-cn@3x.png"},{"left":"36%","top":"83.25%","img":"./data/shanghai/players-224-599-22_180.png","href":"/player/224599/junling-yan/","defaultimg":"https://cdn.sofifa.net/players/notfound_0_60.png","name":"Yan Junling","teamlogo":"./data/shanghai/flags-cn@3x.png"}],"teamname":"shanghai"}