{"notionLogo":"./data/celtic/teams-78-180.png","notionName":"凯尔特人","players":[{"left":"-1.4%","top":"2.5%","img":"./data/celtic/players-234-570-22_180.png","href":"/player/234570/joao-pedro-neves-filipe/","defaultimg":"https://cdn.sofifa.net/players/notfound_0_60.png","name":"Jota","teamlogo":"./data/celtic/flags-pt@3x.png"},{"left":"35.9208%","top":"-2.45%","img":"./data/celtic/players-239-842-22_180.png","href":"/player/239842/georgios-giakoumakis/","defaultimg":"https://cdn.sofifa.net/players/notfound_0_60.png","name":"Giakoumakis","teamlogo":"./data/celtic/flags-gr@3x.png"},{"left":"73.4%","top":"2.5%","img":"./data/celtic/players-263-377-22_180.png","href":"/player/263377/liel-abada/","defaultimg":"https://cdn.sofifa.net/players/notfound_0_60.png","name":"Abada","teamlogo":"./data/celtic/flags-il@3x.png"},{"left":"22.8%","top":"33.75%","img":"./data/celtic/players-255-742-22_180.png","href":"/player/255742/reo-hatate/","defaultimg":"https://cdn.sofifa.net/players/notfound_0_60.png","name":"Hatate","teamlogo":"./data/celtic/flags-jp@3x.png"},{"left":"50.08%","top":"30%","img":"./data/celtic/players-207-928-22_180.png","href":"/player/207928/tom-rogic/","defaultimg":"https://cdn.sofifa.net/players/notfound_0_60.png","name":"Rogić","teamlogo":"./data/celtic/flags-au@3x.png"},{"left":"36%","top":"51.25%","img":"./data/celtic/players-211-093-22_180.png","href":"/player/211093/callum-mcgregor/","defaultimg":"https://cdn.sofifa.net/players/notfound_0_60.png","name":"McGregor","teamlogo":"./data/celtic/flags-gb-sct@3x.png"},{"left":"-1.4%","top":"65%","img":"./data/celtic/players-226-508-22_180.png","href":"/player/226508/greg-taylor/","defaultimg":"https://cdn.sofifa.net/players/notfound_0_60.png","name":"Taylor","teamlogo":"./data/celtic/flags-gb-sct@3x.png"},{"left":"20.7672%","top":"70.05%","img":"./data/celtic/players-220-821-22_180.png","href":"/player/220821/carl-starfelt/","defaultimg":"https://cdn.sofifa.net/players/notfound_0_60.png","name":"Starfelt","teamlogo":"./data/celtic/flags-se@3x.png"},{"left":"50.696%","top":"70.05%","img":"./data/celtic/players-228-174-22_180.png","href":"/player/228174/cameron-carter-vickers/","defaultimg":"https://cdn.sofifa.net/players/notfound_0_60.png","name":"Carter-Vickers","teamlogo":"./data/celtic/flags-us@3x.png"},{"left":"73.4%","top":"65%","img":"./data/celtic/players-257-771-22_180.png","href":"/player/257771/josip-juranovic/","defaultimg":"https://cdn.sofifa.net/players/notfound_0_60.png","name":"Juranović","teamlogo":"./data/celtic/flags-hr@3x.png"},{"left":"36%","top":"83.25%","img":"./data/celtic/players-150-724-22_180.png","href":"/player/150724/joe-hart/","defaultimg":"https://cdn.sofifa.net/players/notfound_0_60.png","name":"Hart","teamlogo":"./data/celtic/flags-gb-eng@3x.png"}],"teamname":"celtic"}