{"notionLogo":"./data/frankfurt/teams-1824-180.png","notionName":"法兰克福","players":[{"left":"35.956%","top":"-2.5%","img":"./data/frankfurt/players-220-883-22_180.png","href":"/player/220883/rafael-santos-borre/","defaultimg":"https://cdn.sofifa.net/players/notfound_0_60.png","name":"Borré","teamlogo":"./data/frankfurt/flags-co@3x.png"},{"left":"17.3%","top":"10%","img":"./data/frankfurt/players-232-730-22_180.png","href":"/player/232730/daichi-kamada/","defaultimg":"https://cdn.sofifa.net/players/notfound_0_60.png","name":"Kamada","teamlogo":"./data/frankfurt/flags-jp@3x.png"},{"left":"54.7%","top":"10%","img":"./data/frankfurt/players-245-741-22_180.png","href":"/player/245741/jesper-lindstrom/","defaultimg":"https://cdn.sofifa.net/players/notfound_0_60.png","name":"Lindstrøm","teamlogo":"./data/frankfurt/flags-dk@3x.png"},{"left":"0.8%","top":"26.76%","img":"./data/frankfurt/players-208-574-22_180.png","href":"/player/208574/filip-kostic/","defaultimg":"https://cdn.sofifa.net/players/notfound_0_60.png","name":"Kostić","teamlogo":"./data/frankfurt/flags-rs@3x.png"},{"left":"22.2632%","top":"37.5%","img":"./data/frankfurt/players-200-215-22_180.png","href":"/player/200215/sebastian-rode/","defaultimg":"https://cdn.sofifa.net/players/notfound_0_60.png","name":"Rode","teamlogo":"./data/frankfurt/flags-de@3x.png"},{"left":"48.32%","top":"37.5%","img":"./data/frankfurt/players-229-752-22_180.png","href":"/player/229752/djibril-sow/","defaultimg":"https://cdn.sofifa.net/players/notfound_0_60.png","name":"Sow","teamlogo":"./data/frankfurt/flags-ch@3x.png"},{"left":"71.2%","top":"26.97%","img":"./data/frankfurt/players-257-540-22_180.png","href":"/player/257540/ansgar-knauff/","defaultimg":"https://cdn.sofifa.net/players/notfound_0_60.png","name":"Knauff","teamlogo":"./data/frankfurt/flags-de@3x.png"},{"left":"22.096%","top":"67.71%","img":"./data/frankfurt/players-236-403-22_180.png","href":"/player/236403/evan-ndicka/","defaultimg":"https://cdn.sofifa.net/players/notfound_0_60.png","name":"Ndicka","teamlogo":"./data/frankfurt/flags-fr@3x.png"},{"left":"36%","top":"70%","img":"./data/frankfurt/players-181-098-22_180.png","href":"/player/181098/makoto-hasebe/","defaultimg":"https://cdn.sofifa.net/players/notfound_0_60.png","name":"Hasebe","teamlogo":"./data/frankfurt/flags-jp@3x.png"},{"left":"49.6312%","top":"68.35%","img":"./data/frankfurt/players-247-182-22_180.png","href":"/player/247182/lucas-silva-melo/","defaultimg":"https://cdn.sofifa.net/players/notfound_0_60.png","name":"Tuta","teamlogo":"./data/frankfurt/flags-br@3x.png"},{"left":"36%","top":"83.25%","img":"./data/frankfurt/players-188-943-22_180.png","href":"/player/188943/kevin-trapp/","defaultimg":"https://cdn.sofifa.net/players/notfound_0_60.png","name":"Trapp","teamlogo":"./data/frankfurt/flags-de@3x.png"}],"teamname":"frankfurt"}