{"notionLogo":"./data/bayern/teams-21-180.png","notionName":"拜仁","players":[{"left":"20.16%","top":"-2.5%","img":"./data/bayern/players-208-722-22_180.png","href":"/player/208722/sadio-mane/","defaultimg":"https://cdn.sofifa.net/players/notfound_0_60.png","name":"Mané","teamlogo":"./data/bayern/flags-sn@3x.png"},{"left":"51.84%","top":"-2.5%","img":"./data/bayern/players-206-113-22_180.png","href":"/player/206113/serge-gnabry/","defaultimg":"https://cdn.sofifa.net/players/notfound_0_60.png","name":"Gnabry","teamlogo":"./data/bayern/flags-de@3x.png"},{"left":"0.8%","top":"21.17%","img":"./data/bayern/players-189-596-22_180.png","href":"/player/189596/thomas-muller/","defaultimg":"https://cdn.sofifa.net/players/notfound_0_60.png","name":"Müller","teamlogo":"./data/bayern/flags-de@3x.png"},{"left":"20.16%","top":"33.75%","img":"./data/bayern/players-209-658-22_180.png","href":"/player/209658/leon-goretzka/","defaultimg":"https://cdn.sofifa.net/players/notfound_0_60.png","name":"Goretzka","teamlogo":"./data/bayern/flags-de@3x.png"},{"left":"51.84%","top":"33.75%","img":"./data/bayern/players-212-622-22_180.png","href":"/player/212622/joshua-kimmich/","defaultimg":"https://cdn.sofifa.net/players/notfound_0_60.png","name":"Kimmich","teamlogo":"./data/bayern/flags-de@3x.png"},{"left":"71.2%","top":"21.17%","img":"./data/bayern/players-213-345-22_180.png","href":"/player/213345/kingsley-coman/","defaultimg":"https://cdn.sofifa.net/players/notfound_0_60.png","name":"Coman","teamlogo":"./data/bayern/flags-fr@3x.png"},{"left":"-3.16%","top":"62.5%","img":"./data/bayern/players-234-396-22_180.png","href":"/player/234396/alphonso-davies/","defaultimg":"https://cdn.sofifa.net/players/notfound_0_60.png","name":"Davies","teamlogo":"./data/bayern/flags-ca@3x.png"},{"left":"18.4%","top":"70%","img":"./data/bayern/players-235-243-22_180.png","href":"/player/235243/matthijs-de-ligt/","defaultimg":"https://cdn.sofifa.net/players/notfound_0_60.png","name":"de Ligt","teamlogo":"./data/bayern/flags-nl@3x.png"},{"left":"53.6%","top":"70%","img":"./data/bayern/players-229-558-22_180.png","href":"/player/229558/dayot-upamecano/","defaultimg":"https://cdn.sofifa.net/players/notfound_0_60.png","name":"Upamecano","teamlogo":"./data/bayern/flags-fr@3x.png"},{"left":"75.16%","top":"62.5%","img":"./data/bayern/players-226-851-22_180.png","href":"/player/226851/benjamin-pavard/","defaultimg":"https://cdn.sofifa.net/players/notfound_0_60.png","name":"Pavard","teamlogo":"./data/bayern/flags-fr@3x.png"},{"left":"36%","top":"83.5%","img":"./data/bayern/players-167-495-22_180.png","href":"/player/167495/manuel-neuer/","defaultimg":"https://cdn.sofifa.net/players/notfound_0_60.png","name":"Neuer","teamlogo":"./data/bayern/flags-de@3x.png"}],"teamname":"bayern"}