{"notionLogo":"./data/bilbao/teams-448-180.png","notionName":"毕尔巴鄂竞技","players":[{"left":"26.32%","top":"-2.5%","img":"./data/bilbao/players-216-201-22_180.png","href":"/player/216201/inaki-williams-arthuer/","defaultimg":"https://cdn.sofifa.net/players/notfound_0_60.png","name":"Iñaki Williams","teamlogo":"./data/bilbao/flags-es@3x.png"},{"left":"44.8%","top":"-2.5%","img":"./data/bilbao/players-244-675-22_180.png","href":"/player/244675/oihan-sancet-tirapu/","defaultimg":"https://cdn.sofifa.net/players/notfound_0_60.png","name":"Sancet","teamlogo":"./data/bilbao/flags-es@3x.png"},{"left":"0.8%","top":"20%","img":"./data/bilbao/players-189-575-22_180.png","href":"/player/189575/iker-muniain-goni/","defaultimg":"https://cdn.sofifa.net/players/notfound_0_60.png","name":"Muniain","teamlogo":"./data/bilbao/flags-es@3x.png"},{"left":"21.92%","top":"37.5%","img":"./data/bilbao/players-216-194-22_180.png","href":"/player/216194/daniel-garcia-carrillo/","defaultimg":"https://cdn.sofifa.net/players/notfound_0_60.png","name":"Dani García","teamlogo":"./data/bilbao/flags-es@3x.png"},{"left":"50.08%","top":"37.5%","img":"./data/bilbao/players-247-328-22_180.png","href":"/player/247328/unai-vencedor-paris/","defaultimg":"https://cdn.sofifa.net/players/notfound_0_60.png","name":"Unai Vencedor","teamlogo":"./data/bilbao/flags-es@3x.png"},{"left":"71.2%","top":"20%","img":"./data/bilbao/players-256-516-22_180.png","href":"/player/256516/nicholas-williams-arthuer/","defaultimg":"https://cdn.sofifa.net/players/notfound_0_60.png","name":"Nico Williams","teamlogo":"./data/bilbao/flags-es@3x.png"},{"left":"-1.4%","top":"65%","img":"./data/bilbao/players-183-512-22_180.png","href":"/player/183512/yuri-berchiche-izeta/","defaultimg":"https://cdn.sofifa.net/players/notfound_0_60.png","name":"Yuri Berchiche","teamlogo":"./data/bilbao/flags-es@3x.png"},{"left":"23.9%","top":"68.35%","img":"./data/bilbao/players-204-525-22_180.png","href":"/player/204525/inigo-martinez-berridi/","defaultimg":"https://cdn.sofifa.net/players/notfound_0_60.png","name":"Iñigo Martínez","teamlogo":"./data/bilbao/flags-es@3x.png"},{"left":"48.1%","top":"68.35%","img":"./data/bilbao/players-248-550-22_180.png","href":"/player/248550/daniel-vivian-moreno/","defaultimg":"https://cdn.sofifa.net/players/notfound_0_60.png","name":"Vivian","teamlogo":"./data/bilbao/flags-es@3x.png"},{"left":"73.4%","top":"65%","img":"./data/bilbao/players-190-149-22_180.png","href":"/player/190149/oscar-de-marcos-arana/","defaultimg":"https://cdn.sofifa.net/players/notfound_0_60.png","name":"De Marcos","teamlogo":"./data/bilbao/flags-es@3x.png"},{"left":"36%","top":"83.25%","img":"./data/bilbao/players-230-869-22_180.png","href":"/player/230869/unai-simon-mendibil/","defaultimg":"https://cdn.sofifa.net/players/notfound_0_60.png","name":"Unai Simón","teamlogo":"./data/bilbao/flags-es@3x.png"}],"teamname":"bilbao"}