{"notionLogo":"./data/germany/teams-1337-180.png","notionName":"德国","players":[{"left":"35.956%","top":"-0.8%","img":"./data/germany/players-212-188-22_180.png","href":"/player/212188/timo-werner/","defaultimg":"https://cdn.sofifa.net/players/notfound_0_60.png","name":"Werner","teamlogo":"./data/germany/teams-5-180.png","pac":91,"sho":81,"pas":70,"dri":82,"def":35,"phy":70,"rating":"83","pos":"ST"},{"left":"36%","top":"18.75%","img":"./data/germany/players-189-596-22_180.png","href":"/player/189596/thomas-muller/","defaultimg":"https://cdn.sofifa.net/players/notfound_0_60.png","name":"Müller","teamlogo":"./data/germany/teams-21-180.png","pac":67,"sho":84,"pas":83,"dri":80,"def":56,"phy":71,"rating":"87","pos":"CAM"},{"left":"-1.4%","top":"26.25%","img":"./data/germany/players-222-492-22_180.png","href":"/player/222492/leroy-sane/","defaultimg":"https://cdn.sofifa.net/players/notfound_0_60.png","name":"Sané","teamlogo":"./data/germany/teams-21-180.png","pac":90,"sho":84,"pas":81,"dri":86,"def":38,"phy":69,"rating":"86","pos":"LM"},{"left":"71.2%","top":"26.89%","img":"./data/germany/players-235-790-22_180.png","href":"/player/235790/kai-havertz/","defaultimg":"https://cdn.sofifa.net/players/notfound_0_60.png","name":"Havertz","teamlogo":"./data/germany/teams-5-180.png","pac":82,"sho":78,"pas":79,"dri":84,"def":45,"phy":66,"rating":"84","pos":"CAM"},{"left":"23.3368%","top":"47.5%","img":"./data/germany/players-186-942-22_180.png","href":"/player/186942/ilkay-gundogan/","defaultimg":"https://cdn.sofifa.net/players/notfound_0_60.png","name":"Gündoğan","teamlogo":"./data/germany/teams-10-180.png","pac":65,"sho":80,"pas":85,"dri":86,"def":73,"phy":72,"rating":"85","pos":"CM"},{"left":"48.936%","top":"48.78%","img":"./data/germany/players-256-790-22_180.png","href":"/player/256790/jamal-musiala/","defaultimg":"https://cdn.sofifa.net/players/notfound_0_60.png","name":"Musiala","teamlogo":"./data/germany/teams-21-180.png","pac":76,"sho":72,"pas":72,"dri":87,"def":59,"phy":58,"rating":"79","pos":"LM"},{"left":"-0.8632%","top":"66.06%","img":"./data/germany/players-236-703-22_180.png","href":"/player/236703/david-raum/","defaultimg":"https://cdn.sofifa.net/players/notfound_0_60.png","name":"Raum","teamlogo":"./data/germany/teams-10029-180.png","pac":86,"sho":59,"pas":75,"dri":75,"def":69,"phy":76,"rating":"79","pos":"LWB"},{"left":"22.7296%","top":"67.5%","img":"./data/germany/players-247-819-22_180.png","href":"/player/247819/nico-schlotterbeck/","defaultimg":"https://cdn.sofifa.net/players/notfound_0_60.png","name":"Schlotterbeck","teamlogo":"./data/germany/teams-25-180.png","pac":71,"sho":47,"pas":65,"dri":69,"def":82,"phy":77,"rating":"80","pos":"CB"},{"left":"51.2328%","top":"67.5%","img":"./data/germany/players-205-452-22_180.png","href":"/player/205452/antonio-rudiger/","defaultimg":"https://cdn.sofifa.net/players/notfound_0_60.png","name":"Rüdiger","teamlogo":"./data/germany/teams-243-180.png","pac":80,"sho":53,"pas":70,"dri":67,"def":86,"phy":85,"rating":"86","pos":"CB"},{"left":"73.664%","top":"66.76%","img":"./data/germany/players-226-229-22_180.png","href":"/player/226229/thilo-kehrer/","defaultimg":"https://cdn.sofifa.net/players/notfound_0_60.png","name":"Kehrer","teamlogo":"./data/germany/teams-73-180.png","pac":76,"sho":44,"pas":65,"dri":66,"def":76,"phy":78,"rating":"76","pos":"CB"},{"left":"36%","top":"83.25%","img":"./data/germany/players-167-495-22_180.png","href":"/player/167495/manuel-neuer/","defaultimg":"https://cdn.sofifa.net/players/notfound_0_60.png","name":"Neuer","teamlogo":"./data/germany/teams-21-180.png","pac":88,"sho":88,"pas":91,"dri":88,"def":56,"phy":89,"rating":"90","pos":"GK"}],"teamname":"germany"}