{"notionLogo":"./data/spain/teams-1362-180.png","notionName":"西班牙","players":[{"left":"0.8%","top":"7.5%","img":"./data/spain/players-230-142-22_180.png","href":"/player/230142/mikel-oyarzabal-ugarte/","defaultimg":"https://cdn.sofifa.net/players/notfound_0_60.png","name":"Oyarzabal","teamlogo":"./data/spain/teams-457-180.png","pac":82,"sho":82,"pas":81,"dri":84,"def":41,"phy":63,"rating":"85","pos":"LW"},{"left":"35.956%","top":"-2.5%","img":"./data/spain/players-201-153-22_180.png","href":"/player/201153/alvaro-borja-morata-martin/","defaultimg":"https://cdn.sofifa.net/players/notfound_0_60.png","name":"Morata","teamlogo":"./data/spain/teams-240-180.png","pac":82,"sho":78,"pas":72,"dri":79,"def":31,"phy":77,"rating":"81","pos":"ST"},{"left":"71.2%","top":"7.5%","img":"./data/spain/players-241-461-22_180.png","href":"/player/241461/ferran-torres-garcia/","defaultimg":"https://cdn.sofifa.net/players/notfound_0_60.png","name":"Ferran Torres","teamlogo":"./data/spain/teams-241-180.png","pac":84,"sho":79,"pas":79,"dri":84,"def":35,"phy":67,"rating":"83","pos":"RW"},{"left":"21.92%","top":"30%","img":"./data/spain/players-251-854-22_180.png","href":"/player/251854/pedro-gonzalez-lopez/","defaultimg":"https://cdn.sofifa.net/players/notfound_0_60.png","name":"Pedri","teamlogo":"./data/spain/teams-241-180.png","pac":78,"sho":67,"pas":81,"dri":87,"def":68,"phy":67,"rating":"84","pos":"CM"},{"left":"50.08%","top":"30%","img":"./data/spain/players-193-747-22_180.png","href":"/player/193747/jorge-resurreccion/","defaultimg":"https://cdn.sofifa.net/players/notfound_0_60.png","name":"Koke","teamlogo":"./data/spain/teams-240-180.png","pac":70,"sho":73,"pas":85,"dri":81,"def":79,"phy":79,"rating":"85","pos":"CM"},{"left":"36%","top":"47.5%","img":"./data/spain/players-189-511-22_180.png","href":"/player/189511/sergio-busquets-burgos/","defaultimg":"https://cdn.sofifa.net/players/notfound_0_60.png","name":"Sergio Busquets","teamlogo":"./data/spain/teams-241-180.png","pac":42,"sho":62,"pas":79,"dri":79,"def":81,"phy":73,"rating":"84","pos":"CDM"},{"left":"-0.0624%","top":"62.5%","img":"./data/spain/players-189-332-22_180.png","href":"/player/189332/jordi-alba-ramos/","defaultimg":"https://cdn.sofifa.net/players/notfound_0_60.png","name":"Jordi Alba","teamlogo":"./data/spain/teams-241-180.png","pac":84,"sho":70,"pas":80,"dri":82,"def":77,"phy":71,"rating":"84","pos":"LB"},{"left":"21.568%","top":"67.5%","img":"./data/spain/players-241-464-22_180.png","href":"/player/241464/pau-francisco-torres/","defaultimg":"https://cdn.sofifa.net/players/notfound_0_60.png","name":"Pau Torres","teamlogo":"./data/spain/teams-483-180.png","pac":72,"sho":38,"pas":67,"dri":70,"def":84,"phy":80,"rating":"82","pos":"CB"},{"left":"50.3352%","top":"67.5%","img":"./data/spain/players-245-037-22_180.png","href":"/player/245037/eric-garcia-martret/","defaultimg":"https://cdn.sofifa.net/players/notfound_0_60.png","name":"Eric García","teamlogo":"./data/spain/teams-241-180.png","pac":65,"sho":44,"pas":70,"dri":68,"def":81,"phy":72,"rating":"79","pos":"CB"},{"left":"72.5992%","top":"62.5%","img":"./data/spain/players-204-963-22_180.png","href":"/player/204963/daniel-carvajal-ramos/","defaultimg":"https://cdn.sofifa.net/players/notfound_0_60.png","name":"Carvajal","teamlogo":"./data/spain/teams-243-180.png","pac":77,"sho":54,"pas":77,"dri":80,"def":79,"phy":79,"rating":"84","pos":"RB"},{"left":"36%","top":"83.25%","img":"./data/spain/players-230-869-22_180.png","href":"/player/230869/unai-simon-mendibil/","defaultimg":"https://cdn.sofifa.net/players/notfound_0_60.png","name":"Unai Simón","teamlogo":"./data/spain/teams-448-180.png","pac":82,"sho":78,"pas":77,"dri":85,"def":48,"phy":85,"rating":"82","pos":"GK"}],"teamname":"spain"}