{"notionLogo":"./data/denmark/teams-1331-180.png","notionName":"丹麦","players":[{"left":"35.956%","top":"-2.5%","img":"./data/denmark/players-207-791-22_180.png","href":"/player/207791/yussuf-poulsen/","defaultimg":"https://cdn.sofifa.net/players/notfound_0_60.png","name":"Poulsen","teamlogo":"./data/denmark/teams-112172-180.png","pac":81,"sho":71,"pas":67,"dri":74,"def":56,"phy":81,"rating":"78","pos":"ST"},{"left":"36%","top":"18.75%","img":"./data/denmark/players-190-460-22_180.png","href":"/player/190460/christian-eriksen/","defaultimg":"https://cdn.sofifa.net/players/notfound_0_60.png","name":"Eriksen","teamlogo":"./data/denmark/teams-11-180.png","pac":62,"sho":78,"pas":88,"dri":81,"def":53,"phy":52,"rating":"82","pos":"CM"},{"left":"-1.4%","top":"26.25%","img":"./data/denmark/players-241-508-22_180.png","href":"/player/241508/mikkel-damsgaard/","defaultimg":"https://cdn.sofifa.net/players/notfound_0_60.png","name":"Damsgaard","teamlogo":"./data/denmark/teams-1837-180.png","pac":84,"sho":68,"pas":71,"dri":81,"def":48,"phy":62,"rating":"76","pos":"LM"},{"left":"73.4%","top":"26.25%","img":"./data/denmark/players-240-017-22_180.png","href":"/player/240017/andreas-skov-olsen/","defaultimg":"https://cdn.sofifa.net/players/notfound_0_60.png","name":"Skov Olsen","teamlogo":"./data/denmark/teams-231-180.png","pac":81,"sho":71,"pas":67,"dri":75,"def":39,"phy":66,"rating":"73","pos":"RM"},{"left":"22.8%","top":"51.25%","img":"./data/denmark/players-193-283-22_180.png","href":"/player/193283/thomas-delaney/","defaultimg":"https://cdn.sofifa.net/players/notfound_0_60.png","name":"Delaney","teamlogo":"./data/denmark/teams-481-180.png","pac":74,"sho":71,"pas":73,"dri":73,"def":82,"phy":81,"rating":"81","pos":"CDM"},{"left":"49.2%","top":"51.25%","img":"./data/denmark/players-213-648-22_180.png","href":"/player/213648/pierre-emile-hojbjerg/","defaultimg":"https://cdn.sofifa.net/players/notfound_0_60.png","name":"Højbjerg","teamlogo":"./data/denmark/teams-18-180.png","pac":56,"sho":73,"pas":77,"dri":77,"def":80,"phy":82,"rating":"83","pos":"CDM"},{"left":"-1.4%","top":"65%","img":"./data/denmark/players-234-678-22_180.png","href":"/player/234678/joakim-maehle/","defaultimg":"https://cdn.sofifa.net/players/notfound_0_60.png","name":"Mæhle","teamlogo":"./data/denmark/teams-39-180.png","pac":86,"sho":56,"pas":68,"dri":72,"def":68,"phy":78,"rating":"77","pos":"RWB"},{"left":"20.6%","top":"70%","img":"./data/denmark/players-179-645-22_180.png","href":"/player/179645/simon-kjaer/","defaultimg":"https://cdn.sofifa.net/players/notfound_0_60.png","name":"Kjær","teamlogo":"./data/denmark/teams-47-180.png","pac":68,"sho":54,"pas":64,"dri":60,"def":85,"phy":79,"rating":"83","pos":"CB"},{"left":"51.4%","top":"70%","img":"./data/denmark/players-213-661-22_180.png","href":"/player/213661/andreas-christensen/","defaultimg":"https://cdn.sofifa.net/players/notfound_0_60.png","name":"Christensen","teamlogo":"./data/denmark/teams-241-180.png","pac":69,"sho":32,"pas":66,"dri":70,"def":84,"phy":74,"rating":"82","pos":"CB"},{"left":"73.4%","top":"65%","img":"./data/denmark/players-172-522-22_180.png","href":"/player/172522/daniel-wass/","defaultimg":"https://cdn.sofifa.net/players/notfound_0_60.png","name":"Wass","teamlogo":"./data/denmark/teams-240-180.png","pac":74,"sho":78,"pas":80,"dri":77,"def":76,"phy":76,"rating":"80","pos":"CM"},{"left":"36%","top":"83.25%","img":"./data/denmark/players-163-587-22_180.png","href":"/player/163587/kasper-schmeichel/","defaultimg":"https://cdn.sofifa.net/players/notfound_0_60.png","name":"Schmeichel","teamlogo":"./data/denmark/teams-95-180.png","pac":81,"sho":78,"pas":79,"dri":86,"def":45,"phy":81,"rating":"83","pos":"GK"}],"teamname":"denmark"}