{"notionLogo":"./data/torino/teams-54-180.png","notionName":"都灵","players":[{"left":"35.956%","top":"-2.5%","img":"./data/torino/players-219-932-22_180.png","href":"/player/219932/antonio-sanabria/","defaultimg":"https://cdn.sofifa.net/players/notfound_0_60.png","name":"Sanabria","teamlogo":"./data/torino/flags-py@3x.png"},{"left":"17.3%","top":"10%","img":"./data/torino/players-234-711-22_180.png","href":"/player/234711/josip-brekalo/","defaultimg":"https://cdn.sofifa.net/players/notfound_0_60.png","name":"Brekalo","teamlogo":"./data/torino/flags-hr@3x.png"},{"left":"54.7%","top":"10%","img":"./data/torino/players-252-060-22_180.png","href":"/player/252060/tommaso-pobega/","defaultimg":"https://cdn.sofifa.net/players/notfound_0_60.png","name":"Pobega","teamlogo":"./data/torino/flags-it@3x.png"},{"left":"-1.4%","top":"26.25%","img":"./data/torino/players-228-349-22_180.png","href":"/player/228349/mergim-vojvoda/","defaultimg":"https://cdn.sofifa.net/players/notfound_0_60.png","name":"Vojvoda","teamlogo":"./data/torino/flags-xk@3x.png"},{"left":"22.8%","top":"33.75%","img":"./data/torino/players-236-699-22_180.png","href":"/player/236699/sasa-lukic/","defaultimg":"https://cdn.sofifa.net/players/notfound_0_60.png","name":"Lukić","teamlogo":"./data/torino/flags-rs@3x.png"},{"left":"49.2%","top":"33.75%","img":"./data/torino/players-225-439-22_180.png","href":"/player/225439/rolando-mandragora/","defaultimg":"https://cdn.sofifa.net/players/notfound_0_60.png","name":"Mandragora","teamlogo":"./data/torino/flags-it@3x.png"},{"left":"73.4%","top":"26.25%","img":"./data/torino/players-252-802-22_180.png","href":"/player/252802/wilfried-singo/","defaultimg":"https://cdn.sofifa.net/players/notfound_0_60.png","name":"Singo","teamlogo":"./data/torino/flags-ci@3x.png"},{"left":"17.3%","top":"67.5%","img":"./data/torino/players-193-352-22_180.png","href":"/player/193352/ricardo-rodriguez/","defaultimg":"https://cdn.sofifa.net/players/notfound_0_60.png","name":"Rodríguez","teamlogo":"./data/torino/flags-ch@3x.png"},{"left":"36%","top":"70%","img":"./data/torino/players-239-580-22_180.png","href":"/player/239580/gleison-bremer-silva-nascimento/","defaultimg":"https://cdn.sofifa.net/players/notfound_0_60.png","name":"Bremer","teamlogo":"./data/torino/flags-br@3x.png"},{"left":"54.7%","top":"67.93%","img":"./data/torino/players-255-687-22_180.png","href":"/player/255687/david-zima/","defaultimg":"https://cdn.sofifa.net/players/notfound_0_60.png","name":"Zima","teamlogo":"./data/torino/flags-cz@3x.png"},{"left":"36%","top":"83.25%","img":"./data/torino/players-224-836-22_180.png","href":"/player/224836/vanja-milinkovic-savic/","defaultimg":"https://cdn.sofifa.net/players/notfound_0_60.png","name":"Milinković-Savić","teamlogo":"./data/torino/flags-rs@3x.png"}],"teamname":"torino"}