{"notionLogo":"./data/scotland/teams-1359-180.png","notionName":"苏格兰","players":[{"left":"26.32%","top":"-2.5%","img":"./data/scotland/players-226-093-22_180.png","href":"/player/226093/che-adams/","defaultimg":"https://cdn.sofifa.net/players/notfound_0_60.png","name":"Adams","teamlogo":"./data/scotland/teams-17-180.png","pac":84,"sho":77,"pas":62,"dri":75,"def":40,"phy":77,"rating":"76","pos":"ST"},{"left":"44.8%","top":"-2.5%","img":"./data/scotland/players-247-279-22_180.png","href":"/player/247279/lyndon-dykes/","defaultimg":"https://cdn.sofifa.net/players/notfound_0_60.png","name":"Dykes","teamlogo":"./data/scotland/teams-15-180.png","pac":68,"sho":69,"pas":50,"dri":66,"def":29,"phy":81,"rating":"71","pos":"ST"},{"left":"36%","top":"18.75%","img":"./data/scotland/players-210-881-22_180.png","href":"/player/210881/john-mcginn/","defaultimg":"https://cdn.sofifa.net/players/notfound_0_60.png","name":"McGinn","teamlogo":"./data/scotland/teams-2-180.png","pac":70,"sho":74,"pas":75,"dri":78,"def":73,"phy":81,"rating":"79","pos":"CM"},{"left":"22.8%","top":"33.75%","img":"./data/scotland/players-211-093-22_180.png","href":"/player/211093/callum-mcgregor/","defaultimg":"https://cdn.sofifa.net/players/notfound_0_60.png","name":"McGregor","teamlogo":"./data/scotland/teams-78-180.png","pac":78,"sho":73,"pas":74,"dri":78,"def":70,"phy":75,"rating":"77","pos":"CM"},{"left":"49.2%","top":"33.75%","img":"./data/scotland/players-245-992-22_180.png","href":"/player/245992/billy-gilmour/","defaultimg":"https://cdn.sofifa.net/players/notfound_0_60.png","name":"Gilmour","teamlogo":"./data/scotland/teams-5-180.png","pac":67,"sho":54,"pas":70,"dri":73,"def":67,"phy":55,"rating":"72","pos":"CM"},{"left":"-1.4%","top":"52.5%","img":"./data/scotland/players-216-267-22_180.png","href":"/player/216267/andrew-robertson/","defaultimg":"https://cdn.sofifa.net/players/notfound_0_60.png","name":"Robertson","teamlogo":"./data/scotland/teams-9-180.png","pac":84,"sho":61,"pas":81,"dri":81,"def":82,"phy":76,"rating":"87","pos":"LB"},{"left":"20.6%","top":"70%","img":"./data/scotland/players-226-491-22_180.png","href":"/player/226491/kieran-tierney/","defaultimg":"https://cdn.sofifa.net/players/notfound_0_60.png","name":"Tierney","teamlogo":"./data/scotland/teams-1-180.png","pac":84,"sho":60,"pas":75,"dri":78,"def":76,"phy":79,"rating":"81","pos":"LB"},{"left":"36%","top":"70%","img":"./data/scotland/players-198-904-22_180.png","href":"/player/198904/grant-hanley/","defaultimg":"https://cdn.sofifa.net/players/notfound_0_60.png","name":"Hanley","teamlogo":"./data/scotland/teams-1792-180.png","pac":53,"sho":32,"pas":47,"dri":49,"def":76,"phy":78,"rating":"74","pos":"CB"},{"left":"51.4%","top":"70%","img":"./data/scotland/players-237-238-22_180.png","href":"/player/237238/scott-mctominay/","defaultimg":"https://cdn.sofifa.net/players/notfound_0_60.png","name":"McTominay","teamlogo":"./data/scotland/teams-11-180.png","pac":66,"sho":75,"pas":75,"dri":76,"def":79,"phy":85,"rating":"81","pos":"CDM"},{"left":"73.4%","top":"52.5%","img":"./data/scotland/players-257-896-22_180.png","href":"/player/257896/nathan-patterson/","defaultimg":"https://cdn.sofifa.net/players/notfound_0_60.png","name":"Patterson","teamlogo":"./data/scotland/teams-7-180.png","pac":79,"sho":44,"pas":57,"dri":63,"def":62,"phy":69,"rating":"66","pos":"RB"},{"left":"36%","top":"83.25%","img":"./data/scotland/players-053-110-22_180.png","href":"/player/53110/craig-gordon/","defaultimg":"https://cdn.sofifa.net/players/notfound_0_60.png","name":"Gordon","teamlogo":"./data/scotland/teams-80-180.png","pac":73,"sho":72,"pas":66,"dri":74,"def":35,"phy":72,"rating":"73","pos":"GK"}],"teamname":"scotland"}