{"notionLogo":"./data/brazil/teams-1370-180.png","notionName":"巴西","players":[{"left":"36%","top":"-2.5%","img":"./data/brazil/players-190-871-22_180.png","href":"/player/190871/neymar-da-silva-santos-jr/","defaultimg":"https://cdn.sofifa.net/players/notfound_0_60.png","name":"Neymar Jr","teamlogo":"./data/brazil/teams-73-180.png","pac":89,"sho":83,"pas":86,"dri":94,"def":37,"phy":63,"rating":"90","pos":"LW"},{"left":"5.2%","top":"12%","img":"./data/brazil/players-238-794-22_180.png","href":"/player/238794/vinicius-jose-de-oliveira-junior/","defaultimg":"https://cdn.sofifa.net/players/notfound_0_60.png","name":"Vinícius Jr.","teamlogo":"./data/brazil/teams-243-180.png","pac":95,"sho":77,"pas":73,"dri":89,"def":29,"phy":67,"rating":"84","pos":"LW"},{"left":"36%","top":"20%","img":"./data/brazil/players-189-242-22_180.png","href":"/player/189242/philippe-coutinho-correia/","defaultimg":"https://cdn.sofifa.net/players/notfound_0_60.png","name":"Coutinho","teamlogo":"./data/brazil/teams-241-180.png","pac":69,"sho":79,"pas":80,"dri":88,"def":52,"phy":59,"rating":"82","pos":"CAM"},{"left":"66.8%","top":"12%","img":"./data/brazil/players-233-419-22_180.png","href":"/player/233419/raphael-dias-belloli/","defaultimg":"https://cdn.sofifa.net/players/notfound_0_60.png","name":"Raphinha","teamlogo":"./data/brazil/teams-241-180.png","pac":91,"sho":79,"pas":76,"dri":85,"def":50,"phy":73,"rating":"83","pos":"RM"},{"left":"20.16%","top":"47.5%","img":"./data/brazil/players-200-145-22_180.png","href":"/player/200145/carlos-henrique-venancio-casimiro/","defaultimg":"https://cdn.sofifa.net/players/notfound_0_60.png","name":"Casemiro","teamlogo":"./data/brazil/teams-243-180.png","pac":65,"sho":73,"pas":76,"dri":73,"def":86,"phy":90,"rating":"89","pos":"CDM"},{"left":"51.84%","top":"47.5%","img":"./data/brazil/players-209-499-22_180.png","href":"/player/209499/fabio-henrique-tavares/","defaultimg":"https://cdn.sofifa.net/players/notfound_0_60.png","name":"Fabinho","teamlogo":"./data/brazil/teams-9-180.png","pac":67,"sho":69,"pas":78,"dri":78,"def":86,"phy":83,"rating":"87","pos":"CDM"},{"left":"-3.16%","top":"62.5%","img":"./data/brazil/players-191-043-22_180.png","href":"/player/191043/alex-sandro-lobo-silva/","defaultimg":"https://cdn.sofifa.net/players/notfound_0_60.png","name":"Alex Sandro","teamlogo":"./data/brazil/teams-45-180.png","pac":76,"sho":65,"pas":75,"dri":78,"def":77,"phy":79,"rating":"81","pos":"LB"},{"left":"20.16%","top":"70%","img":"./data/brazil/players-164-240-22_180.png","href":"/player/164240/thiago-emiliano-da-silva/","defaultimg":"https://cdn.sofifa.net/players/notfound_0_60.png","name":"Thiago Silva","teamlogo":"./data/brazil/teams-5-180.png","pac":53,"sho":54,"pas":73,"dri":72,"def":87,"phy":78,"rating":"86","pos":"CB"},{"left":"51.84%","top":"70%","img":"./data/brazil/players-207-865-22_180.png","href":"/player/207865/marcos-aoas-correa/","defaultimg":"https://cdn.sofifa.net/players/notfound_0_60.png","name":"Marquinhos","teamlogo":"./data/brazil/teams-73-180.png","pac":81,"sho":56,"pas":75,"dri":74,"def":89,"phy":81,"rating":"88","pos":"CB"},{"left":"75.16%","top":"62.5%","img":"./data/brazil/players-199-304-22_180.png","href":"/player/199304/danilo-luiz-da-silva/","defaultimg":"https://cdn.sofifa.net/players/notfound_0_60.png","name":"Danilo","teamlogo":"./data/brazil/teams-45-180.png","pac":73,"sho":67,"pas":73,"dri":74,"def":81,"phy":79,"rating":"80","pos":"RB"},{"left":"36%","top":"83.5%","img":"./data/brazil/players-212-831-22_180.png","href":"/player/212831/alisson-ramses-becker/","defaultimg":"https://cdn.sofifa.net/players/notfound_0_60.png","name":"Alisson","teamlogo":"./data/brazil/teams-9-180.png","pac":86,"sho":86,"pas":84,"dri":89,"def":52,"phy":90,"rating":"89","pos":"GK"}],"teamname":"brazil"}