{"notionLogo":"./data/italy/teams-1343-180.png","notionName":"意大利","players":[{"left":"0.8%","top":"7.5%","img":"./data/italy/players-198-219-22_180.png","href":"/player/198219/lorenzo-insigne/","defaultimg":"https://cdn.sofifa.net/players/notfound_0_60.png","name":"Insigne","teamlogo":"./data/italy/teams-111651-180.png","pac":84,"sho":78,"pas":85,"dri":90,"def":36,"phy":46,"rating":"85","pos":"LW"},{"left":"35.956%","top":"-5%","img":"./data/italy/players-192-387-22_180.png","href":"/player/192387/ciro-immobile/","defaultimg":"https://cdn.sofifa.net/players/notfound_0_60.png","name":"Immobile","teamlogo":"./data/italy/teams-46-180.png","pac":85,"sho":87,"pas":67,"dri":80,"def":39,"phy":75,"rating":"86","pos":"ST"},{"left":"71.2%","top":"7.5%","img":"./data/italy/players-210-935-22_180.png","href":"/player/210935/domenico-berardi/","defaultimg":"https://cdn.sofifa.net/players/notfound_0_60.png","name":"Berardi","teamlogo":"./data/italy/teams-111974-180.png","pac":80,"sho":81,"pas":81,"dri":86,"def":36,"phy":71,"rating":"83","pos":"RM"},{"left":"21.92%","top":"30%","img":"./data/italy/players-199-556-22_180.png","href":"/player/199556/marco-verratti/","defaultimg":"https://cdn.sofifa.net/players/notfound_0_60.png","name":"Verratti","teamlogo":"./data/italy/teams-73-180.png","pac":64,"sho":61,"pas":87,"dri":91,"def":79,"phy":67,"rating":"87","pos":"CM"},{"left":"36%","top":"37.5%","img":"./data/italy/players-205-498-22_180.png","href":"/player/205498/luiz-frello-filho-jorge/","defaultimg":"https://cdn.sofifa.net/players/notfound_0_60.png","name":"Jorginho","teamlogo":"./data/italy/teams-5-180.png","pac":55,"sho":67,"pas":86,"dri":81,"def":73,"phy":73,"rating":"85","pos":"CM"},{"left":"50.08%","top":"30%","img":"./data/italy/players-224-232-22_180.png","href":"/player/224232/nicolo-barella/","defaultimg":"https://cdn.sofifa.net/players/notfound_0_60.png","name":"Barella","teamlogo":"./data/italy/teams-44-180.png","pac":79,"sho":76,"pas":82,"dri":84,"def":77,"phy":81,"rating":"85","pos":"CM"},{"left":"0.8%","top":"62.5%","img":"./data/italy/players-210-736-22_180.png","href":"/player/210736/emerson-palmieri-dos-santos/","defaultimg":"https://cdn.sofifa.net/players/notfound_0_60.png","name":"Emerson","teamlogo":"./data/italy/teams-5-180.png","pac":77,"sho":63,"pas":75,"dri":78,"def":73,"phy":64,"rating":"77","pos":"LB"},{"left":"23.9%","top":"72.5%","img":"./data/italy/players-237-383-22_180.png","href":"/player/237383/alessandro-bastoni/","defaultimg":"https://cdn.sofifa.net/players/notfound_0_60.png","name":"Bastoni","teamlogo":"./data/italy/teams-44-180.png","pac":69,"sho":35,"pas":68,"dri":71,"def":85,"phy":80,"rating":"83","pos":"CB"},{"left":"48.1%","top":"72.5%","img":"./data/italy/players-184-344-22_180.png","href":"/player/184344/leonardo-bonucci/","defaultimg":"https://cdn.sofifa.net/players/notfound_0_60.png","name":"Bonucci","teamlogo":"./data/italy/teams-45-180.png","pac":62,"sho":58,"pas":69,"dri":72,"def":85,"phy":80,"rating":"85","pos":"CB"},{"left":"71.2%","top":"62.5%","img":"./data/italy/players-217-870-22_180.png","href":"/player/217870/giovanni-di-lorenzo/","defaultimg":"https://cdn.sofifa.net/players/notfound_0_60.png","name":"Di Lorenzo","teamlogo":"./data/italy/teams-48-180.png","pac":85,"sho":66,"pas":73,"dri":76,"def":78,"phy":79,"rating":"81","pos":"RB"},{"left":"36%","top":"83.25%","img":"./data/italy/players-230-621-22_180.png","href":"/player/230621/gianluigi-donnarumma/","defaultimg":"https://cdn.sofifa.net/players/notfound_0_60.png","name":"Donnarumma","teamlogo":"./data/italy/teams-73-180.png","pac":90,"sho":83,"pas":79,"dri":89,"def":52,"phy":85,"rating":"88","pos":"GK"}],"teamname":"italy"}