{"notionLogo":"./data/fiorentina/teams-110374-180.png","notionName":"佛罗伦萨","players":[{"left":"-3.6%","top":"3.56%","img":"./data/fiorentina/players-201-046-22_180.png","href":"/player/201046/riccardo-saponara/","defaultimg":"https://cdn.sofifa.net/players/notfound_0_60.png","name":"Saponara","teamlogo":"./data/fiorentina/flags-it@3x.png"},{"left":"35.956%","top":"-2.5%","img":"./data/fiorentina/players-223-113-22_180.png","href":"/player/223113/krzysztof-piatek/","defaultimg":"https://cdn.sofifa.net/players/notfound_0_60.png","name":"Piątek","teamlogo":"./data/fiorentina/flags-pl@3x.png"},{"left":"73.4%","top":"2.5%","img":"./data/fiorentina/players-240-690-22_180.png","href":"/player/240690/nicolas-gonzalez/","defaultimg":"https://cdn.sofifa.net/players/notfound_0_60.png","name":"González","teamlogo":"./data/fiorentina/flags-ar@3x.png"},{"left":"21.92%","top":"30%","img":"./data/fiorentina/players-208-535-22_180.png","href":"/player/208535/alfred-duncan/","defaultimg":"https://cdn.sofifa.net/players/notfound_0_60.png","name":"Duncan","teamlogo":"./data/fiorentina/flags-gh@3x.png"},{"left":"35.4632%","top":"37.5%","img":"./data/fiorentina/players-223-959-22_180.png","href":"/player/223959/lucas-torreira/","defaultimg":"https://cdn.sofifa.net/players/notfound_0_60.png","name":"Torreira","teamlogo":"./data/fiorentina/flags-uy@3x.png"},{"left":"50.08%","top":"30%","img":"./data/fiorentina/players-189-125-22_180.png","href":"/player/189125/giacomo-bonaventura/","defaultimg":"https://cdn.sofifa.net/players/notfound_0_60.png","name":"Bonaventura","teamlogo":"./data/fiorentina/flags-it@3x.png"},{"left":"-1.4%","top":"65%","img":"./data/fiorentina/players-201-389-22_180.png","href":"/player/201389/cristiano-biraghi/","defaultimg":"https://cdn.sofifa.net/players/notfound_0_60.png","name":"Biraghi","teamlogo":"./data/fiorentina/flags-it@3x.png"},{"left":"17.3%","top":"67.5%","img":"./data/fiorentina/players-228-708-22_180.png","href":"/player/228708/lucas-martinez-quarta/","defaultimg":"https://cdn.sofifa.net/players/notfound_0_60.png","name":"Martínez Quarta","teamlogo":"./data/fiorentina/flags-ar@3x.png"},{"left":"54.7%","top":"67.5%","img":"./data/fiorentina/players-238-095-22_180.png","href":"/player/238095/nikola-milenkovic/","defaultimg":"https://cdn.sofifa.net/players/notfound_0_60.png","name":"Milenković","teamlogo":"./data/fiorentina/flags-rs@3x.png"},{"left":"73.4%","top":"65%","img":"./data/fiorentina/players-234-035-22_180.png","href":"/player/234035/alvaro-odriozola-arzalluz/","defaultimg":"https://cdn.sofifa.net/players/notfound_0_60.png","name":"Odriozola","teamlogo":"./data/fiorentina/flags-es@3x.png"},{"left":"36%","top":"83.25%","img":"./data/fiorentina/players-205-812-22_180.png","href":"/player/205812/pietro-terracciano/","defaultimg":"https://cdn.sofifa.net/players/notfound_0_60.png","name":"Terracciano","teamlogo":"./data/fiorentina/flags-it@3x.png"}],"teamname":"fiorentina"}