{"notionLogo":"./data/sassuolo/teams-111974-180.png","notionName":"萨索洛","players":[{"left":"36.792%","top":"-3.78%","img":"./data/sassuolo/players-226-710-22_180.png","href":"/player/226710/gianluca-scamacca/","defaultimg":"https://cdn.sofifa.net/players/notfound_0_60.png","name":"Scamacca","teamlogo":"./data/sassuolo/flags-it@3x.png"},{"left":"36.4928%","top":"15%","img":"./data/sassuolo/players-253-002-22_180.png","href":"/player/253002/giacomo-raspadori/","defaultimg":"https://cdn.sofifa.net/players/notfound_0_60.png","name":"Raspadori","teamlogo":"./data/sassuolo/flags-it@3x.png"},{"left":"-3.6%","top":"20%","img":"./data/sassuolo/players-240-787-22_180.png","href":"/player/240787/hamed-junior-traore/","defaultimg":"https://cdn.sofifa.net/players/notfound_0_60.png","name":"Traorè","teamlogo":"./data/sassuolo/flags-ci@3x.png"},{"left":"75.6%","top":"20%","img":"./data/sassuolo/players-210-935-22_180.png","href":"/player/210935/domenico-berardi/","defaultimg":"https://cdn.sofifa.net/players/notfound_0_60.png","name":"Berardi","teamlogo":"./data/sassuolo/flags-it@3x.png"},{"left":"21.92%","top":"47.5%","img":"./data/sassuolo/players-224-030-22_180.png","href":"/player/224030/maxime-lopez/","defaultimg":"https://cdn.sofifa.net/players/notfound_0_60.png","name":"Lopez","teamlogo":"./data/sassuolo/flags-fr@3x.png"},{"left":"50.08%","top":"47.5%","img":"./data/sassuolo/players-239-807-22_180.png","href":"/player/239807/davide-frattesi/","defaultimg":"https://cdn.sofifa.net/players/notfound_0_60.png","name":"Frattesi","teamlogo":"./data/sassuolo/flags-it@3x.png"},{"left":"-3.6%","top":"62.5%","img":"./data/sassuolo/players-241-629-22_180.png","href":"/player/241629/rogerio-oliveira-da-silva/","defaultimg":"https://cdn.sofifa.net/players/notfound_0_60.png","name":"Rogério","teamlogo":"./data/sassuolo/flags-br@3x.png"},{"left":"18.7344%","top":"70%","img":"./data/sassuolo/players-224-808-22_180.png","href":"/player/224808/gian-marco-ferrari/","defaultimg":"https://cdn.sofifa.net/players/notfound_0_60.png","name":"Ferrari","teamlogo":"./data/sassuolo/flags-it@3x.png"},{"left":"51.4%","top":"70%","img":"./data/sassuolo/players-205-943-22_180.png","href":"/player/205943/vlad-chiriches/","defaultimg":"https://cdn.sofifa.net/players/notfound_0_60.png","name":"Chiricheș","teamlogo":"./data/sassuolo/flags-ro@3x.png"},{"left":"75.6%","top":"63.3%","img":"./data/sassuolo/players-243-526-22_180.png","href":"/player/243526/mert-muldur/","defaultimg":"https://cdn.sofifa.net/players/notfound_0_60.png","name":"Müldür","teamlogo":"./data/sassuolo/flags-tr@3x.png"},{"left":"36%","top":"83.25%","img":"./data/sassuolo/players-163-489-22_180.png","href":"/player/163489/andrea-consigli/","defaultimg":"https://cdn.sofifa.net/players/notfound_0_60.png","name":"Consigli","teamlogo":"./data/sassuolo/flags-it@3x.png"}],"teamname":"sassuolo"}