{"notionLogo":"./data/racing/teams-64-180.png","notionName":"朗斯","players":[{"left":"25.44%","top":"-3.62%","img":"./data/racing/players-253-444-22_180.png","href":"/player/253444/arnaud-kalimuendo/","defaultimg":"https://cdn.sofifa.net/players/notfound_0_60.png","name":"Kalimuendo","teamlogo":"./data/racing/flags-fr@3x.png"},{"left":"45.68%","top":"-0.21%","img":"./data/racing/players-227-232-22_180.png","href":"/player/227232/florian-sotoca/","defaultimg":"https://cdn.sofifa.net/players/notfound_0_60.png","name":"Sotoca","teamlogo":"./data/racing/flags-fr@3x.png"},{"left":"36.8008%","top":"19.17%","img":"./data/racing/players-259-139-22_180.png","href":"/player/259139/david-pereira-da-costa/","defaultimg":"https://cdn.sofifa.net/players/notfound_0_60.png","name":"David Costa","teamlogo":"./data/racing/flags-pt@3x.png"},{"left":"23.68%","top":"35.59%","img":"./data/racing/players-216-320-22_180.png","href":"/player/216320/seko-fofana/","defaultimg":"https://cdn.sofifa.net/players/notfound_0_60.png","name":"Fofana","teamlogo":"./data/racing/flags-ci@3x.png"},{"left":"49.1208%","top":"37.5%","img":"./data/racing/players-242-619-22_180.png","href":"/player/242619/cheick-doucoure/","defaultimg":"https://cdn.sofifa.net/players/notfound_0_60.png","name":"Doucouré","teamlogo":"./data/racing/flags-ml@3x.png"},{"left":"0.8%","top":"52.5%","img":"./data/racing/players-201-955-22_180.png","href":"/player/201955/massadio-haidara/","defaultimg":"https://cdn.sofifa.net/players/notfound_0_60.png","name":"Haïdara","teamlogo":"./data/racing/flags-ml@3x.png"},{"left":"17.3%","top":"67.5%","img":"./data/racing/players-236-804-22_180.png","href":"/player/236804/facundo-medina/","defaultimg":"https://cdn.sofifa.net/players/notfound_0_60.png","name":"Medina","teamlogo":"./data/racing/flags-ar@3x.png"},{"left":"35.736%","top":"68.51%","img":"./data/racing/players-237-985-22_180.png","href":"/player/237985/kevin-danso/","defaultimg":"https://cdn.sofifa.net/players/notfound_0_60.png","name":"Danso","teamlogo":"./data/racing/flags-at@3x.png"},{"left":"54.7%","top":"67.5%","img":"./data/racing/players-221-284-22_180.png","href":"/player/221284/jonathan-gradit/","defaultimg":"https://cdn.sofifa.net/players/notfound_0_60.png","name":"Gradit","teamlogo":"./data/racing/flags-fr@3x.png"},{"left":"71.2%","top":"52.5%","img":"./data/racing/players-239-093-22_180.png","href":"/player/239093/jonathan-clauss/","defaultimg":"https://cdn.sofifa.net/players/notfound_0_60.png","name":"Clauss","teamlogo":"./data/racing/flags-fr@3x.png"},{"left":"36%","top":"83.25%","img":"./data/racing/players-228-736-22_180.png","href":"/player/228736/wuilker-farinez/","defaultimg":"https://cdn.sofifa.net/players/notfound_0_60.png","name":"Faríñez","teamlogo":"./data/racing/flags-ve@3x.png"}],"teamname":"racing"}