{"notionLogo":"./data/ukraine/teams-1366-180.png","notionName":"乌克兰","players":[{"left":"35.956%","top":"-2.5%","img":"./data/ukraine/players-240-702-22_180.png","href":"/player/240702/roman-yaremchuk/","defaultimg":"https://cdn.sofifa.net/players/notfound_0_60.png","name":"Yaremchuk","teamlogo":"./data/ukraine/teams-234-180.png","pac":79,"sho":75,"pas":70,"dri":71,"def":45,"phy":74,"rating":"76","pos":"ST"},{"left":"-1.4%","top":"26.25%","img":"./data/ukraine/players-244-369-22_180.png","href":"/player/244369/viktor-tsygankov/","defaultimg":"https://cdn.sofifa.net/players/notfound_0_60.png","name":"Tsygankov","teamlogo":"./data/ukraine/teams-101047-180.png","pac":85,"sho":74,"pas":78,"dri":80,"def":45,"phy":57,"rating":"80","pos":"RM"},{"left":"22.8%","top":"33.75%","img":"./data/ukraine/players-227-813-22_180.png","href":"/player/227813/oleksandr-zinchenko/","defaultimg":"https://cdn.sofifa.net/players/notfound_0_60.png","name":"Zinchenko","teamlogo":"./data/ukraine/teams-1-180.png","pac":73,"sho":65,"pas":80,"dri":80,"def":77,"phy":69,"rating":"79","pos":"LB"},{"left":"49.2%","top":"33.75%","img":"./data/ukraine/players-231-969-22_180.png","href":"/player/231969/ruslan-malinovskyi/","defaultimg":"https://cdn.sofifa.net/players/notfound_0_60.png","name":"Malinovskyi","teamlogo":"./data/ukraine/teams-39-180.png","pac":76,"sho":81,"pas":83,"dri":81,"def":64,"phy":80,"rating":"82","pos":"CF"},{"left":"73.4%","top":"26.25%","img":"./data/ukraine/players-194-794-22_180.png","href":"/player/194794/andriy-yarmolenko/","defaultimg":"https://cdn.sofifa.net/players/notfound_0_60.png","name":"Yarmolenko","teamlogo":"./data/ukraine/teams-19-180.png","pac":59,"sho":79,"pas":77,"dri":77,"def":42,"phy":67,"rating":"75","pos":"RM"},{"left":"36%","top":"51.25%","img":"./data/ukraine/players-206-413-22_180.png","href":"/player/206413/taras-stepanenko/","defaultimg":"https://cdn.sofifa.net/players/notfound_0_60.png","name":"Stepanenko","teamlogo":"./data/ukraine/teams-101059-180.png","pac":65,"sho":63,"pas":71,"dri":69,"def":77,"phy":78,"rating":"78","pos":"CDM"},{"left":"-1.4%","top":"65%","img":"./data/ukraine/players-213-928-22_180.png","href":"/player/213928/eduard-sobol/","defaultimg":"https://cdn.sofifa.net/players/notfound_0_60.png","name":"Sobol","teamlogo":"./data/ukraine/teams-231-180.png","pac":79,"sho":64,"pas":68,"dri":70,"def":71,"phy":73,"rating":"75","pos":"LB"},{"left":"17.3%","top":"70.21%","img":"./data/ukraine/players-229-528-22_180.png","href":"/player/229528/mykola-matvienko/","defaultimg":"https://cdn.sofifa.net/players/notfound_0_60.png","name":"Matvienko","teamlogo":"./data/ukraine/teams-101059-180.png","pac":76,"sho":48,"pas":65,"dri":68,"def":73,"phy":74,"rating":"73","pos":"CB"},{"left":"54.7%","top":"69.79%","img":"./data/ukraine/players-258-781-22_180.png","href":"/player/258781/illia-zabarnyi/","defaultimg":"https://cdn.sofifa.net/players/notfound_0_60.png","name":"Zabarnyi","teamlogo":"./data/ukraine/teams-101047-180.png","pac":66,"sho":36,"pas":56,"dri":58,"def":74,"phy":73,"rating":"73","pos":"CB"},{"left":"73.4%","top":"65%","img":"./data/ukraine/players-258-308-22_180.png","href":"/player/258308/oleksandr-tymchyk/","defaultimg":"https://cdn.sofifa.net/players/notfound_0_60.png","name":"Tymchyk","teamlogo":"./data/ukraine/teams-101047-180.png","pac":87,"sho":41,"pas":64,"dri":63,"def":70,"phy":53,"rating":"73","pos":"RB"},{"left":"36%","top":"83.25%","img":"./data/ukraine/players-244-385-22_180.png","href":"/player/244385/georgiy-bushchan/","defaultimg":"https://cdn.sofifa.net/players/notfound_0_60.png","name":"Bushchan","teamlogo":"./data/ukraine/teams-101047-180.png","pac":75,"sho":65,"pas":78,"dri":77,"def":27,"phy":72,"rating":"74","pos":"GK"}],"teamname":"ukraine"}