{"notionLogo":"./data/brestois/teams-378-180.png","notionName":"布列斯特","players":[{"left":"26.32%","top":"-2.5%","img":"./data/brestois/players-224-883-22_180.png","href":"/player/224883/steve-mounie/","defaultimg":"https://cdn.sofifa.net/players/notfound_0_60.png","name":"Mounié","teamlogo":"./data/brestois/flags-bj@3x.png"},{"left":"44.8%","top":"-2.5%","img":"./data/brestois/players-220-876-22_180.png","href":"/player/220876/franck-honorat/","defaultimg":"https://cdn.sofifa.net/players/notfound_0_60.png","name":"Honorat","teamlogo":"./data/brestois/flags-fr@3x.png"},{"left":"-1.4%","top":"26.25%","img":"./data/brestois/players-241-167-22_180.png","href":"/player/241167/youcef-belaili/","defaultimg":"https://cdn.sofifa.net/players/notfound_0_60.png","name":"Belaïli","teamlogo":"./data/brestois/flags-dz@3x.png"},{"left":"73.4%","top":"26.25%","img":"./data/brestois/players-231-612-22_180.png","href":"/player/231612/romain-del-castillo/","defaultimg":"https://cdn.sofifa.net/players/notfound_0_60.png","name":"Del Castillo","teamlogo":"./data/brestois/flags-fr@3x.png"},{"left":"22.8%","top":"51.25%","img":"./data/brestois/players-246-683-22_180.png","href":"/player/246683/lucien-agoume/","defaultimg":"https://cdn.sofifa.net/players/notfound_0_60.png","name":"Agoumé","teamlogo":"./data/brestois/flags-fr@3x.png"},{"left":"49.7368%","top":"49.76%","img":"./data/brestois/players-224-444-22_180.png","href":"/player/224444/haris-belkebla/","defaultimg":"https://cdn.sofifa.net/players/notfound_0_60.png","name":"Belkebla","teamlogo":"./data/brestois/flags-dz@3x.png"},{"left":"-1.4%","top":"65%","img":"./data/brestois/players-229-705-22_180.png","href":"/player/229705/jean-kevin-duverne/","defaultimg":"https://cdn.sofifa.net/players/notfound_0_60.png","name":"Duverne","teamlogo":"./data/brestois/flags-fr@3x.png"},{"left":"20.6%","top":"69.15%","img":"./data/brestois/players-208-449-22_180.png","href":"/player/208449/christophe-herelle/","defaultimg":"https://cdn.sofifa.net/players/notfound_0_60.png","name":"Hérelle","teamlogo":"./data/brestois/flags-fr@3x.png"},{"left":"48.1%","top":"69.57%","img":"./data/brestois/players-215-410-22_180.png","href":"/player/215410/brendan-chardonnet/","defaultimg":"https://cdn.sofifa.net/players/notfound_0_60.png","name":"Chardonnet","teamlogo":"./data/brestois/flags-fr@3x.png"},{"left":"73.4%","top":"65%","img":"./data/brestois/players-231-685-22_180.png","href":"/player/231685/ronael-pierre-gabriel/","defaultimg":"https://cdn.sofifa.net/players/notfound_0_60.png","name":"Pierre-Gabriel","teamlogo":"./data/brestois/flags-fr@3x.png"},{"left":"36%","top":"83.25%","img":"./data/brestois/players-200-110-22_180.png","href":"/player/200110/marco-bizot/","defaultimg":"https://cdn.sofifa.net/players/notfound_0_60.png","name":"Bizot","teamlogo":"./data/brestois/flags-nl@3x.png"}],"teamname":"brestois"}