{"notionLogo":"./data/atalanta/teams-39-180.png","notionName":"亚特兰大","players":[{"left":"35.692%","top":"-5%","img":"./data/atalanta/players-215-333-22_180.png","href":"/player/215333/duvan-zapata/","defaultimg":"https://cdn.sofifa.net/players/notfound_0_60.png","name":"Zapata","teamlogo":"./data/atalanta/flags-co@3x.png"},{"left":"14%","top":"12.5%","img":"./data/atalanta/players-223-273-22_180.png","href":"/player/223273/mario-pasalic/","defaultimg":"https://cdn.sofifa.net/players/notfound_0_60.png","name":"Pašalić","teamlogo":"./data/atalanta/flags-hr@3x.png"},{"left":"58%","top":"12.5%","img":"./data/atalanta/players-231-969-22_180.png","href":"/player/231969/ruslan-malinovskyi/","defaultimg":"https://cdn.sofifa.net/players/notfound_0_60.png","name":"Malinovskyi","teamlogo":"./data/atalanta/flags-ua@3x.png"},{"left":"-3.6%","top":"32.5%","img":"./data/atalanta/players-216-150-22_180.png","href":"/player/216150/davide-zappacosta/","defaultimg":"https://cdn.sofifa.net/players/notfound_0_60.png","name":"Zappacosta","teamlogo":"./data/atalanta/flags-it@3x.png"},{"left":"23.68%","top":"37.5%","img":"./data/atalanta/players-202-024-22_180.png","href":"/player/202024/remo-freuler/","defaultimg":"https://cdn.sofifa.net/players/notfound_0_60.png","name":"Freuler","teamlogo":"./data/atalanta/flags-ch@3x.png"},{"left":"48.32%","top":"37.5%","img":"./data/atalanta/players-208-461-22_180.png","href":"/player/208461/marten-de-roon/","defaultimg":"https://cdn.sofifa.net/players/notfound_0_60.png","name":"de Roon","teamlogo":"./data/atalanta/flags-nl@3x.png"},{"left":"75.6%","top":"32.5%","img":"./data/atalanta/players-220-093-22_180.png","href":"/player/220093/hans-hateboer/","defaultimg":"https://cdn.sofifa.net/players/notfound_0_60.png","name":"Hateboer","teamlogo":"./data/atalanta/flags-nl@3x.png"},{"left":"17.3%","top":"67.5%","img":"./data/atalanta/players-217-196-22_180.png","href":"/player/217196/jose-luis-palomino/","defaultimg":"https://cdn.sofifa.net/players/notfound_0_60.png","name":"Palomino","teamlogo":"./data/atalanta/flags-ar@3x.png"},{"left":"36.264%","top":"72.5%","img":"./data/atalanta/players-238-160-22_180.png","href":"/player/238160/merih-demiral/","defaultimg":"https://cdn.sofifa.net/players/notfound_0_60.png","name":"Demiral","teamlogo":"./data/atalanta/flags-tr@3x.png"},{"left":"54.7%","top":"67.5%","img":"./data/atalanta/players-187-598-22_180.png","href":"/player/187598/rafael-toloi/","defaultimg":"https://cdn.sofifa.net/players/notfound_0_60.png","name":"Rafael Tolói","teamlogo":"./data/atalanta/flags-it@3x.png"},{"left":"36%","top":"83.25%","img":"./data/atalanta/players-214-979-22_180.png","href":"/player/214979/juan-musso/","defaultimg":"https://cdn.sofifa.net/players/notfound_0_60.png","name":"Musso","teamlogo":"./data/atalanta/flags-ar@3x.png"}],"teamname":"atalanta"}