{"notionLogo":"./data/udinese/teams-55-180.png","notionName":"乌迪内斯","players":[{"left":"35.956%","top":"-2.5%","img":"./data/udinese/players-251-892-22_180.png","href":"/player/251892/norberto-gomes-betuncal/","defaultimg":"https://cdn.sofifa.net/players/notfound_0_60.png","name":"Beto","teamlogo":"./data/udinese/flags-pt@3x.png"},{"left":"36%","top":"10%","img":"./data/udinese/players-202-477-22_180.png","href":"/player/202477/gerard-deulofeu-lazaro/","defaultimg":"https://cdn.sofifa.net/players/notfound_0_60.png","name":"Deulofeu","teamlogo":"./data/udinese/flags-es@3x.png"},{"left":"-3.6%","top":"32.5%","img":"./data/udinese/players-259-583-22_180.png","href":"/player/259583/destiny-iyenoma-udogie/","defaultimg":"https://cdn.sofifa.net/players/notfound_0_60.png","name":"Udogie","teamlogo":"./data/udinese/flags-it@3x.png"},{"left":"35.3488%","top":"30%","img":"./data/udinese/players-193-061-22_180.png","href":"/player/193061/roberto-pereyra/","defaultimg":"https://cdn.sofifa.net/players/notfound_0_60.png","name":"Pereyra","teamlogo":"./data/udinese/flags-ar@3x.png"},{"left":"75.6%","top":"32.5%","img":"./data/udinese/players-233-084-22_180.png","href":"/player/233084/nahuel-molina/","defaultimg":"https://cdn.sofifa.net/players/notfound_0_60.png","name":"Molina","teamlogo":"./data/udinese/flags-ar@3x.png"},{"left":"21.92%","top":"47.5%","img":"./data/udinese/players-222-844-22_180.png","href":"/player/222844/walace-souza-silva/","defaultimg":"https://cdn.sofifa.net/players/notfound_0_60.png","name":"Walace","teamlogo":"./data/udinese/flags-br@3x.png"},{"left":"50.08%","top":"47.5%","img":"./data/udinese/players-190-761-22_180.png","href":"/player/190761/tolgay-arslan/","defaultimg":"https://cdn.sofifa.net/players/notfound_0_60.png","name":"Arslan","teamlogo":"./data/udinese/flags-de@3x.png"},{"left":"17.3%","top":"67.5%","img":"./data/udinese/players-244-206-22_180.png","href":"/player/244206/nehuen-perez/","defaultimg":"https://cdn.sofifa.net/players/notfound_0_60.png","name":"Pérez","teamlogo":"./data/udinese/flags-ar@3x.png"},{"left":"36%","top":"70%","img":"./data/udinese/players-193-091-22_180.png","href":"/player/193091/bram-nuytinck/","defaultimg":"https://cdn.sofifa.net/players/notfound_0_60.png","name":"Nuytinck","teamlogo":"./data/udinese/flags-nl@3x.png"},{"left":"54.7%","top":"67.5%","img":"./data/udinese/players-238-621-22_180.png","href":"/player/238621/rodrigo-nascimento-franca/","defaultimg":"https://cdn.sofifa.net/players/notfound_0_60.png","name":"Rodrigo Becão","teamlogo":"./data/udinese/flags-br@3x.png"},{"left":"36%","top":"83.25%","img":"./data/udinese/players-190-745-22_180.png","href":"/player/190745/marco-silvestri/","defaultimg":"https://cdn.sofifa.net/players/notfound_0_60.png","name":"Silvestri","teamlogo":"./data/udinese/flags-it@3x.png"}],"teamname":"udinese"}