{"notionLogo":"./data/tottenham/teams-18-180.png","notionName":"托特纳姆热刺","players":[{"left":"-1.4%","top":"2.5%","img":"./data/tottenham/players-200-104-22_180.png","href":"/player/200104/heung-min-son/","defaultimg":"https://cdn.sofifa.net/players/notfound_0_60.png","name":"Son","teamlogo":"./data/tottenham/flags-kr@3x.png"},{"left":"36.792%","top":"-5%","img":"./data/tottenham/players-202-126-22_180.png","href":"/player/202126/harry-kane/","defaultimg":"https://cdn.sofifa.net/players/notfound_0_60.png","name":"Kane","teamlogo":"./data/tottenham/flags-gb-eng@3x.png"},{"left":"73.4%","top":"2.5%","img":"./data/tottenham/players-247-394-22_180.png","href":"/player/247394/dejan-kulusevski/","defaultimg":"https://cdn.sofifa.net/players/notfound_0_60.png","name":"Kulusevski","teamlogo":"./data/tottenham/flags-se@3x.png"},{"left":"22.8%","top":"33.75%","img":"./data/tottenham/players-213-648-22_180.png","href":"/player/213648/pierre-emile-hojbjerg/","defaultimg":"https://cdn.sofifa.net/players/notfound_0_60.png","name":"Højbjerg","teamlogo":"./data/tottenham/flags-dk@3x.png"},{"left":"49.2%","top":"33.75%","img":"./data/tottenham/players-227-535-22_180.png","href":"/player/227535/rodrigo-bentancur/","defaultimg":"https://cdn.sofifa.net/players/notfound_0_60.png","name":"Bentancur","teamlogo":"./data/tottenham/flags-uy@3x.png"},{"left":"-1.4%","top":"57.5%","img":"./data/tottenham/players-235-883-22_180.png","href":"/player/235883/ryan-sessegnon/","defaultimg":"https://cdn.sofifa.net/players/notfound_0_60.png","name":"Sessegnon","teamlogo":"./data/tottenham/flags-gb-eng@3x.png"},{"left":"19.896%","top":"69.31%","img":"./data/tottenham/players-205-923-22_180.png","href":"/player/205923/ben-davies/","defaultimg":"https://cdn.sofifa.net/players/notfound_0_60.png","name":"Davies","teamlogo":"./data/tottenham/flags-gb-wls@3x.png"},{"left":"36%","top":"70%","img":"./data/tottenham/players-202-335-22_180.png","href":"/player/202335/eric-dier/","defaultimg":"https://cdn.sofifa.net/players/notfound_0_60.png","name":"Dier","teamlogo":"./data/tottenham/flags-gb-eng@3x.png"},{"left":"52.104%","top":"69.2%","img":"./data/tottenham/players-232-488-22_180.png","href":"/player/232488/cristian-romero/","defaultimg":"https://cdn.sofifa.net/players/notfound_0_60.png","name":"Romero","teamlogo":"./data/tottenham/flags-ar@3x.png"},{"left":"73.4%","top":"57.5%","img":"./data/tottenham/players-247-204-22_180.png","href":"/player/247204/emerson-leite-de-souza/","defaultimg":"https://cdn.sofifa.net/players/notfound_0_60.png","name":"Emerson Royal","teamlogo":"./data/tottenham/flags-br@3x.png"},{"left":"36.8008%","top":"83.5%","img":"./data/tottenham/players-167-948-22_180.png","href":"/player/167948/hugo-lloris/","defaultimg":"https://cdn.sofifa.net/players/notfound_0_60.png","name":"Lloris","teamlogo":"./data/tottenham/flags-fr@3x.png"}],"teamname":"tottenham"}