{"notionLogo":"./data/Dortmund/teams-22-180.png","notionName":"多特蒙德","players":[{"left":"36%","top":"-2.5%","img":"./data/Dortmund/uk2qlq.png","href":"/player/12070523/sebastien-haller/","defaultimg":"https://cdn.sofifa.net/players/notfound_0_60.png","name":"Haller","teamlogo":"./data/Dortmund/flags-ci@3x.png"},{"left":"36%","top":"20%","img":"./data/Dortmund/p4ui7d.png","href":"/player/12070469/marco-reus/","defaultimg":"https://cdn.sofifa.net/players/notfound_0_60.png","name":"Reus","teamlogo":"./data/Dortmund/flags-de@3x.png"},{"left":"-0.08%","top":"29%","img":"./data/Dortmund/s6fz6x.png","href":"/player/12070517/donyell-malen/","defaultimg":"https://cdn.sofifa.net/players/notfound_0_60.png","name":"Malen","teamlogo":"./data/Dortmund/flags-nl@3x.png"},{"left":"72.08%","top":"29%","img":"./data/Dortmund/dh2w01.png","href":"/player/12070513/karim-adeyemi/","defaultimg":"https://cdn.sofifa.net/players/notfound_0_60.png","name":"Adeyemi","teamlogo":"./data/Dortmund/flags-de@3x.png"},{"left":"20.16%","top":"47.5%","img":"./data/Dortmund/amb67k.png","href":"/player/12070419/jude-bellingham/","defaultimg":"https://cdn.sofifa.net/players/notfound_0_60.png","name":"Bellingham","teamlogo":"./data/Dortmund/flags-gb-eng@3x.png"},{"left":"51.84%","top":"47.5%","img":"./data/Dortmund/07xgbx.png","href":"/player/12070422/mahmoud-dahoud/","defaultimg":"https://cdn.sofifa.net/players/notfound_0_60.png","name":"Dahoud","teamlogo":"./data/Dortmund/flags-de@3x.png"},{"left":"-3.16%","top":"62.5%","img":"./data/Dortmund/mjl5q4.png","href":"/player/12070371/raphael-guerreiro/","defaultimg":"https://cdn.sofifa.net/players/notfound_0_60.png","name":"Guerreiro","teamlogo":"./data/Dortmund/flags-pt@3x.png"},{"left":"20.16%","top":"70%","img":"./data/Dortmund/cks7q6.png","href":"/player/12070316/nico-schlotterbeck/","defaultimg":"https://cdn.sofifa.net/players/notfound_0_60.png","name":"Schlotterbeck","teamlogo":"./data/Dortmund/flags-de@3x.png"},{"left":"51.84%","top":"70%","img":"./data/Dortmund/w1zqyv.png","href":"/player/12070303/niklas-sule/","defaultimg":"https://cdn.sofifa.net/players/notfound_0_60.png","name":"Süle","teamlogo":"./data/Dortmund/flags-de@3x.png"},{"left":"75.16%","top":"62.5%","img":"./data/Dortmund/u0cqw9.png","href":"/player/12070455/marius-wolf/","defaultimg":"https://cdn.sofifa.net/players/notfound_0_60.png","name":"Wolf","teamlogo":"./data/Dortmund/flags-de@3x.png"},{"left":"36%","top":"83.5%","img":"./data/Dortmund/tljyq2.png","href":"/player/12070277/gregor-kobel/","defaultimg":"https://cdn.sofifa.net/players/notfound_0_60.png","name":"Kobel","teamlogo":"./data/Dortmund/flags-ch@3x.png"}],"teamname":"Dortmund"}