{"notionLogo":"./data/fenerbahce/teams-326-180.png","notionName":"费内巴切","players":[{"left":"-1.4%","top":"2.5%","img":"./data/fenerbahce/players-241-907-22_180.png","href":"/player/241907/diego-rossi/","defaultimg":"https://cdn.sofifa.net/players/notfound_0_60.png","name":"Rossi","teamlogo":"./data/fenerbahce/flags-uy@3x.png"},{"left":"35.956%","top":"-2.5%","img":"./data/fenerbahce/players-206-104-22_180.png","href":"/player/206104/serdar-dursun/","defaultimg":"https://cdn.sofifa.net/players/notfound_0_60.png","name":"Dursun","teamlogo":"./data/fenerbahce/flags-tr@3x.png"},{"left":"73.4%","top":"2.5%","img":"./data/fenerbahce/players-225-403-22_180.png","href":"/player/225403/irfan-can-kahveci/","defaultimg":"https://cdn.sofifa.net/players/notfound_0_60.png","name":"Kahveci","teamlogo":"./data/fenerbahce/flags-tr@3x.png"},{"left":"21.92%","top":"34.04%","img":"./data/fenerbahce/players-233-478-22_180.png","href":"/player/233478/miha-zajc/","defaultimg":"https://cdn.sofifa.net/players/notfound_0_60.png","name":"Zajc","teamlogo":"./data/fenerbahce/flags-si@3x.png"},{"left":"48.32%","top":"30%","img":"./data/fenerbahce/players-240-837-22_180.png","href":"/player/240837/mert-hakan-yandas/","defaultimg":"https://cdn.sofifa.net/players/notfound_0_60.png","name":"Yandaş","teamlogo":"./data/fenerbahce/flags-tr@3x.png"},{"left":"36%","top":"51.25%","img":"./data/fenerbahce/players-185-221-22_180.png","href":"/player/185221/luiz-gustavo-dias/","defaultimg":"https://cdn.sofifa.net/players/notfound_0_60.png","name":"Luiz Gustavo","teamlogo":"./data/fenerbahce/flags-br@3x.png"},{"left":"-1.4%","top":"65%","img":"./data/fenerbahce/players-235-152-22_180.png","href":"/player/235152/ferdi-kadioglu/","defaultimg":"https://cdn.sofifa.net/players/notfound_0_60.png","name":"Kadioglu","teamlogo":"./data/fenerbahce/flags-tr@3x.png"},{"left":"19.896%","top":"68.45%","img":"./data/fenerbahce/players-237-086-22_180.png","href":"/player/237086/min-jae-kim/","defaultimg":"https://cdn.sofifa.net/players/notfound_0_60.png","name":"Kim Min Jae","teamlogo":"./data/fenerbahce/flags-kr@3x.png"},{"left":"53.3624%","top":"68.35%","img":"./data/fenerbahce/players-189-127-22_180.png","href":"/player/189127/serdar-aziz/","defaultimg":"https://cdn.sofifa.net/players/notfound_0_60.png","name":"Aziz","teamlogo":"./data/fenerbahce/flags-tr@3x.png"},{"left":"73.4%","top":"65%","img":"./data/fenerbahce/players-227-884-22_180.png","href":"/player/227884/bright-osayi-samuel/","defaultimg":"https://cdn.sofifa.net/players/notfound_0_60.png","name":"Osayi-Samuel","teamlogo":"./data/fenerbahce/flags-ng@3x.png"},{"left":"36%","top":"83.25%","img":"./data/fenerbahce/players-243-647-22_180.png","href":"/player/243647/altay-bayindir/","defaultimg":"https://cdn.sofifa.net/players/notfound_0_60.png","name":"Bayındır","teamlogo":"./data/fenerbahce/flags-tr@3x.png"}],"teamname":"fenerbahce"}