{"notionLogo":"./data/levante/teams-1853-180.png","notionName":"莱万特","players":[{"left":"26.32%","top":"-2.5%","img":"./data/levante/players-216-475-22_180.png","href":"/player/216475/jose-luis-morales-nogales/","defaultimg":"https://cdn.sofifa.net/players/notfound_0_60.png","name":"Morales","teamlogo":"./data/levante/flags-es@3x.png"},{"left":"44.8%","top":"-2.5%","img":"./data/levante/players-207-732-22_180.png","href":"/player/207732/roger-marti-salvador/","defaultimg":"https://cdn.sofifa.net/players/notfound_0_60.png","name":"Roger","teamlogo":"./data/levante/flags-es@3x.png"},{"left":"21.92%","top":"30%","img":"./data/levante/players-237-239-22_180.png","href":"/player/237239/enis-bardhi/","defaultimg":"https://cdn.sofifa.net/players/notfound_0_60.png","name":"Bardhi","teamlogo":"./data/levante/flags-mk@3x.png"},{"left":"35.736%","top":"37.5%","img":"./data/levante/players-230-786-22_180.png","href":"/player/230786/jose-luis-garcia-vaya/","defaultimg":"https://cdn.sofifa.net/players/notfound_0_60.png","name":"Pepelu","teamlogo":"./data/levante/flags-es@3x.png"},{"left":"50.08%","top":"30%","img":"./data/levante/players-225-028-22_180.png","href":"/player/225028/nemanja-radoja/","defaultimg":"https://cdn.sofifa.net/players/notfound_0_60.png","name":"Radoja","teamlogo":"./data/levante/flags-rs@3x.png"},{"left":"-1.4%","top":"57.5%","img":"./data/levante/players-252-086-22_180.png","href":"/player/252086/fco-javier-hidalgo-gomez/","defaultimg":"https://cdn.sofifa.net/players/notfound_0_60.png","name":"Son","teamlogo":"./data/levante/flags-es@3x.png"},{"left":"17.564%","top":"67.5%","img":"./data/levante/players-215-399-22_180.png","href":"/player/215399/ruben-miguel-nunes-vezo/","defaultimg":"https://cdn.sofifa.net/players/notfound_0_60.png","name":"Rúben Vezo","teamlogo":"./data/levante/flags-pt@3x.png"},{"left":"36%","top":"70%","img":"./data/levante/players-214-639-22_180.png","href":"/player/214639/sergio-postigo-redondo/","defaultimg":"https://cdn.sofifa.net/players/notfound_0_60.png","name":"Postigo","teamlogo":"./data/levante/flags-es@3x.png"},{"left":"54.7%","top":"67.5%","img":"./data/levante/players-213-063-22_180.png","href":"/player/213063/roberto-suarez-pier/","defaultimg":"https://cdn.sofifa.net/players/notfound_0_60.png","name":"Róber","teamlogo":"./data/levante/flags-es@3x.png"},{"left":"73.4%","top":"57.5%","img":"./data/levante/players-229-359-22_180.png","href":"/player/229359/jorge-miramon/","defaultimg":"https://cdn.sofifa.net/players/notfound_0_60.png","name":"Jorge Miramón","teamlogo":"./data/levante/flags-es@3x.png"},{"left":"36%","top":"83.25%","img":"./data/levante/players-236-033-22_180.png","href":"/player/236033/daniel-cardenas-lindez/","defaultimg":"https://cdn.sofifa.net/players/notfound_0_60.png","name":"Dani Cárdenas","teamlogo":"./data/levante/flags-es@3x.png"}],"teamname":"levante"}