{"notionLogo":"./data/angeles/teams-112996-180.png","notionName":"洛杉矶 FC","players":[{"left":"0.8%","top":"4.84%","img":"./data/angeles/players-173-731-22_180.png","href":"/player/173731/gareth-bale/","defaultimg":"https://cdn.sofifa.net/players/notfound_0_60.png","name":"Bale","teamlogo":"./data/angeles/flags-gb-wls@3x.png"},{"left":"35.956%","top":"-2.5%","img":"./data/angeles/players-217-998-22_180.png","href":"/player/217998/cristian-arango/","defaultimg":"https://cdn.sofifa.net/players/notfound_0_60.png","name":"Arango","teamlogo":"./data/angeles/flags-co@3x.png"},{"left":"71.2%","top":"7.5%","img":"./data/angeles/players-169-416-22_180.png","href":"/player/169416/carlos-vela/","defaultimg":"https://cdn.sofifa.net/players/notfound_0_60.png","name":"Vela","teamlogo":"./data/angeles/flags-mx@3x.png"},{"left":"21.92%","top":"32.39%","img":"./data/angeles/players-255-137-22_180.png","href":"/player/255137/jose-cifuentes/","defaultimg":"https://cdn.sofifa.net/players/notfound_0_60.png","name":"Cifuentes","teamlogo":"./data/angeles/flags-ec@3x.png"},{"left":"49.2%","top":"30%","img":"./data/angeles/players-199-562-22_180.png","href":"/player/199562/ilie-sanchez-farres/","defaultimg":"https://cdn.sofifa.net/players/notfound_0_60.png","name":"Ilie Sánchez","teamlogo":"./data/angeles/flags-es@3x.png"},{"left":"36%","top":"51.25%","img":"./data/angeles/players-213-209-22_180.png","href":"/player/213209/kellyn-acosta/","defaultimg":"https://cdn.sofifa.net/players/notfound_0_60.png","name":"Acosta","teamlogo":"./data/angeles/flags-us@3x.png"},{"left":"0.8%","top":"62.5%","img":"./data/angeles/players-245-065-22_180.png","href":"/player/245065/diego-palacios/","defaultimg":"https://cdn.sofifa.net/players/notfound_0_60.png","name":"Palacios","teamlogo":"./data/angeles/flags-ec@3x.png"},{"left":"23.4336%","top":"67.5%","img":"./data/angeles/players-138-956-22_180.png","href":"/player/138956/giorgio-chiellini/","defaultimg":"https://cdn.sofifa.net/players/notfound_0_60.png","name":"Chiellini","teamlogo":"./data/angeles/flags-it@3x.png"},{"left":"53.0984%","top":"67.5%","img":"./data/angeles/players-219-546-22_180.png","href":"/player/219546/jesus-murillo/","defaultimg":"https://cdn.sofifa.net/players/notfound_0_60.png","name":"Murillo","teamlogo":"./data/angeles/flags-co@3x.png"},{"left":"71.2704%","top":"62.5%","img":"./data/angeles/players-222-587-22_180.png","href":"/player/222587/franco-escobar/","defaultimg":"https://cdn.sofifa.net/players/notfound_0_60.png","name":"Escobar","teamlogo":"./data/angeles/flags-ar@3x.png"},{"left":"36%","top":"83.25%","img":"./data/angeles/players-213-536-22_180.png","href":"/player/213536/maxime-crepeau/","defaultimg":"https://cdn.sofifa.net/players/notfound_0_60.png","name":"Crépeau","teamlogo":"./data/angeles/flags-ca@3x.png"}],"teamname":"angeles"}