{"notionLogo":"./data/bielefeld/teams-159-180.png","notionName":"比勒费尔德","players":[{"left":"35.4192%","top":"-3.56%","img":"./data/bielefeld/players-232-225-22_180.png","href":"/player/232225/janni-serra/","defaultimg":"https://cdn.sofifa.net/players/notfound_0_60.png","name":"Serra","teamlogo":"./data/bielefeld/flags-de@3x.png"},{"left":"36%","top":"18.75%","img":"./data/bielefeld/players-239-712-22_180.png","href":"/player/239712/masaya-okugawa/","defaultimg":"https://cdn.sofifa.net/players/notfound_0_60.png","name":"Okugawa","teamlogo":"./data/bielefeld/flags-jp@3x.png"},{"left":"-1.4%","top":"26.25%","img":"./data/bielefeld/players-239-367-22_180.png","href":"/player/239367/robin-hack/","defaultimg":"https://cdn.sofifa.net/players/notfound_0_60.png","name":"Hack","teamlogo":"./data/bielefeld/flags-de@3x.png"},{"left":"73.4%","top":"26.25%","img":"./data/bielefeld/players-254-566-22_180.png","href":"/player/254566/patrick-wimmer/","defaultimg":"https://cdn.sofifa.net/players/notfound_0_60.png","name":"Wimmer","teamlogo":"./data/bielefeld/flags-at@3x.png"},{"left":"23.68%","top":"49.12%","img":"./data/bielefeld/players-238-637-22_180.png","href":"/player/238637/sebastian-vasiliadis/","defaultimg":"https://cdn.sofifa.net/players/notfound_0_60.png","name":"Vasiliadis","teamlogo":"./data/bielefeld/flags-gr@3x.png"},{"left":"49.2%","top":"50.4%","img":"./data/bielefeld/players-210-475-22_180.png","href":"/player/210475/manuel-prietl/","defaultimg":"https://cdn.sofifa.net/players/notfound_0_60.png","name":"Prietl","teamlogo":"./data/bielefeld/flags-at@3x.png"},{"left":"-1.4%","top":"67.5%","img":"./data/bielefeld/players-219-957-22_180.png","href":"/player/219957/jacob-barrett-laursen/","defaultimg":"https://cdn.sofifa.net/players/notfound_0_60.png","name":"Laursen","teamlogo":"./data/bielefeld/flags-dk@3x.png"},{"left":"20.6%","top":"70%","img":"./data/bielefeld/players-210-802-22_180.png","href":"/player/210802/joakim-nilsson/","defaultimg":"https://cdn.sofifa.net/players/notfound_0_60.png","name":"Nilsson","teamlogo":"./data/bielefeld/flags-se@3x.png"},{"left":"51.4%","top":"70%","img":"./data/bielefeld/players-246-836-22_180.png","href":"/player/246836/amos-pieper/","defaultimg":"https://cdn.sofifa.net/players/notfound_0_60.png","name":"Pieper","teamlogo":"./data/bielefeld/flags-de@3x.png"},{"left":"72.8632%","top":"67.5%","img":"./data/bielefeld/players-215-604-22_180.png","href":"/player/215604/cedric-brunner/","defaultimg":"https://cdn.sofifa.net/players/notfound_0_60.png","name":"Brunner","teamlogo":"./data/bielefeld/flags-ch@3x.png"},{"left":"36%","top":"83.25%","img":"./data/bielefeld/players-200-159-22_180.png","href":"/player/200159/stefan-ortega/","defaultimg":"https://cdn.sofifa.net/players/notfound_0_60.png","name":"Ortega","teamlogo":"./data/bielefeld/flags-de@3x.png"}],"teamname":"bielefeld"}