{"notionLogo":"./data/hyundai/teams-1473-180.png","notionName":"蔚山现代","players":[{"left":"35.956%","top":"-2.5%","img":"./data/hyundai/players-254-894-22_180.png","href":"/player/254894/leonardo-lopes-de-souza/","defaultimg":"https://cdn.sofifa.net/players/notfound_0_60.png","name":"Leonardo","teamlogo":"./data/hyundai/flags-br@3x.png"},{"left":"36%","top":"18.75%","img":"./data/hyundai/players-232-811-22_180.png","href":"/player/232811/jun-amano/","defaultimg":"https://cdn.sofifa.net/players/notfound_0_60.png","name":"Amano","teamlogo":"./data/hyundai/flags-jp@3x.png"},{"left":"-1.4%","top":"26.25%","img":"./data/hyundai/players-205-401-22_180.png","href":"/player/205401/valeri-qazaishvili/","defaultimg":"https://cdn.sofifa.net/players/notfound_0_60.png","name":"Vako","teamlogo":"./data/hyundai/flags-ge@3x.png"},{"left":"73.4%","top":"26.25%","img":"./data/hyundai/players-155-355-22_180.png","href":"/player/155355/chung-yong-lee/","defaultimg":"https://cdn.sofifa.net/players/notfound_0_60.png","name":"Lee Chung Yong","teamlogo":"./data/hyundai/flags-kr@3x.png"},{"left":"22.8%","top":"51.25%","img":"./data/hyundai/players-226-652-22_180.png","href":"/player/226652/yong-woo-park/","defaultimg":"https://cdn.sofifa.net/players/notfound_0_60.png","name":"Park Yong Woo","teamlogo":"./data/hyundai/flags-kr@3x.png"},{"left":"49.2%","top":"51.25%","img":"./data/hyundai/players-254-814-22_180.png","href":"/player/254814/du-jae-won/","defaultimg":"https://cdn.sofifa.net/players/notfound_0_60.png","name":"Won Du Jae","teamlogo":"./data/hyundai/flags-kr@3x.png"},{"left":"-1.4%","top":"65%","img":"./data/hyundai/players-254-980-22_180.png","href":"/player/254980/young-woo-seol/","defaultimg":"https://cdn.sofifa.net/players/notfound_0_60.png","name":"Seol Young Woo","teamlogo":"./data/hyundai/flags-kr@3x.png"},{"left":"20.6%","top":"70%","img":"./data/hyundai/players-201-528-22_180.png","href":"/player/201528/young-gwon-kim/","defaultimg":"https://cdn.sofifa.net/players/notfound_0_60.png","name":"Kim Young Gwon","teamlogo":"./data/hyundai/flags-kr@3x.png"},{"left":"51.4%","top":"70%","img":"./data/hyundai/players-203-002-22_180.png","href":"/player/203002/kee-hee-kim/","defaultimg":"https://cdn.sofifa.net/players/notfound_0_60.png","name":"Kim Kee Hee","teamlogo":"./data/hyundai/flags-kr@3x.png"},{"left":"73.4%","top":"65%","img":"./data/hyundai/players-199-231-22_180.png","href":"/player/199231/tae-hwan-kim/","defaultimg":"https://cdn.sofifa.net/players/notfound_0_60.png","name":"Kim Tae Hwan","teamlogo":"./data/hyundai/flags-kr@3x.png"},{"left":"36%","top":"83.25%","img":"./data/hyundai/players-212-432-22_180.png","href":"/player/212432/hyeon-woo-jo/","defaultimg":"https://cdn.sofifa.net/players/notfound_0_60.png","name":"Jo Hyeon Woo","teamlogo":"./data/hyundai/flags-kr@3x.png"}],"teamname":"hyundai"}