{"notionLogo":"./data/brugge/teams-231-180.png","notionName":"布鲁日","players":[{"left":"25.44%","top":"-5%","img":"./data/brugge/players-239-380-22_180.png","href":"/player/239380/noa-lang/","defaultimg":"https://cdn.sofifa.net/players/notfound_0_60.png","name":"Lang","teamlogo":"./data/brugge/flags-nl@3x.png"},{"left":"45.68%","top":"-2.93%","img":"./data/brugge/players-218-534-22_180.png","href":"/player/218534/sargis-adamyan/","defaultimg":"https://cdn.sofifa.net/players/notfound_0_60.png","name":"Adamyan","teamlogo":"./data/brugge/flags-am@3x.png"},{"left":"-1.136%","top":"32.5%","img":"./data/brugge/players-246-800-22_180.png","href":"/player/246800/tajon-buchanan/","defaultimg":"https://cdn.sofifa.net/players/notfound_0_60.png","name":"Buchanan","teamlogo":"./data/brugge/flags-ca@3x.png"},{"left":"23.68%","top":"30%","img":"./data/brugge/players-200-155-22_180.png","href":"/player/200155/hans-vanaken/","defaultimg":"https://cdn.sofifa.net/players/notfound_0_60.png","name":"Vanaken","teamlogo":"./data/brugge/flags-be@3x.png"},{"left":"49.4728%","top":"30%","img":"./data/brugge/players-191-627-22_180.png","href":"/player/191627/mats-rits/","defaultimg":"https://cdn.sofifa.net/players/notfound_0_60.png","name":"Rits","teamlogo":"./data/brugge/flags-be@3x.png"},{"left":"73.4%","top":"32.5%","img":"./data/brugge/players-240-017-22_180.png","href":"/player/240017/andreas-skov-olsen/","defaultimg":"https://cdn.sofifa.net/players/notfound_0_60.png","name":"Skov Olsen","teamlogo":"./data/brugge/flags-dk@3x.png"},{"left":"36%","top":"51.25%","img":"./data/brugge/players-185-349-22_180.png","href":"/player/185349/denis-odoi/","defaultimg":"https://cdn.sofifa.net/players/notfound_0_60.png","name":"Odoi","teamlogo":"./data/brugge/flags-be@3x.png"},{"left":"17.3%","top":"67.5%","img":"./data/brugge/players-241-941-22_180.png","href":"/player/241941/stanley-nsoki/","defaultimg":"https://cdn.sofifa.net/players/notfound_0_60.png","name":"Nsoki","teamlogo":"./data/brugge/flags-fr@3x.png"},{"left":"36%","top":"70%","img":"./data/brugge/players-212-204-22_180.png","href":"/player/212204/brandon-mechele/","defaultimg":"https://cdn.sofifa.net/players/notfound_0_60.png","name":"Mechele","teamlogo":"./data/brugge/flags-be@3x.png"},{"left":"54.7%","top":"67.5%","img":"./data/brugge/players-208-364-22_180.png","href":"/player/208364/clinton-mukoni-mata-pedro-lourenco/","defaultimg":"https://cdn.sofifa.net/players/notfound_0_60.png","name":"Clinton Mata","teamlogo":"./data/brugge/flags-ao@3x.png"},{"left":"36%","top":"83.25%","img":"./data/brugge/players-173-426-22_180.png","href":"/player/173426/simon-mignolet/","defaultimg":"https://cdn.sofifa.net/players/notfound_0_60.png","name":"Mignolet","teamlogo":"./data/brugge/flags-be@3x.png"}],"teamname":"brugge"}