{"notionLogo":"./data/wolfsburg/teams-175-180.png","notionName":"沃尔夫斯堡","players":[{"left":"36.792%","top":"-5%","img":"./data/wolfsburg/players-230-084-22_180.png","href":"/player/230084/lukas-nmecha/","defaultimg":"https://cdn.sofifa.net/players/notfound_0_60.png","name":"Nmecha","teamlogo":"./data/wolfsburg/flags-de@3x.png"},{"left":"20.6%","top":"7.5%","img":"./data/wolfsburg/players-241-522-22_180.png","href":"/player/241522/jonas-wind/","defaultimg":"https://cdn.sofifa.net/players/notfound_0_60.png","name":"Wind","teamlogo":"./data/wolfsburg/flags-dk@3x.png"},{"left":"51.4%","top":"11.33%","img":"./data/wolfsburg/players-183-574-22_180.png","href":"/player/183574/max-kruse/","defaultimg":"https://cdn.sofifa.net/players/notfound_0_60.png","name":"Kruse","teamlogo":"./data/wolfsburg/flags-de@3x.png"},{"left":"0.272%","top":"31.28%","img":"./data/wolfsburg/players-202-562-22_180.png","href":"/player/202562/jerome-roussillon/","defaultimg":"https://cdn.sofifa.net/players/notfound_0_60.png","name":"Roussillon","teamlogo":"./data/wolfsburg/flags-fr@3x.png"},{"left":"22.8%","top":"33.75%","img":"./data/wolfsburg/players-206-511-22_180.png","href":"/player/206511/maximilian-arnold/","defaultimg":"https://cdn.sofifa.net/players/notfound_0_60.png","name":"Arnold","teamlogo":"./data/wolfsburg/flags-de@3x.png"},{"left":"49.2%","top":"33.75%","img":"./data/wolfsburg/players-233-195-22_180.png","href":"/player/233195/xaver-schlager/","defaultimg":"https://cdn.sofifa.net/players/notfound_0_60.png","name":"Schlager","teamlogo":"./data/wolfsburg/flags-at@3x.png"},{"left":"72.0008%","top":"30.08%","img":"./data/wolfsburg/players-240-709-22_180.png","href":"/player/240709/ridle-baku/","defaultimg":"https://cdn.sofifa.net/players/notfound_0_60.png","name":"Baku","teamlogo":"./data/wolfsburg/flags-de@3x.png"},{"left":"17.3%","top":"69.36%","img":"./data/wolfsburg/players-204-082-22_180.png","href":"/player/204082/john-brooks/","defaultimg":"https://cdn.sofifa.net/players/notfound_0_60.png","name":"Brooks","teamlogo":"./data/wolfsburg/flags-us@3x.png"},{"left":"36%","top":"70%","img":"./data/wolfsburg/players-242-663-22_180.png","href":"/player/242663/sebastiaan-bornauw/","defaultimg":"https://cdn.sofifa.net/players/notfound_0_60.png","name":"Bornauw","teamlogo":"./data/wolfsburg/flags-be@3x.png"},{"left":"54.7%","top":"69.93%","img":"./data/wolfsburg/players-244-067-22_180.png","href":"/player/244067/maxence-lacroix/","defaultimg":"https://cdn.sofifa.net/players/notfound_0_60.png","name":"Lacroix","teamlogo":"./data/wolfsburg/flags-fr@3x.png"},{"left":"35.736%","top":"83.5%","img":"./data/wolfsburg/players-192-984-22_180.png","href":"/player/192984/koen-casteels/","defaultimg":"https://cdn.sofifa.net/players/notfound_0_60.png","name":"Casteels","teamlogo":"./data/wolfsburg/flags-be@3x.png"}],"teamname":"wolfsburg"}