{"notionLogo":"./data/Argentina/teams-1369-180.png","notionName":"阿根廷","players":[{"left":"-1.4%","top":"2.5%","img":"./data/Argentina/players-183-898-22_180.png","href":"/player/183898/angel-di-maria/","defaultimg":"https://cdn.sofifa.net/players/notfound_0_60.png","name":"Di María","teamlogo":"./data/Argentina/teams-45-180.png","pac":81,"sho":80,"pas":85,"dri":87,"def":48,"phy":68,"rating":"85","pos":"RW"},{"left":"35.956%","top":"-2.5%","img":"./data/Argentina/players-231-478-22_180.png","href":"/player/231478/lautaro-martinez/","defaultimg":"https://cdn.sofifa.net/players/notfound_0_60.png","name":"Martínez","teamlogo":"./data/Argentina/teams-44-180.png","pac":83,"sho":82,"pas":71,"dri":85,"def":48,"phy":84,"rating":"85","pos":"ST"},{"left":"73.4%","top":"2.5%","img":"./data/Argentina/players-158-023-22_180.png","href":"/player/158023/lionel-messi/","defaultimg":"https://cdn.sofifa.net/players/notfound_0_60.png","name":"Messi","teamlogo":"./data/Argentina/teams-73-180.png","pac":83,"sho":90,"pas":91,"dri":95,"def":34,"phy":64,"rating":"92","pos":"RW"},{"left":"22.2632%","top":"30.77%","img":"./data/Argentina/players-226-226-22_180.png","href":"/player/226226/giovani-lo-celso/","defaultimg":"https://cdn.sofifa.net/players/notfound_0_60.png","name":"Lo Celso","teamlogo":"./data/Argentina/teams-18-180.png","pac":75,"sho":75,"pas":83,"dri":82,"def":68,"phy":73,"rating":"80","pos":"CM"},{"left":"49.2%","top":"33.75%","img":"./data/Argentina/players-212-616-22_180.png","href":"/player/212616/rodrigo-javier-de-paul/","defaultimg":"https://cdn.sofifa.net/players/notfound_0_60.png","name":"De Paul","teamlogo":"./data/Argentina/teams-240-180.png","pac":78,"sho":77,"pas":82,"dri":82,"def":73,"phy":81,"rating":"83","pos":"CM"},{"left":"36%","top":"51.25%","img":"./data/Argentina/players-207-439-22_180.png","href":"/player/207439/leandro-paredes/","defaultimg":"https://cdn.sofifa.net/players/notfound_0_60.png","name":"Paredes","teamlogo":"./data/Argentina/teams-73-180.png","pac":66,"sho":71,"pas":82,"dri":78,"def":76,"phy":79,"rating":"80","pos":"CDM"},{"left":"-1.4%","top":"65%","img":"./data/Argentina/players-224-334-22_180.png","href":"/player/224334/marcos-acuna/","defaultimg":"https://cdn.sofifa.net/players/notfound_0_60.png","name":"Acuña","teamlogo":"./data/Argentina/teams-237-180.png","pac":76,"sho":74,"pas":82,"dri":87,"def":79,"phy":82,"rating":"84","pos":"LB"},{"left":"23.9%","top":"68.14%","img":"./data/Argentina/players-192-366-22_180.png","href":"/player/192366/nicolas-otamendi/","defaultimg":"https://cdn.sofifa.net/players/notfound_0_60.png","name":"Otamendi","teamlogo":"./data/Argentina/teams-234-180.png","pac":63,"sho":57,"pas":62,"dri":59,"def":83,"phy":81,"rating":"81","pos":"CB"},{"left":"49.9656%","top":"67.93%","img":"./data/Argentina/players-232-488-22_180.png","href":"/player/232488/cristian-romero/","defaultimg":"https://cdn.sofifa.net/players/notfound_0_60.png","name":"Romero","teamlogo":"./data/Argentina/teams-45-180.png","pac":74,"sho":46,"pas":54,"dri":63,"def":84,"phy":83,"rating":"82","pos":"CB"},{"left":"73.4%","top":"65%","img":"./data/Argentina/players-231-340-22_180.png","href":"/player/231340/gonzalo-montiel/","defaultimg":"https://cdn.sofifa.net/players/notfound_0_60.png","name":"Montiel","teamlogo":"./data/Argentina/teams-481-180.png","pac":86,"sho":60,"pas":69,"dri":75,"def":75,"phy":81,"rating":"79","pos":"RB"},{"left":"36%","top":"83.25%","img":"./data/Argentina/players-202-811-22_180.png","href":"/player/202811/emiliano-martinez/","defaultimg":"https://cdn.sofifa.net/players/notfound_0_60.png","name":"Martínez","teamlogo":"./data/Argentina/teams-2-180.png","pac":85,"sho":83,"pas":82,"dri":85,"def":58,"phy":83,"rating":"84","pos":"GK"}],"teamname":"Argentina"}