{"notionLogo":"./data/australia/teams-1415-180.png","notionName":"澳大利亚","players":[{"left":"35.956%","top":"0%","img":"./data/australia/players-212-232-22_180.png","href":"/player/212232/jamie-maclaren/","defaultimg":"https://cdn.sofifa.net/players/notfound_0_60.png","name":"Maclaren","teamlogo":"./data/australia/teams-81-180.png","pac":81,"sho":75,"pas":64,"dri":72,"def":39,"phy":75,"rating":"75","pos":"ST"},{"left":"9.6%","top":"18.75%","img":"./data/australia/players-212-830-22_180.png","href":"/player/212830/awer-mabil/","defaultimg":"https://cdn.sofifa.net/players/notfound_0_60.png","name":"Mabil","teamlogo":"./data/australia/teams-1968-180.png","pac":87,"sho":63,"pas":61,"dri":69,"def":34,"phy":59,"rating":"67","pos":"LW"},{"left":"36%","top":"18.75%","img":"./data/australia/players-237-647-22_180.png","href":"/player/237647/ajdin-hrustic/","defaultimg":"https://cdn.sofifa.net/players/notfound_0_60.png","name":"Hrustić","teamlogo":"./data/australia/teams-1824-180.png","pac":73,"sho":68,"pas":73,"dri":73,"def":60,"phy":69,"rating":"72","pos":"CM"},{"left":"62.4%","top":"18.75%","img":"./data/australia/players-211-221-22_180.png","href":"/player/211221/martin-boyle/","defaultimg":"https://cdn.sofifa.net/players/notfound_0_60.png","name":"Boyle","teamlogo":"./data/australia/teams-112389-180.png","pac":92,"sho":70,"pas":61,"dri":73,"def":49,"phy":65,"rating":"72","pos":"RM"},{"left":"22.536%","top":"49.76%","img":"./data/australia/players-247-754-22_180.png","href":"/player/247754/gianni-stensness/","defaultimg":"https://cdn.sofifa.net/players/notfound_0_60.png","name":"Stensness","teamlogo":"./data/australia/teams-300-180.png","pac":58,"sho":41,"pas":53,"dri":57,"def":64,"phy":79,"rating":"66","pos":"CB"},{"left":"49.2%","top":"51.25%","img":"./data/australia/players-203-225-22_180.png","href":"/player/203225/james-jeggo/","defaultimg":"https://cdn.sofifa.net/players/notfound_0_60.png","name":"Jeggo","teamlogo":"./data/australia/teams-256-180.png","pac":69,"sho":61,"pas":63,"dri":65,"def":63,"phy":70,"rating":"68","pos":"CDM"},{"left":"-3.6%","top":"62.5%","img":"./data/australia/players-202-157-22_180.png","href":"/player/202157/aziz-behich/","defaultimg":"https://cdn.sofifa.net/players/notfound_0_60.png","name":"Behich","teamlogo":"./data/australia/teams-181-180.png","pac":77,"sho":63,"pas":64,"dri":71,"def":66,"phy":68,"rating":"70","pos":"LB"},{"left":"20.2304%","top":"67.5%","img":"./data/australia/players-229-585-22_180.png","href":"/player/229585/milos-degenek/","defaultimg":"https://cdn.sofifa.net/players/notfound_0_60.png","name":"Degenek","teamlogo":"./data/australia/teams-687-180.png","pac":76,"sho":61,"pas":66,"dri":60,"def":70,"phy":83,"rating":"72","pos":"CB"},{"left":"51.4968%","top":"67.5%","img":"./data/australia/players-199-000-22_180.png","href":"/player/199000/trent-sainsbury/","defaultimg":"https://cdn.sofifa.net/players/notfound_0_60.png","name":"Sainsbury","teamlogo":"./data/australia/teams-100081-180.png","pac":66,"sho":57,"pas":56,"dri":54,"def":74,"phy":75,"rating":"72","pos":"CB"},{"left":"75.6%","top":"62.5%","img":"./data/australia/players-192-241-22_180.png","href":"/player/192241/rhyan-grant/","defaultimg":"https://cdn.sofifa.net/players/notfound_0_60.png","name":"Grant","teamlogo":"./data/australia/teams-111400-180.png","pac":73,"sho":62,"pas":66,"dri":69,"def":66,"phy":81,"rating":"71","pos":"RB"},{"left":"36%","top":"83.25%","img":"./data/australia/players-199-005-22_180.png","href":"/player/199005/mathew-ryan/","defaultimg":"https://cdn.sofifa.net/players/notfound_0_60.png","name":"Ryan","teamlogo":"./data/australia/teams-457-180.png","pac":77,"sho":75,"pas":82,"dri":79,"def":53,"phy":76,"rating":"77","pos":"GK"}],"teamname":"australia"}