{"notionLogo":"./data/bordeaux/teams-59-180.png","notionName":"波尔多","players":[{"left":"35.956%","top":"-2.5%","img":"./data/bordeaux/players-212-260-22_180.png","href":"/player/212260/ui-jo-hwang/","defaultimg":"https://cdn.sofifa.net/players/notfound_0_60.png","name":"Hwang Ui Jo","teamlogo":"./data/bordeaux/flags-kr@3x.png"},{"left":"-1.4%","top":"26.25%","img":"./data/bordeaux/players-243-627-22_180.png","href":"/player/243627/yacine-adli/","defaultimg":"https://cdn.sofifa.net/players/notfound_0_60.png","name":"Adli","teamlogo":"./data/bordeaux/flags-fr@3x.png"},{"left":"22.8%","top":"33.75%","img":"./data/bordeaux/players-198-118-22_180.png","href":"/player/198118/josuha-guilavogui/","defaultimg":"https://cdn.sofifa.net/players/notfound_0_60.png","name":"Guilavogui","teamlogo":"./data/bordeaux/flags-fr@3x.png"},{"left":"49.2%","top":"33.75%","img":"./data/bordeaux/players-255-934-22_180.png","href":"/player/255934/jean-onana/","defaultimg":"https://cdn.sofifa.net/players/notfound_0_60.png","name":"Onana","teamlogo":"./data/bordeaux/flags-cm@3x.png"},{"left":"73.4%","top":"26.25%","img":"./data/bordeaux/players-236-245-22_180.png","href":"/player/236245/alberth-elis/","defaultimg":"https://cdn.sofifa.net/players/notfound_0_60.png","name":"Elis","teamlogo":"./data/bordeaux/flags-hn@3x.png"},{"left":"-1.4%","top":"57.5%","img":"./data/bordeaux/players-240-020-22_180.png","href":"/player/240020/ricardo-luis-chaby-mangas/","defaultimg":"https://cdn.sofifa.net/players/notfound_0_60.png","name":"Ricardo Mangas","teamlogo":"./data/bordeaux/flags-pt@3x.png"},{"left":"20.7672%","top":"68.56%","img":"./data/bordeaux/players-196-801-22_180.png","href":"/player/196801/edson-andre-sitoe/","defaultimg":"https://cdn.sofifa.net/players/notfound_0_60.png","name":"Mexer","teamlogo":"./data/bordeaux/flags-mz@3x.png"},{"left":"36%","top":"70%","img":"./data/bordeaux/players-180-334-22_180.png","href":"/player/180334/marcelo-antonio-guedes-filho/","defaultimg":"https://cdn.sofifa.net/players/notfound_0_60.png","name":"Marcelo","teamlogo":"./data/bordeaux/flags-br@3x.png"},{"left":"50.696%","top":"68.35%","img":"./data/bordeaux/players-216-730-22_180.png","href":"/player/216730/stian-rode-gregersen/","defaultimg":"https://cdn.sofifa.net/players/notfound_0_60.png","name":"Gregersen","teamlogo":"./data/bordeaux/flags-no@3x.png"},{"left":"73.4%","top":"57.5%","img":"./data/bordeaux/players-230-074-22_180.png","href":"/player/230074/enock-kwateng/","defaultimg":"https://cdn.sofifa.net/players/notfound_0_60.png","name":"Kwateng","teamlogo":"./data/bordeaux/flags-fr@3x.png"},{"left":"36%","top":"83.25%","img":"./data/bordeaux/players-158-121-22_180.png","href":"/player/158121/benoit-costil/","defaultimg":"https://cdn.sofifa.net/players/notfound_0_60.png","name":"Costil","teamlogo":"./data/bordeaux/flags-fr@3x.png"}],"teamname":"bordeaux"}