{"notionLogo":"./data/shenhua/teams-110955-180.png","notionName":"上海申花","players":[{"left":"35.956%","top":"-2.5%","img":"./data/shenhua/players-224-677-22_180.png","href":"/player/224677/jinhao-bi/","defaultimg":"https://cdn.sofifa.net/players/notfound_0_60.png","name":"Bi Jinhao","teamlogo":"./data/shenhua/flags-cn@3x.png"},{"left":"36%","top":"18.75%","img":"./data/shenhua/players-217-160-22_180.png","href":"/player/217160/xinli-peng/","defaultimg":"https://cdn.sofifa.net/players/notfound_0_60.png","name":"Peng Xinli","teamlogo":"./data/shenhua/flags-cn@3x.png"},{"left":"-0.8632%","top":"20%","img":"./data/shenhua/players-222-204-22_180.png","href":"/player/222204/yunding-cao/","defaultimg":"https://cdn.sofifa.net/players/notfound_0_60.png","name":"Cao Yunding","teamlogo":"./data/shenhua/flags-cn@3x.png"},{"left":"73.664%","top":"20%","img":"./data/shenhua/players-182-411-22_180.png","href":"/player/182411/hanchao-yu/","defaultimg":"https://cdn.sofifa.net/players/notfound_0_60.png","name":"Yu Hanchao","teamlogo":"./data/shenhua/flags-cn@3x.png"},{"left":"22.8%","top":"51.25%","img":"./data/shenhua/players-217-153-22_180.png","href":"/player/217153/xi-wu/","defaultimg":"https://cdn.sofifa.net/players/notfound_0_60.png","name":"Wu Xi","teamlogo":"./data/shenhua/flags-cn@3x.png"},{"left":"49.2%","top":"51.25%","img":"./data/shenhua/players-182-094-22_180.png","href":"/player/182094/sheng-qin/","defaultimg":"https://cdn.sofifa.net/players/notfound_0_60.png","name":"Qin Sheng","teamlogo":"./data/shenhua/flags-cn@3x.png"},{"left":"-1.4%","top":"65%","img":"./data/shenhua/players-240-393-22_180.png","href":"/player/240393/jiabao-wen/","defaultimg":"https://cdn.sofifa.net/players/notfound_0_60.png","name":"Wen Jiabao","teamlogo":"./data/shenhua/flags-cn@3x.png"},{"left":"20.6%","top":"70%","img":"./data/shenhua/players-245-041-22_180.png","href":"/player/245041/chenjie-zhu/","defaultimg":"https://cdn.sofifa.net/players/notfound_0_60.png","name":"Zhu Chenjie","teamlogo":"./data/shenhua/flags-cn@3x.png"},{"left":"51.4%","top":"70%","img":"./data/shenhua/players-175-589-22_180.png","href":"/player/175589/xiaoting-feng/","defaultimg":"https://cdn.sofifa.net/players/notfound_0_60.png","name":"Feng Xiaoting","teamlogo":"./data/shenhua/flags-cn@3x.png"},{"left":"73.4%","top":"65%","img":"./data/shenhua/players-222-183-22_180.png","href":"/player/222183/aidi-fulangxisi/","defaultimg":"https://cdn.sofifa.net/players/notfound_0_60.png","name":"Aidi Fulangxisi","teamlogo":"./data/shenhua/flags-cn@3x.png"},{"left":"36%","top":"83.25%","img":"./data/shenhua/players-182-043-22_180.png","href":"/player/182043/cheng-zeng/","defaultimg":"https://cdn.sofifa.net/players/notfound_0_60.png","name":"Zeng Cheng","teamlogo":"./data/shenhua/flags-cn@3x.png"}],"teamname":"shenhua"}