{"notionLogo":"./data/sunderland/teams-106-180.png","notionName":"桑德兰","players":[{"left":"26.32%","top":"-2.5%","img":"./data/sunderland/players-244-319-22_180.png","href":"/player/244319/ross-stewart/","defaultimg":"https://cdn.sofifa.net/players/notfound_0_60.png","name":"Stewart","teamlogo":"./data/sunderland/flags-gb-sct@3x.png"},{"left":"44.8%","top":"-2.5%","img":"./data/sunderland/players-232-545-22_180.png","href":"/player/232545/nathan-broadhead/","defaultimg":"https://cdn.sofifa.net/players/notfound_0_60.png","name":"Broadhead","teamlogo":"./data/sunderland/flags-gb-wls@3x.png"},{"left":"36%","top":"18.75%","img":"./data/sunderland/players-215-700-22_180.png","href":"/player/215700/luke-onien/","defaultimg":"https://cdn.sofifa.net/players/notfound_0_60.png","name":"O'Nien","teamlogo":"./data/sunderland/flags-gb-eng@3x.png"},{"left":"22.8%","top":"33.75%","img":"./data/sunderland/players-256-442-22_180.png","href":"/player/256442/jay-matete/","defaultimg":"https://cdn.sofifa.net/players/notfound_0_60.png","name":"Matete","teamlogo":"./data/sunderland/flags-gb-eng@3x.png"},{"left":"49.2%","top":"33.75%","img":"./data/sunderland/players-186-135-22_180.png","href":"/player/186135/corry-evans/","defaultimg":"https://cdn.sofifa.net/players/notfound_0_60.png","name":"Evans","teamlogo":"./data/sunderland/flags-gb-nir@3x.png"},{"left":"-1.4%","top":"52.5%","img":"./data/sunderland/players-242-908-22_180.png","href":"/player/242908/jack-clarke/","defaultimg":"https://cdn.sofifa.net/players/notfound_0_60.png","name":"Clarke","teamlogo":"./data/sunderland/flags-gb-eng@3x.png"},{"left":"20.6%","top":"70%","img":"./data/sunderland/players-256-831-22_180.png","href":"/player/256831/dennis-cirkin/","defaultimg":"https://cdn.sofifa.net/players/notfound_0_60.png","name":"Cirkin","teamlogo":"./data/sunderland/flags-gb-eng@3x.png"},{"left":"36%","top":"70%","img":"./data/sunderland/players-198-810-22_180.png","href":"/player/198810/bailey-wright/","defaultimg":"https://cdn.sofifa.net/players/notfound_0_60.png","name":"Wright","teamlogo":"./data/sunderland/flags-au@3x.png"},{"left":"51.4%","top":"70%","img":"./data/sunderland/players-201-901-22_180.png","href":"/player/201901/carl-winchester/","defaultimg":"https://cdn.sofifa.net/players/notfound_0_60.png","name":"Winchester","teamlogo":"./data/sunderland/flags-gb-nir@3x.png"},{"left":"73.4%","top":"52.5%","img":"./data/sunderland/players-222-528-22_180.png","href":"/player/222528/lynden-gooch/","defaultimg":"https://cdn.sofifa.net/players/notfound_0_60.png","name":"Gooch","teamlogo":"./data/sunderland/flags-us@3x.png"},{"left":"36%","top":"83.25%","img":"./data/sunderland/players-246-417-22_180.png","href":"/player/246417/anthony-patterson/","defaultimg":"https://cdn.sofifa.net/players/notfound_0_60.png","name":"Patterson","teamlogo":"./data/sunderland/flags-gb-eng@3x.png"}],"teamname":"sunderland"}