{"notionLogo":"./data/mancity/teams-10-180.png","notionName":"曼城","players":[{"left":"-1.18%","top":"0%","img":"./data/mancity/players-237-692-22_180.png","href":"/player/237692/phil-foden/","defaultimg":"https://cdn.sofifa.net/players/notfound_0_60.png","name":"Foden","teamlogo":"./data/mancity/flags-gb-eng@3x.png"},{"left":"36%","top":"-2.5%","img":"./data/mancity/players-239-085-22_180.png","href":"/player/239085/erling-haaland/","defaultimg":"https://cdn.sofifa.net/players/notfound_0_60.png","name":"Haaland","teamlogo":"./data/mancity/flags-no@3x.png"},{"left":"74.06%","top":"0%","img":"./data/mancity/players-204-485-22_180.png","href":"/player/204485/riyad-mahrez/","defaultimg":"https://cdn.sofifa.net/players/notfound_0_60.png","name":"Mahrez","teamlogo":"./data/mancity/flags-dz@3x.png"},{"left":"20.16%","top":"33.75%","img":"./data/mancity/players-218-667-22_180.png","href":"/player/218667/bernardo-mota-carvalho-e-silva/","defaultimg":"https://cdn.sofifa.net/players/notfound_0_60.png","name":"Bernardo Silva","teamlogo":"./data/mancity/flags-pt@3x.png"},{"left":"51.84%","top":"33.75%","img":"./data/mancity/players-192-985-22_180.png","href":"/player/192985/kevin-de-bruyne/","defaultimg":"https://cdn.sofifa.net/players/notfound_0_60.png","name":"De Bruyne","teamlogo":"./data/mancity/flags-be@3x.png"},{"left":"36%","top":"47.5%","img":"./data/mancity/players-231-866-22_180.png","href":"/player/231866/rodrigo-hernandez-cascante/","defaultimg":"https://cdn.sofifa.net/players/notfound_0_60.png","name":"Rodri","teamlogo":"./data/mancity/flags-es@3x.png"},{"left":"-3.16%","top":"62.5%","img":"./data/mancity/players-210-514-22_180.png","href":"/player/210514/joao-pedro-cavaco-cancelo/","defaultimg":"https://cdn.sofifa.net/players/notfound_0_60.png","name":"João Cancelo","teamlogo":"./data/mancity/flags-pt@3x.png"},{"left":"20.16%","top":"70%","img":"./data/mancity/players-212-218-22_180.png","href":"/player/212218/aymeric-laporte/","defaultimg":"https://cdn.sofifa.net/players/notfound_0_60.png","name":"Laporte","teamlogo":"./data/mancity/flags-es@3x.png"},{"left":"51.84%","top":"70%","img":"./data/mancity/players-239-818-22_180.png","href":"/player/239818/ruben-santos-gato-alves-dias/","defaultimg":"https://cdn.sofifa.net/players/notfound_0_60.png","name":"Rúben Dias","teamlogo":"./data/mancity/flags-pt@3x.png"},{"left":"75.16%","top":"62.5%","img":"./data/mancity/players-188-377-22_180.png","href":"/player/188377/kyle-walker/","defaultimg":"https://cdn.sofifa.net/players/notfound_0_60.png","name":"Walker","teamlogo":"./data/mancity/flags-gb-eng@3x.png"},{"left":"36%","top":"83.5%","img":"./data/mancity/players-210-257-22_180.png","href":"/player/210257/ederson-santana-de-moraes/","defaultimg":"https://cdn.sofifa.net/players/notfound_0_60.png","name":"Ederson","teamlogo":"./data/mancity/flags-br@3x.png"}],"teamname":"mancity"}