{"notionLogo":"./data/romania/teams-1356-180.png","notionName":"罗马尼亚","players":[{"left":"-1.4%","top":"2.5%","img":"./data/romania/players-229-804-22_180.png","href":"/player/229804/alexandru-mitrita/","defaultimg":"https://cdn.sofifa.net/players/notfound_0_60.png","name":"Mitriță","teamlogo":"./data/romania/teams-112828-180.png","pac":85,"sho":69,"pas":68,"dri":77,"def":26,"phy":57,"rating":"74","pos":"LW"},{"left":"35.956%","top":"-2.5%","img":"./data/romania/players-197-971-22_180.png","href":"/player/197971/denis-alibec/","defaultimg":"https://cdn.sofifa.net/players/notfound_0_60.png","name":"Alibec","teamlogo":"./data/romania/teams-110075-180.png","pac":64,"sho":70,"pas":65,"dri":69,"def":40,"phy":79,"rating":"69","pos":"ST"},{"left":"73.4%","top":"2.5%","img":"./data/romania/players-239-978-22_180.png","href":"/player/239978/dennis-man/","defaultimg":"https://cdn.sofifa.net/players/notfound_0_60.png","name":"Man","teamlogo":"./data/romania/teams-50-180.png","pac":86,"sho":69,"pas":66,"dri":74,"def":45,"phy":69,"rating":"73","pos":"RW"},{"left":"22.8%","top":"33.75%","img":"./data/romania/players-243-001-22_180.png","href":"/player/243001/alexandru-cicaldau/","defaultimg":"https://cdn.sofifa.net/players/notfound_0_60.png","name":"Cicâldău","teamlogo":"./data/romania/teams-325-180.png","pac":67,"sho":69,"pas":74,"dri":72,"def":62,"phy":70,"rating":"73","pos":"CM"},{"left":"49.2%","top":"33.75%","img":"./data/romania/players-211-061-22_180.png","href":"/player/211061/alexandru-maxim/","defaultimg":"https://cdn.sofifa.net/players/notfound_0_60.png","name":"Maxim","teamlogo":"./data/romania/teams-110776-180.png","pac":69,"sho":70,"pas":73,"dri":79,"def":32,"phy":54,"rating":"74","pos":"CAM"},{"left":"36%","top":"51.25%","img":"./data/romania/players-235-813-22_180.png","href":"/player/235813/razvan-marin/","defaultimg":"https://cdn.sofifa.net/players/notfound_0_60.png","name":"Marin","teamlogo":"./data/romania/teams-1746-180.png","pac":67,"sho":73,"pas":76,"dri":73,"def":61,"phy":65,"rating":"73","pos":"CM"},{"left":"-1.4%","top":"65%","img":"./data/romania/players-191-058-22_180.png","href":"/player/191058/mario-jorge-malico-paulino/","defaultimg":"https://cdn.sofifa.net/players/notfound_0_60.png","name":"Camora","teamlogo":"./data/romania/teams-110816-180.png","pac":69,"sho":57,"pas":68,"dri":64,"def":66,"phy":71,"rating":"71","pos":"LB"},{"left":"20.6%","top":"70%","img":"./data/romania/players-248-040-22_180.png","href":"/player/248040/adrian-rus/","defaultimg":"https://cdn.sofifa.net/players/notfound_0_60.png","name":"Rus","teamlogo":"./data/romania/teams-113378-180.png","pac":72,"sho":47,"pas":54,"dri":59,"def":65,"phy":73,"rating":"67","pos":"CB"},{"left":"51.4%","top":"70%","img":"./data/romania/players-205-943-22_180.png","href":"/player/205943/vlad-chiriches/","defaultimg":"https://cdn.sofifa.net/players/notfound_0_60.png","name":"Chiricheș","teamlogo":"./data/romania/teams-111434-180.png","pac":54,"sho":62,"pas":56,"dri":62,"def":74,"phy":66,"rating":"72","pos":"CB"},{"left":"73.4%","top":"65%","img":"./data/romania/players-248-165-22_180.png","href":"/player/248165/andrei-ratiu/","defaultimg":"https://cdn.sofifa.net/players/notfound_0_60.png","name":"Rațiu","teamlogo":"./data/romania/teams-110839-180.png","pac":70,"sho":55,"pas":62,"dri":65,"def":59,"phy":59,"rating":"64","pos":"RB"},{"left":"36%","top":"83.25%","img":"./data/romania/players-238-033-22_180.png","href":"/player/238033/florin-nita/","defaultimg":"https://cdn.sofifa.net/players/notfound_0_60.png","name":"Niță","teamlogo":"./data/romania/teams-267-180.png","pac":78,"sho":76,"pas":69,"dri":82,"def":27,"phy":79,"rating":"78","pos":"GK"}],"teamname":"romania"}