{"notionLogo":"./data/leeds/teams-8-180.png","notionName":"利兹联","players":[{"left":"35.956%","top":"0%","img":"./data/leeds/players-232-104-22_180.png","href":"/player/232104/daniel-james/","defaultimg":"https://cdn.sofifa.net/players/notfound_0_60.png","name":"James","teamlogo":"./data/leeds/flags-gb-wls@3x.png"},{"left":"36%","top":"18.75%","img":"./data/leeds/players-198-329-22_180.png","href":"/player/198329/rodrigo-moreno-machado/","defaultimg":"https://cdn.sofifa.net/players/notfound_0_60.png","name":"Rodrigo","teamlogo":"./data/leeds/flags-es@3x.png"},{"left":"0.272%","top":"20%","img":"./data/leeds/players-232-080-22_180.png","href":"/player/232080/jack-harrison/","defaultimg":"https://cdn.sofifa.net/players/notfound_0_60.png","name":"Harrison","teamlogo":"./data/leeds/flags-gb-eng@3x.png"},{"left":"72.0008%","top":"20%","img":"./data/leeds/players-233-419-22_180.png","href":"/player/233419/raphael-dias-belloli/","defaultimg":"https://cdn.sofifa.net/players/notfound_0_60.png","name":"Raphinha","teamlogo":"./data/leeds/flags-br@3x.png"},{"left":"22.8%","top":"51.25%","img":"./data/leeds/players-236-532-22_180.png","href":"/player/236532/robin-koch/","defaultimg":"https://cdn.sofifa.net/players/notfound_0_60.png","name":"Koch","teamlogo":"./data/leeds/flags-de@3x.png"},{"left":"49.2%","top":"51.25%","img":"./data/leeds/players-192-955-22_180.png","href":"/player/192955/mateusz-klich/","defaultimg":"https://cdn.sofifa.net/players/notfound_0_60.png","name":"Klich","teamlogo":"./data/leeds/flags-pl@3x.png"},{"left":"0.8%","top":"62.5%","img":"./data/leeds/players-241-184-22_180.png","href":"/player/241184/hector-junior-firpo-adames/","defaultimg":"https://cdn.sofifa.net/players/notfound_0_60.png","name":"Junior Firpo","teamlogo":"./data/leeds/flags-es@3x.png"},{"left":"21.4976%","top":"67.5%","img":"./data/leeds/players-189-456-22_180.png","href":"/player/189456/liam-cooper/","defaultimg":"https://cdn.sofifa.net/players/notfound_0_60.png","name":"Cooper","teamlogo":"./data/leeds/flags-gb-sct@3x.png"},{"left":"50.696%","top":"67.5%","img":"./data/leeds/players-212-602-22_180.png","href":"/player/212602/diego-javier-llorente-rios/","defaultimg":"https://cdn.sofifa.net/players/notfound_0_60.png","name":"Diego Llorente","teamlogo":"./data/leeds/flags-es@3x.png"},{"left":"71.2%","top":"62.5%","img":"./data/leeds/players-186-156-22_180.png","href":"/player/186156/luke-ayling/","defaultimg":"https://cdn.sofifa.net/players/notfound_0_60.png","name":"Ayling","teamlogo":"./data/leeds/flags-gb-eng@3x.png"},{"left":"35.736%","top":"83.04%","img":"./data/leeds/players-242-656-22_180.png","href":"/player/242656/illan-meslier/","defaultimg":"https://cdn.sofifa.net/players/notfound_0_60.png","name":"Meslier","teamlogo":"./data/leeds/flags-fr@3x.png"}],"teamname":"leeds"}