{"notionLogo":"./data/northern ireland/teams-110081-180.png","notionName":"北爱尔兰","players":[{"left":"26.32%","top":"-2.5%","img":"./data/northern ireland/players-186-562-22_180.png","href":"/player/186562/josh-magennis/","defaultimg":"https://cdn.sofifa.net/players/notfound_0_60.png","name":"Magennis","teamlogo":"./data/northern ireland/teams-1917-180.png","pac":61,"sho":65,"pas":56,"dri":61,"def":50,"phy":81,"rating":"66","pos":"ST"},{"left":"44.8%","top":"-2.5%","img":"./data/northern ireland/players-217-758-22_180.png","href":"/player/217758/conor-washington/","defaultimg":"https://cdn.sofifa.net/players/notfound_0_60.png","name":"Washington","teamlogo":"./data/northern ireland/teams-89-180.png","pac":75,"sho":65,"pas":56,"dri":65,"def":34,"phy":72,"rating":"65","pos":"ST"},{"left":"22.8%","top":"33.75%","img":"./data/northern ireland/players-204-412-22_180.png","href":"/player/204412/george-saville/","defaultimg":"https://cdn.sofifa.net/players/notfound_0_60.png","name":"Saville","teamlogo":"./data/northern ireland/teams-97-180.png","pac":63,"sho":66,"pas":69,"dri":69,"def":68,"phy":75,"rating":"71","pos":"CM"},{"left":"36%","top":"33.75%","img":"./data/northern ireland/players-151-508-22_180.png","href":"/player/151508/steven-davis/","defaultimg":"https://cdn.sofifa.net/players/notfound_0_60.png","name":"Davis","teamlogo":"./data/northern ireland/teams-86-180.png","pac":39,"sho":63,"pas":75,"dri":74,"def":73,"phy":66,"rating":"74","pos":"CM"},{"left":"49.2%","top":"33.75%","img":"./data/northern ireland/players-213-697-22_180.png","href":"/player/213697/paddy-mcnair/","defaultimg":"https://cdn.sofifa.net/players/notfound_0_60.png","name":"McNair","teamlogo":"./data/northern ireland/teams-12-180.png","pac":63,"sho":62,"pas":67,"dri":68,"def":73,"phy":76,"rating":"73","pos":"CB"},{"left":"-1.4%","top":"57.5%","img":"./data/northern ireland/players-192-624-22_180.png","href":"/player/192624/shane-ferguson/","defaultimg":"https://cdn.sofifa.net/players/notfound_0_60.png","name":"Ferguson","teamlogo":"./data/northern ireland/teams-1797-180.png","pac":71,"sho":56,"pas":63,"dri":65,"def":61,"phy":68,"rating":"67","pos":"LWB"},{"left":"20.6%","top":"70%","img":"./data/northern ireland/players-194-785-22_180.png","href":"/player/194785/tom-flanagan/","defaultimg":"https://cdn.sofifa.net/players/notfound_0_60.png","name":"Flanagan","teamlogo":"./data/northern ireland/teams-127-180.png","pac":44,"sho":34,"pas":53,"dri":59,"def":65,"phy":77,"rating":"66","pos":"CB"},{"left":"36%","top":"70%","img":"./data/northern ireland/players-180-706-22_180.png","href":"/player/180706/craig-cathcart/","defaultimg":"https://cdn.sofifa.net/players/notfound_0_60.png","name":"Cathcart","teamlogo":"./data/northern ireland/teams-1795-180.png","pac":35,"sho":37,"pas":55,"dri":53,"def":74,"phy":71,"rating":"72","pos":"CB"},{"left":"51.4%","top":"70%","img":"./data/northern ireland/players-243-908-22_180.png","href":"/player/243908/daniel-ballard/","defaultimg":"https://cdn.sofifa.net/players/notfound_0_60.png","name":"Ballard","teamlogo":"./data/northern ireland/teams-97-180.png","pac":52,"sho":30,"pas":49,"dri":50,"def":70,"phy":71,"rating":"70","pos":"CB"},{"left":"73.4%","top":"57.5%","img":"./data/northern ireland/players-203-570-22_180.png","href":"/player/203570/stuart-dallas/","defaultimg":"https://cdn.sofifa.net/players/notfound_0_60.png","name":"Dallas","teamlogo":"./data/northern ireland/teams-8-180.png","pac":74,"sho":69,"pas":71,"dri":73,"def":73,"phy":76,"rating":"75","pos":"CM"},{"left":"36%","top":"83.25%","img":"./data/northern ireland/players-229-091-22_180.png","href":"/player/229091/bailey-peacock-farrell/","defaultimg":"https://cdn.sofifa.net/players/notfound_0_60.png","name":"Peacock-Farrell","teamlogo":"./data/northern ireland/teams-1807-180.png","pac":68,"sho":67,"pas":68,"dri":69,"def":53,"phy":62,"rating":"67","pos":"GK"}],"teamname":"northern ireland"}