{"notionLogo":"./data/mineiro/teams-1035-180.png","notionName":"米内罗竞技","players":[{"left":"36%","top":"-2.5%","img":"./data/mineiro/8w5gii.png","href":"/player/11381417/givanildo-vieira-de-souza/","defaultimg":"https://cdn.sofifa.net/players/notfound_0_60.png","name":"Hulk","teamlogo":"./data/mineiro/flags-br@3x.png"},{"left":"5.2%","top":"12%","img":"./data/mineiro/vj9p3i.png","href":"/player/11444453/marcos-da-silva-franca/","defaultimg":"https://cdn.sofifa.net/players/notfound_0_60.png","name":"Keno","teamlogo":"./data/mineiro/flags-br@3x.png"},{"left":"36%","top":"20%","img":"./data/mineiro/npeppb.png","href":"/player/11381430/ignacio-fernandez/","defaultimg":"https://cdn.sofifa.net/players/notfound_0_60.png","name":"Nacho Fernández","teamlogo":"./data/mineiro/flags-ar@3x.png"},{"left":"66.8%","top":"12%","img":"./data/mineiro/pey7nj.png","href":"/player/11381437/matias-zaracho/","defaultimg":"https://cdn.sofifa.net/players/notfound_0_60.png","name":"Zaracho","teamlogo":"./data/mineiro/flags-ar@3x.png"},{"left":"20.16%","top":"47.5%","img":"./data/mineiro/g4ooib.png","href":"/player/11498980/allan-rodrigues-de-souza/","defaultimg":"https://cdn.sofifa.net/players/notfound_0_60.png","name":"Allan","teamlogo":"./data/mineiro/flags-br@3x.png"},{"left":"51.84%","top":"47.5%","img":"./data/mineiro/hu9pi3.png","href":"/player/11498949/jair-rodrigues-junior/","defaultimg":"https://cdn.sofifa.net/players/notfound_0_60.png","name":"Jair","teamlogo":"./data/mineiro/flags-br@3x.png"},{"left":"-3.16%","top":"62.5%","img":"./data/mineiro/nh8jmv.png","href":"/player/11404699/guilherme-arana-lopes/","defaultimg":"https://cdn.sofifa.net/players/notfound_0_60.png","name":"Guilherme Arana","teamlogo":"./data/mineiro/flags-br@3x.png"},{"left":"20.16%","top":"70%","img":"./data/mineiro/nv9zu5.png","href":"/player/11775700/junior-alonso/","defaultimg":"https://cdn.sofifa.net/players/notfound_0_60.png","name":"Alonso","teamlogo":"./data/mineiro/flags-py@3x.png"},{"left":"51.84%","top":"70%","img":"./data/mineiro/k4ykq4.png","href":"/player/11498901/nathanael-ananias-da-silva/","defaultimg":"https://cdn.sofifa.net/players/notfound_0_60.png","name":"Nathan Silva","teamlogo":"./data/mineiro/flags-br@3x.png"},{"left":"75.16%","top":"62.5%","img":"./data/mineiro/xmcsti.png","href":"/player/11381825/mariano-ferreira-filho/","defaultimg":"https://cdn.sofifa.net/players/notfound_0_60.png","name":"Mariano","teamlogo":"./data/mineiro/flags-br@3x.png"},{"left":"36%","top":"83.5%","img":"./data/mineiro/s35omz.png","href":"/player/11464233/everson-felipe-marques-pires/","defaultimg":"https://cdn.sofifa.net/players/notfound_0_60.png","name":"Éverson","teamlogo":"./data/mineiro/flags-br@3x.png"}],"teamname":"mineiro"}