{"notionLogo":"./data/kawasaki/teams-111730-180.png","notionName":"川崎前锋","players":[{"left":"-1.4%","top":"2.5%","img":"./data/kawasaki/players-252-397-22_180.png","href":"/player/252397/marcio-augusto-da-silva-barbosa/","defaultimg":"https://cdn.sofifa.net/players/notfound_0_60.png","name":"Marcinho","teamlogo":"./data/kawasaki/flags-br@3x.png"},{"left":"35.956%","top":"-2.5%","img":"./data/kawasaki/players-198-213-22_180.png","href":"/player/198213/leandro-damiao-da-silva-dos-santos/","defaultimg":"https://cdn.sofifa.net/players/notfound_0_60.png","name":"Leandro Damião","teamlogo":"./data/kawasaki/flags-br@3x.png"},{"left":"73.4%","top":"2.5%","img":"./data/kawasaki/players-201-971-22_180.png","href":"/player/201971/akihiro-ienaga/","defaultimg":"https://cdn.sofifa.net/players/notfound_0_60.png","name":"Ienaga","teamlogo":"./data/kawasaki/flags-jp@3x.png"},{"left":"23.68%","top":"30%","img":"./data/kawasaki/players-234-698-22_180.png","href":"/player/234698/chanathip-songkrasin/","defaultimg":"https://cdn.sofifa.net/players/notfound_0_60.png","name":"Songkrasin","teamlogo":"./data/kawasaki/flags-th@3x.png"},{"left":"49.2%","top":"34.04%","img":"./data/kawasaki/players-242-088-22_180.png","href":"/player/242088/yasuto-wakizaka/","defaultimg":"https://cdn.sofifa.net/players/notfound_0_60.png","name":"Wakizaka","teamlogo":"./data/kawasaki/flags-jp@3x.png"},{"left":"36%","top":"51.25%","img":"./data/kawasaki/players-257-099-22_180.png","href":"/player/257099/kento-tachibanada/","defaultimg":"https://cdn.sofifa.net/players/notfound_0_60.png","name":"Tachibanada","teamlogo":"./data/kawasaki/flags-jp@3x.png"},{"left":"-1.4%","top":"65%","img":"./data/kawasaki/players-266-884-22_180.png","href":"/player/266884/asahi-sasaki/","defaultimg":"https://cdn.sofifa.net/players/notfound_0_60.png","name":"Sasaki","teamlogo":"./data/kawasaki/flags-jp@3x.png"},{"left":"20.6%","top":"70%","img":"./data/kawasaki/players-233-225-22_180.png","href":"/player/233225/shogo-taniguchi/","defaultimg":"https://cdn.sofifa.net/players/notfound_0_60.png","name":"Taniguchi","teamlogo":"./data/kawasaki/flags-jp@3x.png"},{"left":"51.4%","top":"70%","img":"./data/kawasaki/players-237-780-22_180.png","href":"/player/237780/kazuya-yamamura/","defaultimg":"https://cdn.sofifa.net/players/notfound_0_60.png","name":"Yamamura","teamlogo":"./data/kawasaki/flags-jp@3x.png"},{"left":"73.4%","top":"65%","img":"./data/kawasaki/players-233-169-22_180.png","href":"/player/233169/miki-yamane/","defaultimg":"https://cdn.sofifa.net/players/notfound_0_60.png","name":"Yamane","teamlogo":"./data/kawasaki/flags-jp@3x.png"},{"left":"36%","top":"83.25%","img":"./data/kawasaki/players-176-389-22_180.png","href":"/player/176389/sung-ryong-jung/","defaultimg":"https://cdn.sofifa.net/players/notfound_0_60.png","name":"Jung Sung Ryong","teamlogo":"./data/kawasaki/flags-kr@3x.png"}],"teamname":"kawasaki"}