{"notionLogo":"./data/canada/teams-111455-180.png","notionName":"加拿大","players":[{"left":"0.8%","top":"7.5%","img":"./data/canada/players-234-396-22_180.png","href":"/player/234396/alphonso-davies/","defaultimg":"https://cdn.sofifa.net/players/notfound_0_60.png","name":"Davies","teamlogo":"./data/canada/teams-21-180.png","pac":95,"sho":66,"pas":76,"dri":85,"def":76,"phy":77,"rating":"84","pos":"LB"},{"left":"35.956%","top":"-2.5%","img":"./data/canada/players-243-630-22_180.png","href":"/player/243630/jonathan-david/","defaultimg":"https://cdn.sofifa.net/players/notfound_0_60.png","name":"David","teamlogo":"./data/canada/teams-65-180.png","pac":85,"sho":79,"pas":71,"dri":78,"def":33,"phy":71,"rating":"79","pos":"ST"},{"left":"73.4%","top":"7.5%","img":"./data/canada/players-246-800-22_180.png","href":"/player/246800/tajon-buchanan/","defaultimg":"https://cdn.sofifa.net/players/notfound_0_60.png","name":"Buchanan","teamlogo":"./data/canada/teams-231-180.png","pac":92,"sho":62,"pas":60,"dri":74,"def":55,"phy":64,"rating":"72","pos":"RM"},{"left":"35.736%","top":"30%","img":"./data/canada/players-189-462-22_180.png","href":"/player/189462/junior-hoilett/","defaultimg":"https://cdn.sofifa.net/players/notfound_0_60.png","name":"Hoilett","teamlogo":"./data/canada/teams-1793-180.png","pac":82,"sho":69,"pas":67,"dri":74,"def":36,"phy":62,"rating":"71","pos":"LM"},{"left":"21.92%","top":"47.5%","img":"./data/canada/players-134-744-22_180.png","href":"/player/134744/atiba-hutchinson/","defaultimg":"https://cdn.sofifa.net/players/notfound_0_60.png","name":"Hutchinson","teamlogo":"./data/canada/teams-327-180.png","pac":58,"sho":65,"pas":73,"dri":70,"def":73,"phy":73,"rating":"73","pos":"CM"},{"left":"48.32%","top":"49.47%","img":"./data/canada/players-242-380-22_180.png","href":"/player/242380/stephen-antunes-eustaquio/","defaultimg":"https://cdn.sofifa.net/players/notfound_0_60.png","name":"Stephen Eustáquio","teamlogo":"./data/canada/teams-236-180.png","pac":66,"sho":61,"pas":75,"dri":72,"def":72,"phy":72,"rating":"76","pos":"CDM"},{"left":"-1.4%","top":"65%","img":"./data/canada/players-220-028-22_180.png","href":"/player/220028/sam-adekugbe/","defaultimg":"https://cdn.sofifa.net/players/notfound_0_60.png","name":"Adekugbe","teamlogo":"./data/canada/teams-101028-180.png","pac":86,"sho":50,"pas":61,"dri":69,"def":62,"phy":76,"rating":"70","pos":"LB"},{"left":"20.6%","top":"70%","img":"./data/canada/players-247-648-22_180.png","href":"/player/247648/kamal-miller/","defaultimg":"https://cdn.sofifa.net/players/notfound_0_60.png","name":"Miller","teamlogo":"./data/canada/teams-112606-180.png","pac":79,"sho":24,"pas":56,"dri":62,"def":69,"phy":79,"rating":"70","pos":"CB"},{"left":"51.4%","top":"70%","img":"./data/canada/players-192-528-22_180.png","href":"/player/192528/steven-de-sousa-vitoria/","defaultimg":"https://cdn.sofifa.net/players/notfound_0_60.png","name":"Steven Vitória","teamlogo":"./data/canada/teams-518-180.png","pac":34,"sho":55,"pas":53,"dri":48,"def":69,"phy":77,"rating":"69","pos":"CB"},{"left":"73.4%","top":"65%","img":"./data/canada/players-232-081-22_180.png","href":"/player/232081/richie-laryea/","defaultimg":"https://cdn.sofifa.net/players/notfound_0_60.png","name":"Laryea","teamlogo":"./data/canada/teams-14-180.png","pac":85,"sho":60,"pas":64,"dri":71,"def":64,"phy":72,"rating":"72","pos":"RWB"},{"left":"36%","top":"83.25%","img":"./data/canada/players-205-211-22_180.png","href":"/player/205211/milan-borjan/","defaultimg":"https://cdn.sofifa.net/players/notfound_0_60.png","name":"Borjan","teamlogo":"./data/canada/teams-111083-180.png","pac":78,"sho":74,"pas":74,"dri":78,"def":44,"phy":74,"rating":"77","pos":"GK"}],"teamname":"canada"}