{"notionLogo":"./data/salzburg/teams-191-180.png","notionName":"萨尔茨堡红牛","players":[{"left":"26.32%","top":"-2.5%","img":"./data/salzburg/players-242-530-22_180.png","href":"/player/242530/noah-okafor/","defaultimg":"https://cdn.sofifa.net/players/notfound_0_60.png","name":"Okafor","teamlogo":"./data/salzburg/flags-ch@3x.png"},{"left":"44.8%","top":"-2.5%","img":"./data/salzburg/players-251-852-22_180.png","href":"/player/251852/karim-adeyemi/","defaultimg":"https://cdn.sofifa.net/players/notfound_0_60.png","name":"Adeyemi","teamlogo":"./data/salzburg/flags-de@3x.png"},{"left":"36%","top":"18.75%","img":"./data/salzburg/players-247-361-22_180.png","href":"/player/247361/brenden-aaronson/","defaultimg":"https://cdn.sofifa.net/players/notfound_0_60.png","name":"Aaronson","teamlogo":"./data/salzburg/flags-us@3x.png"},{"left":"22.8%","top":"33.75%","img":"./data/salzburg/players-257-876-22_180.png","href":"/player/257876/nicolas-seiwald/","defaultimg":"https://cdn.sofifa.net/players/notfound_0_60.png","name":"Seiwald","teamlogo":"./data/salzburg/flags-at@3x.png"},{"left":"49.2%","top":"33.75%","img":"./data/salzburg/players-258-775-22_180.png","href":"/player/258775/luka-sucic/","defaultimg":"https://cdn.sofifa.net/players/notfound_0_60.png","name":"Sučić","teamlogo":"./data/salzburg/flags-hr@3x.png"},{"left":"36%","top":"51.25%","img":"./data/salzburg/players-246-764-22_180.png","href":"/player/246764/mohamed-camara/","defaultimg":"https://cdn.sofifa.net/players/notfound_0_60.png","name":"Camara","teamlogo":"./data/salzburg/flags-ml@3x.png"},{"left":"-1.4%","top":"65%","img":"./data/salzburg/players-169-324-22_180.png","href":"/player/169324/andreas-ulmer/","defaultimg":"https://cdn.sofifa.net/players/notfound_0_60.png","name":"Ulmer","teamlogo":"./data/salzburg/flags-at@3x.png"},{"left":"20.7672%","top":"69.15%","img":"./data/salzburg/players-231-838-22_180.png","href":"/player/231838/maximilian-wober/","defaultimg":"https://cdn.sofifa.net/players/notfound_0_60.png","name":"Wöber","teamlogo":"./data/salzburg/flags-at@3x.png"},{"left":"50.9688%","top":"68.51%","img":"./data/salzburg/players-242-238-22_180.png","href":"/player/242238/oumar-solet/","defaultimg":"https://cdn.sofifa.net/players/notfound_0_60.png","name":"Solet","teamlogo":"./data/salzburg/flags-fr@3x.png"},{"left":"73.4%","top":"65%","img":"./data/salzburg/players-233-301-22_180.png","href":"/player/233301/rasmus-kristensen/","defaultimg":"https://cdn.sofifa.net/players/notfound_0_60.png","name":"Kristensen","teamlogo":"./data/salzburg/flags-dk@3x.png"},{"left":"36%","top":"83.25%","img":"./data/salzburg/players-239-364-22_180.png","href":"/player/239364/philipp-kohn/","defaultimg":"https://cdn.sofifa.net/players/notfound_0_60.png","name":"Köhn","teamlogo":"./data/salzburg/flags-ch@3x.png"}],"teamname":"salzburg"}