{
  "notionLogo": "./data/france/teams-1335-180.png",
  "notionName": "法国",
  "players": [
    {
      "left": "25.44%",
      "top": "0%",
      "img": "./data/france/players-231-747-22_180.png",
      "href": "/player/231747/kylian-mbappe/",
      "defaultimg": "https://cdn.sofifa.net/players/notfound_0_60.png",
      "name": "Mbappé",
      "teamlogo": "./data/france/teams-73-180.png",
      "pac": 97,
      "sho": 88,
      "pas": 80,
      "dri": 92,
      "def": 36,
      "phy": 77,
      "rating": "91",
      "pos": "ST"
    },
    {
      "left": "44.2632%",
      "top": "-2.07%",
      "img": "./data/france/players-178-509-22_180.png",
      "href": "/player/178509/olivier-giroud/",
      "defaultimg": "https://cdn.sofifa.net/players/notfound_0_60.png",
      "name": "Giroud",
      "teamlogo": "./data/france/teams-47-180.png",
      "pac": 42,
      "sho": 82,
      "pas": 72,
      "dri": 73,
      "def": 42,
      "phy": 79,
      "rating": "81",
      "pos": "ST"
    },
    {
      "left": "36%",
      "top": "18.75%",
      "img": "./data/france/players-194-765-22_180.png",
      "href": "/player/194765/antoine-griezmann/",
      "defaultimg": "https://cdn.sofifa.net/players/notfound_0_60.png",
      "name": "Griezmann",
      "teamlogo": "./data/france/teams-241-180.png",
      "pac": 80,
      "sho": 84,
      "pas": 84,
      "dri": 87,
      "def": 52,
      "phy": 72,
      "rating": "85",
      "pos": "ST"
    },
    {
      "left": "-3.6%",
      "top": "32.5%",
      "img": "./data/france/players-232-656-22_180.png",
      "href": "/player/232656/theo-hernandez/",
      "defaultimg": "https://cdn.sofifa.net/players/notfound_0_60.png",
      "name": "Hernández",
      "teamlogo": "./data/france/teams-47-180.png",
      "pac": 93,
      "sho": 72,
      "pas": 76,
      "dri": 81,
      "def": 78,
      "phy": 83,
      "rating": "84",
      "pos": "LB"
    },
    {
      "left": "74.4648%",
      "top": "32.5%",
      "img": "./data/france/players-213-345-22_180.png",
      "href": "/player/213345/kingsley-coman/",
      "defaultimg": "https://cdn.sofifa.net/players/notfound_0_60.png",
      "name": "Coman",
      "teamlogo": "./data/france/teams-21-180.png",
      "pac": 92,
      "sho": 77,
      "pas": 78,
      "dri": 87,
      "def": 30,
      "phy": 60,
      "rating": "85",
      "pos": "LM"
    },
    {
      "left": "22.8%",
      "top": "51.25%",
      "img": "./data/france/players-195-864-22_180.png",
      "href": "/player/195864/paul-pogba/",
      "defaultimg": "https://cdn.sofifa.net/players/notfound_0_60.png",
      "name": "Pogba",
      "teamlogo": "./data/france/teams-45-180.png",
      "pac": 69,
      "sho": 81,
      "pas": 86,
      "dri": 86,
      "def": 63,
      "phy": 82,
      "rating": "86",
      "pos": "CM"
    },
    {
      "left": "49.2%",
      "top": "51.25%",
      "img": "./data/france/players-215-914-22_180.png",
      "href": "/player/215914/ngolo-kante/",
      "defaultimg": "https://cdn.sofifa.net/players/notfound_0_60.png",
      "name": "Kanté",
      "teamlogo": "./data/france/teams-5-180.png",
      "pac": 78,
      "sho": 66,
      "pas": 75,
      "dri": 82,
      "def": 87,
      "phy": 83,
      "rating": "90",
      "pos": "CDM"
    },
    {
      "left": "17.7664%",
      "top": "69.84%",
      "img": "./data/france/players-220-814-22_180.png",
      "href": "/player/220814/lucas-hernandez/",
      "defaultimg": "https://cdn.sofifa.net/players/notfound_0_60.png",
      "name": "Hernández",
      "teamlogo": "./data/france/teams-21-180.png",
      "pac": 77,
      "sho": 54,
      "pas": 69,
      "dri": 71,
      "def": 85,
      "phy": 80,
      "rating": "84",
      "pos": "CB"
    },
    {
      "left": "36%",
      "top": "70%",
      "img": "./data/france/players-201-535-22_180.png",
      "href": "/player/201535/raphael-varane/",
      "defaultimg": "https://cdn.sofifa.net/players/notfound_0_60.png",
      "name": "Varane",
      "teamlogo": "./data/france/teams-11-180.png",
      "pac": 82,
      "sho": 49,
      "pas": 64,
      "dri": 66,
      "def": 86,
      "phy": 81,
      "rating": "85",
      "pos": "CB"
    },
    {
      "left": "54.7%",
      "top": "69.84%",
      "img": "./data/france/players-241-486-22_180.png",
      "href": "/player/241486/jules-kounde/",
      "defaultimg": "https://cdn.sofifa.net/players/notfound_0_60.png",
      "name": "Koundé",
      "teamlogo": "./data/france/teams-241-180.png",
      "pac": 82,
      "sho": 45,
      "pas": 64,
      "dri": 72,
      "def": 84,
      "phy": 78,
      "rating": "83",
      "pos": "CB"
    },
    {
      "left": "36%",
      "top": "83.25%",
      "img": "./data/france/players-167-948-22_180.png",
      "href": "/player/167948/hugo-lloris/",
      "defaultimg": "https://cdn.sofifa.net/players/notfound_0_60.png",
      "name": "Lloris",
      "teamlogo": "./data/france/teams-18-180.png",
      "pac": 88,
      "sho": 83,
      "pas": 65,
      "dri": 88,
      "def": 61,
      "phy": 84,
      "rating": "87",
      "pos": "GK"
    }
  ],
  "teamname": "france"
}
