{"notionLogo":"./data/real madrid/teams-243-180.png","notionName":"皇家马德里","players":[{"left":"0.8%","top":"1.97%","img":"./data/real madrid/players-238-794-22_180.png","href":"/player/238794/vinicius-jose-de-oliveira-junior/","defaultimg":"https://cdn.sofifa.net/players/notfound_0_60.png","name":"Vinícius Jr.","teamlogo":"./data/real madrid/flags-br@3x.png"},{"left":"71.2%","top":"2.39%","img":"./data/real madrid/players-239-053-22_180.png","href":"/player/239053/federico-valverde/","defaultimg":"https://cdn.sofifa.net/players/notfound_0_60.png","name":"Valverde","teamlogo":"./data/real madrid/flags-uy@3x.png"},{"left":"35.516%","top":"7.5%","img":"./data/real madrid/players-165-153-22_180.png","href":"/player/165153/karim-benzema/","defaultimg":"https://cdn.sofifa.net/players/notfound_0_60.png","name":"Benzema","teamlogo":"./data/real madrid/flags-fr@3x.png"},{"left":"21.92%","top":"30%","img":"./data/real madrid/players-182-521-22_180.png","href":"/player/182521/toni-kroos/","defaultimg":"https://cdn.sofifa.net/players/notfound_0_60.png","name":"Kroos","teamlogo":"./data/real madrid/flags-de@3x.png"},{"left":"50.08%","top":"30%","img":"./data/real madrid/players-177-003-22_180.png","href":"/player/177003/luka-modric/","defaultimg":"https://cdn.sofifa.net/players/notfound_0_60.png","name":"Modrić","teamlogo":"./data/real madrid/flags-hr@3x.png"},{"left":"35.736%","top":"49.41%","img":"./data/real madrid/players-200-145-22_180.png","href":"/player/200145/carlos-henrique-venancio-casimiro/","defaultimg":"https://cdn.sofifa.net/players/notfound_0_60.png","name":"Casemiro","teamlogo":"./data/real madrid/flags-br@3x.png"},{"left":"-0.0624%","top":"62.5%","img":"./data/real madrid/players-228-618-22_180.png","href":"/player/228618/ferland-mendy/","defaultimg":"https://cdn.sofifa.net/players/notfound_0_60.png","name":"Mendy","teamlogo":"./data/real madrid/flags-fr@3x.png"},{"left":"21.6648%","top":"69.14%","img":"./data/real madrid/players-197-445-22_180.png","href":"/player/197445/david-alaba/","defaultimg":"https://cdn.sofifa.net/players/notfound_0_60.png","name":"Alaba","teamlogo":"./data/real madrid/flags-at@3x.png"},{"left":"49.2704%","top":"69.36%","img":"./data/real madrid/players-240-130-22_180.png","href":"/player/240130/eder-gabriel-militao/","defaultimg":"https://cdn.sofifa.net/players/notfound_0_60.png","name":"Éder Militão","teamlogo":"./data/real madrid/flags-br@3x.png"},{"left":"71.2%","top":"62.5%","img":"./data/real madrid/players-204-963-22_180.png","href":"/player/204963/daniel-carvajal-ramos/","defaultimg":"https://cdn.sofifa.net/players/notfound_0_60.png","name":"Carvajal","teamlogo":"./data/real madrid/flags-es@3x.png"},{"left":"36%","top":"83.25%","img":"./data/real madrid/players-192-119-22_180.png","href":"/player/192119/thibaut-courtois/","defaultimg":"https://cdn.sofifa.net/players/notfound_0_60.png","name":"Courtois","teamlogo":"./data/real madrid/flags-be@3x.png"}],"teamname":"real madrid"}