{"notionLogo":"./data/blackburn/teams-3-180.png","notionName":"布莱克本","players":[{"left":"26.32%","top":"-2.5%","img":"./data/blackburn/players-233-795-22_180.png","href":"/player/233795/ben-brereton-diaz/","defaultimg":"https://cdn.sofifa.net/players/notfound_0_60.png","name":"Brereton Díaz","teamlogo":"./data/blackburn/flags-cl@3x.png"},{"left":"44.8%","top":"-2.5%","img":"./data/blackburn/players-213-905-22_180.png","href":"/player/213905/sam-gallagher/","defaultimg":"https://cdn.sofifa.net/players/notfound_0_60.png","name":"Gallagher","teamlogo":"./data/blackburn/flags-gb-eng@3x.png"},{"left":"36%","top":"18.75%","img":"./data/blackburn/players-242-749-22_180.png","href":"/player/242749/john-buckley/","defaultimg":"https://cdn.sofifa.net/players/notfound_0_60.png","name":"Buckley","teamlogo":"./data/blackburn/flags-gb-eng@3x.png"},{"left":"22.184%","top":"33.62%","img":"./data/blackburn/players-213-693-22_180.png","href":"/player/213693/joe-rothwell/","defaultimg":"https://cdn.sofifa.net/players/notfound_0_60.png","name":"Rothwell","teamlogo":"./data/blackburn/flags-gb-eng@3x.png"},{"left":"49.816%","top":"34.25%","img":"./data/blackburn/players-234-319-22_180.png","href":"/player/234319/lewis-travis/","defaultimg":"https://cdn.sofifa.net/players/notfound_0_60.png","name":"Travis","teamlogo":"./data/blackburn/flags-gb-eng@3x.png"},{"left":"-1.4%","top":"57.5%","img":"./data/blackburn/players-235-770-22_180.png","href":"/player/235770/harry-pickering/","defaultimg":"https://cdn.sofifa.net/players/notfound_0_60.png","name":"Pickering","teamlogo":"./data/blackburn/flags-gb-eng@3x.png"},{"left":"20.336%","top":"70.16%","img":"./data/blackburn/players-231-540-22_180.png","href":"/player/231540/scott-wharton/","defaultimg":"https://cdn.sofifa.net/players/notfound_0_60.png","name":"Wharton","teamlogo":"./data/blackburn/flags-gb-eng@3x.png"},{"left":"36%","top":"70%","img":"./data/blackburn/players-258-908-22_180.png","href":"/player/258908/jan-paul-van-hecke/","defaultimg":"https://cdn.sofifa.net/players/notfound_0_60.png","name":"van Hecke","teamlogo":"./data/blackburn/flags-nl@3x.png"},{"left":"51.4%","top":"70%","img":"./data/blackburn/players-211-009-22_180.png","href":"/player/211009/darragh-lenihan/","defaultimg":"https://cdn.sofifa.net/players/notfound_0_60.png","name":"Lenihan","teamlogo":"./data/blackburn/flags-ie@3x.png"},{"left":"73.4%","top":"57.5%","img":"./data/blackburn/players-228-684-22_180.png","href":"/player/228684/ryan-nyambe/","defaultimg":"https://cdn.sofifa.net/players/notfound_0_60.png","name":"Nyambe","teamlogo":"./data/blackburn/flags-na@3x.png"},{"left":"36%","top":"83.25%","img":"./data/blackburn/players-188-400-22_180.png","href":"/player/188400/thomas-kaminski/","defaultimg":"https://cdn.sofifa.net/players/notfound_0_60.png","name":"Kaminski","teamlogo":"./data/blackburn/flags-be@3x.png"}],"teamname":"blackburn"}