{"notionLogo":"./data/china/teams-1413-180.png","notionName":"中国","players":[{"left":"26.32%","top":"-2.5%","img":"./data/china/players-223-344-22_180.png","href":"/player/223344/shihao-wei/","defaultimg":"https://cdn.sofifa.net/players/notfound_0_60.png","name":"Wei Shihao","teamlogo":"./data/china/teams-111839-180.png","pac":84,"sho":69,"pas":65,"dri":70,"def":35,"phy":65,"rating":"68","pos":"ST"},{"left":"44.8%","top":"-2.5%","img":"./data/china/players-188-044-22_180.png","href":"/player/188044/lan-a/","defaultimg":"https://cdn.sofifa.net/players/notfound_0_60.png","name":"A Lan","teamlogo":"./data/china/teams-111839-180.png","pac":84,"sho":74,"pas":68,"dri":81,"def":33,"phy":72,"rating":"77","pos":"ST"},{"left":"-1.4%","top":"26.25%","img":"./data/china/players-221-820-22_180.png","href":"/player/221820/xizhe-zhang/","defaultimg":"https://cdn.sofifa.net/players/notfound_0_60.png","name":"Zhang Xizhe","teamlogo":"./data/china/teams-111768-180.png","pac":75,"sho":63,"pas":68,"dri":70,"def":48,"phy":62,"rating":"67","pos":"CM"},{"left":"22.8%","top":"33.75%","img":"./data/china/players-217-153-22_180.png","href":"/player/217153/xi-wu/","defaultimg":"https://cdn.sofifa.net/players/notfound_0_60.png","name":"Wu Xi","teamlogo":"./data/china/teams-110955-180.png","pac":78,"sho":66,"pas":68,"dri":64,"def":66,"phy":76,"rating":"69","pos":"CM"},{"left":"49.2%","top":"33.75%","img":"./data/china/players-182-343-22_180.png","href":"/player/182343/junmin-hao/","defaultimg":"https://cdn.sofifa.net/players/notfound_0_60.png","name":"Hao Junmin","teamlogo":"./data/china/teams-112541-180.png","pac":69,"sho":70,"pas":74,"dri":73,"def":62,"phy":66,"rating":"71","pos":"CDM"},{"left":"73.4%","top":"26.25%","img":"./data/china/players-221-445-22_180.png","href":"/player/221445/lei-wu/","defaultimg":"https://cdn.sofifa.net/players/notfound_0_60.png","name":"Wu Lei","teamlogo":"./data/china/teams-452-180.png","pac":85,"sho":70,"pas":69,"dri":74,"def":40,"phy":69,"rating":"75","pos":"ST"},{"left":"-1.4%","top":"65%","img":"./data/china/players-224-604-22_180.png","href":"/player/224604/shenchao-wang/","defaultimg":"https://cdn.sofifa.net/players/notfound_0_60.png","name":"Wang Shenchao","teamlogo":"./data/china/teams-112540-180.png","pac":73,"sho":33,"pas":54,"dri":61,"def":64,"phy":70,"rating":"69","pos":"LB"},{"left":"17.3%","top":"69.67%","img":"./data/china/players-200-741-22_180.png","href":"/player/200741/guangtai-jiang/","defaultimg":"https://cdn.sofifa.net/players/notfound_0_60.png","name":"Jiang Guangtai","teamlogo":"./data/china/teams-111839-180.png","pac":82,"sho":34,"pas":47,"dri":58,"def":68,"phy":75,"rating":"68","pos":"CB"},{"left":"51.4%","top":"70%","img":"./data/china/players-245-041-22_180.png","href":"/player/245041/chenjie-zhu/","defaultimg":"https://cdn.sofifa.net/players/notfound_0_60.png","name":"Zhu Chenjie","teamlogo":"./data/china/teams-110955-180.png","pac":75,"sho":37,"pas":48,"dri":56,"def":62,"phy":75,"rating":"64","pos":"CB"},{"left":"73.4%","top":"65%","img":"./data/china/players-200-672-22_180.png","href":"/player/200672/linpeng-zhang/","defaultimg":"https://cdn.sofifa.net/players/notfound_0_60.png","name":"Zhang Linpeng","teamlogo":"./data/china/teams-112540-180.png","pac":72,"sho":56,"pas":64,"dri":68,"def":68,"phy":84,"rating":"71","pos":"RB"},{"left":"36%","top":"83.25%","img":"./data/china/players-224-599-22_180.png","href":"/player/224599/junling-yan/","defaultimg":"https://cdn.sofifa.net/players/notfound_0_60.png","name":"Yan Junling","teamlogo":"./data/china/teams-112540-180.png","pac":72,"sho":70,"pas":69,"dri":74,"def":49,"phy":72,"rating":"73","pos":"GK"}],"teamname":"china"}