{"notionLogo":"./data/watford/teams-1795-180.png","notionName":"沃特福德","players":[{"left":"35.956%","top":"-2.5%","img":"./data/watford/players-185-422-22_180.png","href":"/player/185422/joshua-king/","defaultimg":"https://cdn.sofifa.net/players/notfound_0_60.png","name":"King","teamlogo":"./data/watford/flags-no@3x.png"},{"left":"-1.4%","top":"26.25%","img":"./data/watford/players-239-015-22_180.png","href":"/player/239015/emmanuel-dennis/","defaultimg":"https://cdn.sofifa.net/players/notfound_0_60.png","name":"Dennis","teamlogo":"./data/watford/flags-ng@3x.png"},{"left":"22.8%","top":"33.75%","img":"./data/watford/players-190-875-22_180.png","href":"/player/190875/juraj-kucka/","defaultimg":"https://cdn.sofifa.net/players/notfound_0_60.png","name":"Kucka","teamlogo":"./data/watford/flags-sk@3x.png"},{"left":"49.2%","top":"33.75%","img":"./data/watford/players-183-394-22_180.png","href":"/player/183394/moussa-sissoko/","defaultimg":"https://cdn.sofifa.net/players/notfound_0_60.png","name":"Sissoko","teamlogo":"./data/watford/flags-fr@3x.png"},{"left":"73.4%","top":"26.25%","img":"./data/watford/players-235-353-22_180.png","href":"/player/235353/ismaila-sarr/","defaultimg":"https://cdn.sofifa.net/players/notfound_0_60.png","name":"Sarr","teamlogo":"./data/watford/flags-sn@3x.png"},{"left":"36%","top":"51.25%","img":"./data/watford/players-242-794-22_180.png","href":"/player/242794/imran-louza/","defaultimg":"https://cdn.sofifa.net/players/notfound_0_60.png","name":"Louza","teamlogo":"./data/watford/flags-ma@3x.png"},{"left":"-1.4%","top":"65%","img":"./data/watford/players-220-421-22_180.png","href":"/player/220421/hassane-kamara/","defaultimg":"https://cdn.sofifa.net/players/notfound_0_60.png","name":"Kamara","teamlogo":"./data/watford/flags-ci@3x.png"},{"left":"22.5624%","top":"69.37%","img":"./data/watford/players-215-651-22_180.png","href":"/player/215651/samir-caetano-de-souza-santos/","defaultimg":"https://cdn.sofifa.net/players/notfound_0_60.png","name":"Samir","teamlogo":"./data/watford/flags-br@3x.png"},{"left":"48.1%","top":"69.2%","img":"./data/watford/players-190-324-22_180.png","href":"/player/190324/christian-kabasele/","defaultimg":"https://cdn.sofifa.net/players/notfound_0_60.png","name":"Kabasele","teamlogo":"./data/watford/flags-be@3x.png"},{"left":"73.4%","top":"65%","img":"./data/watford/players-189-860-22_180.png","href":"/player/189860/francisco-femenia-far/","defaultimg":"https://cdn.sofifa.net/players/notfound_0_60.png","name":"Kiko Femenía","teamlogo":"./data/watford/flags-es@3x.png"},{"left":"36%","top":"83.25%","img":"./data/watford/players-163-155-22_180.png","href":"/player/163155/ben-foster/","defaultimg":"https://cdn.sofifa.net/players/notfound_0_60.png","name":"Foster","teamlogo":"./data/watford/flags-gb-eng@3x.png"}],"teamname":"watford"}