{"notionLogo":"./data/stuttgart/teams-36-180.png","notionName":"斯图加特","players":[{"left":"-1.4%","top":"2.5%","img":"./data/stuttgart/players-256-675-22_180.png","href":"/player/256675/omar-marmoush/","defaultimg":"https://cdn.sofifa.net/players/notfound_0_60.png","name":"Marmoush","teamlogo":"./data/stuttgart/flags-eg@3x.png"},{"left":"35.956%","top":"-2.5%","img":"./data/stuttgart/players-239-901-22_180.png","href":"/player/239901/sasa-kalajdzic/","defaultimg":"https://cdn.sofifa.net/players/notfound_0_60.png","name":"Kalajdžić","teamlogo":"./data/stuttgart/flags-at@3x.png"},{"left":"73.4%","top":"2.5%","img":"./data/stuttgart/players-257-073-22_180.png","href":"/player/257073/tiago-b-de-melo-tomas/","defaultimg":"https://cdn.sofifa.net/players/notfound_0_60.png","name":"Tiago Tomás","teamlogo":"./data/stuttgart/flags-pt@3x.png"},{"left":"23.68%","top":"30%","img":"./data/stuttgart/players-241-925-22_180.png","href":"/player/241925/chris-fuhrich/","defaultimg":"https://cdn.sofifa.net/players/notfound_0_60.png","name":"Führich","teamlogo":"./data/stuttgart/flags-de@3x.png"},{"left":"49.6576%","top":"37.5%","img":"./data/stuttgart/players-232-487-22_180.png","href":"/player/232487/wataru-endo/","defaultimg":"https://cdn.sofifa.net/players/notfound_0_60.png","name":"Endo","teamlogo":"./data/stuttgart/flags-jp@3x.png"},{"left":"36%","top":"51.25%","img":"./data/stuttgart/players-239-096-22_180.png","href":"/player/239096/atakan-karazor/","defaultimg":"https://cdn.sofifa.net/players/notfound_0_60.png","name":"Karazor","teamlogo":"./data/stuttgart/flags-de@3x.png"},{"left":"-2.4648%","top":"62.5%","img":"./data/stuttgart/players-243-388-22_180.png","href":"/player/243388/borna-sosa/","defaultimg":"https://cdn.sofifa.net/players/notfound_0_60.png","name":"Sosa","teamlogo":"./data/stuttgart/flags-hr@3x.png"},{"left":"17.3%","top":"69.79%","img":"./data/stuttgart/players-234-205-22_180.png","href":"/player/234205/hiroki-ito/","defaultimg":"https://cdn.sofifa.net/players/notfound_0_60.png","name":"Ito","teamlogo":"./data/stuttgart/flags-jp@3x.png"},{"left":"53.6352%","top":"69.57%","img":"./data/stuttgart/players-229-476-22_180.png","href":"/player/229476/waldemar-anton/","defaultimg":"https://cdn.sofifa.net/players/notfound_0_60.png","name":"Anton","teamlogo":"./data/stuttgart/flags-de@3x.png"},{"left":"73.136%","top":"67.5%","img":"./data/stuttgart/players-242-000-22_180.png","href":"/player/242000/konstantinos-mavropanos/","defaultimg":"https://cdn.sofifa.net/players/notfound_0_60.png","name":"Mavropanos","teamlogo":"./data/stuttgart/flags-gr@3x.png"},{"left":"36%","top":"83.25%","img":"./data/stuttgart/players-234-833-22_180.png","href":"/player/234833/florian-muller/","defaultimg":"https://cdn.sofifa.net/players/notfound_0_60.png","name":"Müller","teamlogo":"./data/stuttgart/flags-de@3x.png"}],"teamname":"stuttgart"}