{"notionLogo":"./data/napoli/teams-48-180.png","notionName":"那不勒斯","players":[{"left":"-1.4%","top":"2.5%","img":"./data/napoli/players-221-992-22_180.png","href":"/player/221992/hirving-lozano/","defaultimg":"https://cdn.sofifa.net/players/notfound_0_60.png","name":"Lozano","teamlogo":"./data/napoli/flags-mx@3x.png"},{"left":"35.956%","top":"-2.5%","img":"./data/napoli/players-232-293-22_180.png","href":"/player/232293/victor-osimhen/","defaultimg":"https://cdn.sofifa.net/players/notfound_0_60.png","name":"Osimhen","teamlogo":"./data/napoli/flags-ng@3x.png"},{"left":"73.4%","top":"2.5%","img":"./data/napoli/players-216-409-22_180.png","href":"/player/216409/matteo-politano/","defaultimg":"https://cdn.sofifa.net/players/notfound_0_60.png","name":"Politano","teamlogo":"./data/napoli/flags-it@3x.png"},{"left":"36%","top":"18.75%","img":"./data/napoli/players-210-406-22_180.png","href":"/player/210406/piotr-zielinski/","defaultimg":"https://cdn.sofifa.net/players/notfound_0_60.png","name":"Zieliński","teamlogo":"./data/napoli/flags-pl@3x.png"},{"left":"21.92%","top":"30%","img":"./data/napoli/players-226-271-22_180.png","href":"/player/226271/fabian-ruiz-pena/","defaultimg":"https://cdn.sofifa.net/players/notfound_0_60.png","name":"Fabián","teamlogo":"./data/napoli/flags-es@3x.png"},{"left":"50.08%","top":"37.5%","img":"./data/napoli/players-227-236-22_180.png","href":"/player/227236/andre-franck-zambo-anguissa/","defaultimg":"https://cdn.sofifa.net/players/notfound_0_60.png","name":"Zambo Anguissa","teamlogo":"./data/napoli/flags-cm@3x.png"},{"left":"-1.4%","top":"65%","img":"./data/napoli/players-204-614-22_180.png","href":"/player/204614/mario-rui-silva-duarte/","defaultimg":"https://cdn.sofifa.net/players/notfound_0_60.png","name":"Mário Rui","teamlogo":"./data/napoli/flags-pt@3x.png"},{"left":"20.6%","top":"70%","img":"./data/napoli/players-201-024-22_180.png","href":"/player/201024/kalidou-koulibaly/","defaultimg":"https://cdn.sofifa.net/players/notfound_0_60.png","name":"Koulibaly","teamlogo":"./data/napoli/flags-sn@3x.png"},{"left":"51.4%","top":"70%","img":"./data/napoli/players-244-263-22_180.png","href":"/player/244263/amir-rrahmani/","defaultimg":"https://cdn.sofifa.net/players/notfound_0_60.png","name":"Rrahmani","teamlogo":"./data/napoli/flags-xk@3x.png"},{"left":"73.4%","top":"65%","img":"./data/napoli/players-268-656-22_180.png","href":"/player/268656/alessandro-zanoli/","defaultimg":"https://cdn.sofifa.net/players/notfound_0_60.png","name":"Zanoli","teamlogo":"./data/napoli/flags-it@3x.png"},{"left":"36%","top":"83.25%","img":"./data/napoli/players-176-550-22_180.png","href":"/player/176550/david-ospina/","defaultimg":"https://cdn.sofifa.net/players/notfound_0_60.png","name":"Ospina","teamlogo":"./data/napoli/flags-co@3x.png"}],"teamname":"napoli"}