{"notionLogo":"./data/wales/teams-1367-180.png","notionName":"威尔士","players":[{"left":"35.956%","top":"-2.5%","img":"./data/wales/players-216-627-22_180.png","href":"/player/216627/kieffer-moore/","defaultimg":"https://cdn.sofifa.net/players/notfound_0_60.png","name":"Moore","teamlogo":"./data/wales/teams-1943-180.png","pac":77,"sho":70,"pas":56,"dri":67,"def":47,"phy":82,"rating":"73","pos":"ST"},{"left":"36%","top":"18.75%","img":"./data/wales/players-186-561-22_180.png","href":"/player/186561/aaron-ramsey/","defaultimg":"https://cdn.sofifa.net/players/notfound_0_60.png","name":"Ramsey","teamlogo":"./data/wales/teams-45-180.png","pac":59,"sho":71,"pas":77,"dri":78,"def":65,"phy":62,"rating":"77","pos":"CM"},{"left":"-1.4%","top":"26.25%","img":"./data/wales/players-232-104-22_180.png","href":"/player/232104/daniel-james/","defaultimg":"https://cdn.sofifa.net/players/notfound_0_60.png","name":"James","teamlogo":"./data/wales/teams-8-180.png","pac":95,"sho":70,"pas":69,"dri":76,"def":47,"phy":66,"rating":"77","pos":"LM"},{"left":"73.4%","top":"26.25%","img":"./data/wales/players-173-731-22_180.png","href":"/player/173731/gareth-bale/","defaultimg":"https://cdn.sofifa.net/players/notfound_0_60.png","name":"Bale","teamlogo":"./data/wales/teams-112996-180.png","pac":79,"sho":84,"pas":81,"dri":79,"def":55,"phy":69,"rating":"81","pos":"RW"},{"left":"22.8%","top":"51.25%","img":"./data/wales/players-220-677-22_180.png","href":"/player/220677/joe-morrell/","defaultimg":"https://cdn.sofifa.net/players/notfound_0_60.png","name":"Morrell","teamlogo":"./data/wales/teams-1790-180.png","pac":69,"sho":54,"pas":66,"dri":71,"def":55,"phy":53,"rating":"67","pos":"CM"},{"left":"49.2%","top":"51.25%","img":"./data/wales/players-184-716-22_180.png","href":"/player/184716/joe-allen/","defaultimg":"https://cdn.sofifa.net/players/notfound_0_60.png","name":"Allen","teamlogo":"./data/wales/teams-1960-180.png","pac":66,"sho":61,"pas":68,"dri":72,"def":69,"phy":66,"rating":"71","pos":"CDM"},{"left":"-1.4%","top":"65%","img":"./data/wales/players-205-923-22_180.png","href":"/player/205923/ben-davies/","defaultimg":"https://cdn.sofifa.net/players/notfound_0_60.png","name":"Davies","teamlogo":"./data/wales/teams-18-180.png","pac":69,"sho":58,"pas":73,"dri":73,"def":78,"phy":73,"rating":"77","pos":"CB"},{"left":"20.6%","top":"70%","img":"./data/wales/players-233-201-22_180.png","href":"/player/233201/chris-mepham/","defaultimg":"https://cdn.sofifa.net/players/notfound_0_60.png","name":"Mepham","teamlogo":"./data/wales/teams-1943-180.png","pac":60,"sho":37,"pas":55,"dri":61,"def":73,"phy":73,"rating":"72","pos":"CB"},{"left":"51.4%","top":"70%","img":"./data/wales/players-229-266-22_180.png","href":"/player/229266/joe-rodon/","defaultimg":"https://cdn.sofifa.net/players/notfound_0_60.png","name":"Rodon","teamlogo":"./data/wales/teams-18-180.png","pac":58,"sho":29,"pas":49,"dri":57,"def":74,"phy":72,"rating":"72","pos":"CB"},{"left":"73.4%","top":"65%","img":"./data/wales/players-173-752-22_180.png","href":"/player/173752/chris-gunter/","defaultimg":"https://cdn.sofifa.net/players/notfound_0_60.png","name":"Gunter","teamlogo":"./data/wales/teams-112259-180.png","pac":66,"sho":46,"pas":55,"dri":59,"def":62,"phy":68,"rating":"64","pos":"RWB"},{"left":"36%","top":"83.25%","img":"./data/wales/players-207-998-22_180.png","href":"/player/207998/danny-ward/","defaultimg":"https://cdn.sofifa.net/players/notfound_0_60.png","name":"Ward","teamlogo":"./data/wales/teams-95-180.png","pac":75,"sho":72,"pas":66,"dri":75,"def":45,"phy":73,"rating":"74","pos":"GK"}],"teamname":"wales"}