{"notionLogo":"./data/inter/teams-44-180.png","notionName":"国际米兰","players":[{"left":"25.44%","top":"0%","img":"./data/inter/players-231-478-22_180.png","href":"/player/231478/lautaro-martinez/","defaultimg":"https://cdn.sofifa.net/players/notfound_0_60.png","name":"Martínez","teamlogo":"./data/inter/flags-ar@3x.png"},{"left":"45.68%","top":"-5%","img":"./data/inter/players-180-930-22_180.png","href":"/player/180930/edin-dzeko/","defaultimg":"https://cdn.sofifa.net/players/notfound_0_60.png","name":"Džeko","teamlogo":"./data/inter/flags-ba@3x.png"},{"left":"-3.6%","top":"20%","img":"./data/inter/players-181-458-22_180.png","href":"/player/181458/ivan-perisic/","defaultimg":"https://cdn.sofifa.net/players/notfound_0_60.png","name":"Perišić","teamlogo":"./data/inter/flags-hr@3x.png"},{"left":"21.92%","top":"30%","img":"./data/inter/players-208-128-22_180.png","href":"/player/208128/hakan-calhanoglu/","defaultimg":"https://cdn.sofifa.net/players/notfound_0_60.png","name":"Çalhanoğlu","teamlogo":"./data/inter/flags-tr@3x.png"},{"left":"50.08%","top":"30%","img":"./data/inter/players-224-232-22_180.png","href":"/player/224232/nicolo-barella/","defaultimg":"https://cdn.sofifa.net/players/notfound_0_60.png","name":"Barella","teamlogo":"./data/inter/flags-it@3x.png"},{"left":"75.6%","top":"32.5%","img":"./data/inter/players-233-096-22_180.png","href":"/player/233096/denzel-dumfries/","defaultimg":"https://cdn.sofifa.net/players/notfound_0_60.png","name":"Dumfries","teamlogo":"./data/inter/flags-nl@3x.png"},{"left":"34.8912%","top":"47.5%","img":"./data/inter/players-216-352-22_180.png","href":"/player/216352/marcelo-brozovic/","defaultimg":"https://cdn.sofifa.net/players/notfound_0_60.png","name":"Brozović","teamlogo":"./data/inter/flags-hr@3x.png"},{"left":"17.3%","top":"67.5%","img":"./data/inter/players-237-383-22_180.png","href":"/player/237383/alessandro-bastoni/","defaultimg":"https://cdn.sofifa.net/players/notfound_0_60.png","name":"Bastoni","teamlogo":"./data/inter/flags-it@3x.png"},{"left":"36%","top":"70%","img":"./data/inter/players-198-176-22_180.png","href":"/player/198176/stefan-de-vrij/","defaultimg":"https://cdn.sofifa.net/players/notfound_0_60.png","name":"de Vrij","teamlogo":"./data/inter/flags-nl@3x.png"},{"left":"54.7%","top":"67.5%","img":"./data/inter/players-232-363-22_180.png","href":"/player/232363/milan-skriniar/","defaultimg":"https://cdn.sofifa.net/players/notfound_0_60.png","name":"Škriniar","teamlogo":"./data/inter/flags-sk@3x.png"},{"left":"36%","top":"83.25%","img":"./data/inter/players-162-835-22_180.png","href":"/player/162835/samir-handanovic/","defaultimg":"https://cdn.sofifa.net/players/notfound_0_60.png","name":"Handanovič","teamlogo":"./data/inter/flags-si@3x.png"}],"teamname":"inter"}