{"notionLogo":"./data/shenzhen/teams-111773-180.png","notionName":"深圳FC","players":[{"left":"0.8%","top":"0%","img":"./data/shenzhen/players-240-805-22_180.png","href":"/player/240805/wai-tsun-dai/","defaultimg":"https://cdn.sofifa.net/players/notfound_0_60.png","name":"Dai Wai-Tsun","teamlogo":"./data/shenzhen/flags-cn@3x.png"},{"left":"36%","top":"-2.5%","img":"./data/shenzhen/players-158-309-22_180.png","href":"/player/158309/lin-gao/","defaultimg":"https://cdn.sofifa.net/players/notfound_0_60.png","name":"Gao Lin","teamlogo":"./data/shenzhen/flags-cn@3x.png"},{"left":"71.2%","top":"0%","img":"./data/shenzhen/players-222-248-22_180.png","href":"/player/222248/ke-sun/","defaultimg":"https://cdn.sofifa.net/players/notfound_0_60.png","name":"Sun Ke","teamlogo":"./data/shenzhen/flags-cn@3x.png"},{"left":"-3.6%","top":"21.83%","img":"./data/shenzhen/players-222-273-22_180.png","href":"/player/222273/zhipeng-jiang/","defaultimg":"https://cdn.sofifa.net/players/notfound_0_60.png","name":"Jiang Zhipeng","teamlogo":"./data/shenzhen/flags-cn@3x.png"},{"left":"20.16%","top":"33.75%","img":"./data/shenzhen/players-223-298-22_180.png","href":"/player/223298/yuanyi-li/","defaultimg":"https://cdn.sofifa.net/players/notfound_0_60.png","name":"Li Yuanyi","teamlogo":"./data/shenzhen/flags-cn@3x.png"},{"left":"51.84%","top":"33.75%","img":"./data/shenzhen/players-241-341-22_180.png","href":"/player/241341/yuan-zhang/","defaultimg":"https://cdn.sofifa.net/players/notfound_0_60.png","name":"Zhang Yuan","teamlogo":"./data/shenzhen/flags-cn@3x.png"},{"left":"75.6%","top":"21.83%","img":"./data/shenzhen/players-251-586-22_180.png","href":"/player/251586/yeljan-shinar/","defaultimg":"https://cdn.sofifa.net/players/notfound_0_60.png","name":"Yeljan Shinar","teamlogo":"./data/shenzhen/flags-cn@3x.png"},{"left":"17.3%","top":"72.5%","img":"./data/shenzhen/players-222-277-22_180.png","href":"/player/222277/yuan-zhang/","defaultimg":"https://cdn.sofifa.net/players/notfound_0_60.png","name":"Zhang Yuan","teamlogo":"./data/shenzhen/flags-cn@3x.png"},{"left":"36%","top":"62.5%","img":"./data/shenzhen/players-212-439-22_180.png","href":"/player/212439/chai-min-lim/","defaultimg":"https://cdn.sofifa.net/players/notfound_0_60.png","name":"Lim Chai Min","teamlogo":"./data/shenzhen/flags-kr@3x.png"},{"left":"54.7%","top":"72.5%","img":"./data/shenzhen/players-221-974-22_180.png","href":"/player/221974/shuai-pei/","defaultimg":"https://cdn.sofifa.net/players/notfound_0_60.png","name":"Pei Shuai","teamlogo":"./data/shenzhen/flags-cn@3x.png"},{"left":"36%","top":"83.5%","img":"./data/shenzhen/players-224-475-22_180.png","href":"/player/224475/chunyu-dong/","defaultimg":"https://cdn.sofifa.net/players/notfound_0_60.png","name":"Dong Chunyu","teamlogo":"./data/shenzhen/flags-cn@3x.png"}],"teamname":"shenzhen"}