{"notionLogo":"./data/manchester united/teams-11-180.png","notionName":"曼彻斯特联","players":[{"left":"-1.4%","top":"2.5%","img":"./data/manchester united/players-233-049-22_180.png","href":"/player/233049/jadon-sancho/","defaultimg":"https://cdn.sofifa.net/players/notfound_0_60.png","name":"Sancho","teamlogo":"./data/manchester united/flags-gb-eng@3x.png"},{"left":"35.956%","top":"-2.5%","img":"./data/manchester united/players-020-801-22_180.png","href":"/player/20801/c-ronaldo-dos-santos-aveiro/","defaultimg":"https://cdn.sofifa.net/players/notfound_0_60.png","name":"Cristiano Ronaldo","teamlogo":"./data/manchester united/flags-pt@3x.png"},{"left":"73.4%","top":"2.5%","img":"./data/manchester united/players-257-470-22_180.png","href":"/player/257470/anthony-elanga/","defaultimg":"https://cdn.sofifa.net/players/notfound_0_60.png","name":"Elanga","teamlogo":"./data/manchester united/flags-se@3x.png"},{"left":"22.8%","top":"33.75%","img":"./data/manchester united/players-212-198-22_180.png","href":"/player/212198/bruno-miguel-borges-fernandes/","defaultimg":"https://cdn.sofifa.net/players/notfound_0_60.png","name":"Bruno Fernandes","teamlogo":"./data/manchester united/flags-pt@3x.png"},{"left":"49.2%","top":"33.75%","img":"./data/manchester united/players-209-297-22_180.png","href":"/player/209297/frederico-de-paula-santos/","defaultimg":"https://cdn.sofifa.net/players/notfound_0_60.png","name":"Fred","teamlogo":"./data/manchester united/flags-br@3x.png"},{"left":"36%","top":"51.25%","img":"./data/manchester united/players-237-238-22_180.png","href":"/player/237238/scott-mctominay/","defaultimg":"https://cdn.sofifa.net/players/notfound_0_60.png","name":"McTominay","teamlogo":"./data/manchester united/flags-gb-sct@3x.png"},{"left":"-1.4%","top":"65%","img":"./data/manchester united/players-212-462-22_180.png","href":"/player/212462/alex-nicolao-telles/","defaultimg":"https://cdn.sofifa.net/players/notfound_0_60.png","name":"Alex Telles","teamlogo":"./data/manchester united/flags-br@3x.png"},{"left":"20.6%","top":"70%","img":"./data/manchester united/players-201-535-22_180.png","href":"/player/201535/raphael-varane/","defaultimg":"https://cdn.sofifa.net/players/notfound_0_60.png","name":"Varane","teamlogo":"./data/manchester united/flags-fr@3x.png"},{"left":"48.1%","top":"69.79%","img":"./data/manchester united/players-221-660-22_180.png","href":"/player/221660/victor-lindelof/","defaultimg":"https://cdn.sofifa.net/players/notfound_0_60.png","name":"Lindelöf","teamlogo":"./data/manchester united/flags-se@3x.png"},{"left":"73.4%","top":"65%","img":"./data/manchester united/players-234-574-22_180.png","href":"/player/234574/jose-diogo-dalot-teixeira/","defaultimg":"https://cdn.sofifa.net/players/notfound_0_60.png","name":"Diogo Dalot","teamlogo":"./data/manchester united/flags-pt@3x.png"},{"left":"36%","top":"83.25%","img":"./data/manchester united/players-193-080-22_180.png","href":"/player/193080/david-de-gea-quintana/","defaultimg":"https://cdn.sofifa.net/players/notfound_0_60.png","name":"De Gea","teamlogo":"./data/manchester united/flags-es@3x.png"}],"teamname":"manchester united"}